series_id,event_number,n01,n02,n03,n04,n05,n06,n07,n08,n09,n10,n11,n12,n13,n14
799,1,1,2,4,5,7,8,14,15,16,17,18,19,20,21
800,1,1,4,7,8,10,12,13,15,18,19,20,21,23,24
801,1,1,4,6,9,10,11,13,14,15,16,18,19,21,23
802,1,1,3,5,8,9,10,12,13,15,16,18,20,23,24
803,1,3,4,5,7,8,9,10,11,12,13,15,18,19,25
804,1,1,2,3,6,9,11,12,13,14,17,18,19,24,25
805,1,1,4,5,6,7,8,11,14,15,17,18,19,20,24
806,1,1,3,6,9,10,13,15,18,19,21,22,23,24,25
807,1,1,2,5,6,8,10,15,18,19,20,21,22,24,25
808,1,2,3,5,6,7,10,11,12,13,17,18,19,20,24
809,1,4,5,7,9,11,13,14,15,16,17,18,19,22,23
810,1,1,5,7,10,11,14,16,18,19,20,21,23,24,25
811,1,3,4,5,6,7,8,10,14,17,18,19,20,23,25
812,1,1,2,5,7,8,10,11,14,15,19,22,23,24,25
813,1,1,2,4,7,8,12,13,14,16,19,20,23,24,25
814,1,3,7,8,9,10,13,16,17,19,20,22,23,24,25
815,1,1,5,7,10,11,12,13,14,18,20,21,22,23,24
816,1,2,3,5,6,7,8,9,15,16,17,18,19,22,25
817,1,1,2,3,4,5,6,9,11,12,13,15,20,23,24
818,1,2,5,9,10,12,13,14,15,16,19,20,21,22,23
819,1,4,6,7,8,9,10,11,12,13,14,16,18,21,22
820,1,1,4,9,10,12,13,14,15,16,20,21,22,24,25
821,1,1,2,3,4,6,7,8,10,11,15,20,21,22,25
822,1,2,5,7,8,11,15,16,17,19,21,22,23,24,25
823,1,1,3,5,6,7,9,10,11,12,13,14,18,20,22
824,1,1,2,6,7,8,12,13,14,16,19,21,22,24,25
825,1,3,4,5,6,7,8,9,12,14,20,21,22,23,25
826,1,1,2,3,4,5,6,9,10,13,16,19,20,21,23
827,1,3,5,6,9,10,12,15,16,17,18,19,21,23,24
828,1,2,3,7,9,10,12,13,14,15,17,19,21,22,25
829,1,3,4,5,6,8,10,11,12,14,18,19,20,21,24
830,1,1,3,4,5,6,9,10,12,15,16,20,23,24,25
831,1,2,4,5,8,9,10,12,13,15,18,19,21,22,23
832,1,3,4,5,8,11,12,14,15,16,19,20,22,23,25
833,1,1,3,5,6,9,10,13,14,15,18,19,20,22,23
834,1,3,4,6,7,8,9,10,11,15,17,19,21,22,23
835,1,4,5,9,10,11,12,15,16,17,19,20,23,24,25
836,1,2,3,4,5,9,10,14,15,17,19,21,23,24,25
837,1,1,2,3,4,5,7,8,9,10,15,18,20,22,25
838,1,1,5,8,9,10,11,12,13,15,18,20,21,24,25
839,1,1,6,8,9,12,13,14,15,16,17,19,22,23,25
840,1,1,2,3,4,5,10,12,14,18,20,21,22,24,25
841,1,1,5,6,8,11,13,14,16,17,18,21,22,23,25
842,1,3,6,7,8,9,10,11,12,16,18,19,22,23,25
843,1,2,3,4,6,7,9,11,12,14,15,18,19,20,22
844,1,2,3,4,5,7,8,12,13,14,15,16,18,21,24
845,1,1,3,4,5,7,8,10,13,14,15,20,21,22,24
846,1,6,7,10,11,12,13,15,16,17,18,19,20,22,23
847,1,1,2,3,4,5,7,8,10,12,13,14,19,22,23
848,1,1,2,3,4,5,8,14,15,16,17,18,19,21,22
849,1,2,3,4,5,7,8,9,11,12,13,16,17,23,24
850,1,1,2,3,4,7,8,10,11,14,16,17,20,21,23
851,1,2,3,6,7,8,9,10,11,16,18,22,23,24,25
852,1,2,4,5,6,7,8,13,14,15,16,17,19,21,22
853,1,1,3,4,5,6,7,8,9,10,11,12,13,15,19
854,1,4,5,6,8,11,12,14,17,18,19,21,22,24,25
855,1,2,3,4,5,7,8,11,12,15,16,17,18,23,25
856,1,1,2,5,6,8,9,14,15,16,17,18,21,24,25
857,1,2,3,5,7,10,12,15,16,17,19,20,21,22,25
858,1,1,2,5,7,9,10,11,13,17,18,20,21,22,24
859,1,2,3,5,6,7,8,11,12,14,16,19,20,22,23
860,1,1,2,5,6,7,9,10,14,18,20,21,23,24,25
861,1,1,4,5,9,10,12,13,14,15,18,20,21,22,25
862,1,2,3,4,8,10,11,12,18,19,20,21,22,24,25
863,1,2,3,4,6,7,10,11,15,16,17,20,21,23,25
863,2,3,4,8,9,10,11,13,14,16,18,19,22,23,24
864,1,2,8,10,13,14,15,16,17,18,19,21,22,24,25
864,2,2,3,4,6,9,12,15,18,19,20,21,23,24,25
865,1,1,2,3,6,11,12,13,15,16,17,18,19,22,23
865,2,1,3,4,5,6,7,8,9,10,13,20,21,22,25
866,1,1,4,5,7,12,13,14,15,16,17,18,22,23,25
866,2,1,3,5,8,9,12,13,15,16,19,20,21,23,24
867,1,1,2,3,5,7,8,10,15,18,19,21,22,23,24
867,2,1,4,5,7,8,9,10,11,14,15,16,18,20,21
868,1,1,3,4,6,7,9,10,12,13,20,21,22,23,24
868,2,2,9,10,12,13,14,15,16,18,20,21,22,23,25
869,1,2,3,5,6,8,9,10,11,12,13,17,18,19,21
869,2,2,5,6,7,8,9,10,11,13,14,15,21,23,25
870,1,5,6,7,8,9,11,12,13,14,15,17,19,21,24
870,2,1,3,5,6,7,8,13,16,18,20,21,22,23,25
871,1,1,6,7,9,10,11,12,13,16,19,20,22,23,24
871,2,1,2,3,4,5,9,12,13,16,20,21,22,23,25
872,1,2,3,6,7,10,11,12,13,15,16,20,21,22,24
872,2,1,2,5,6,7,8,10,11,13,14,16,18,19,24
873,1,2,3,4,5,6,7,9,13,19,20,21,22,24,25
873,2,1,4,10,11,13,14,16,18,20,21,22,23,24,25
874,1,3,4,5,6,7,11,14,15,16,18,19,20,24,25
874,2,3,4,5,7,8,9,10,13,16,17,19,21,24,25
875,1,1,2,3,5,7,9,10,15,17,18,19,21,24,25
875,2,1,2,7,10,11,12,14,17,18,19,21,23,24,25
876,1,2,4,5,7,9,12,13,14,15,18,19,21,24,25
876,2,2,3,4,6,9,12,13,16,17,18,19,20,23,24
877,1,1,3,4,5,6,8,11,15,16,17,18,21,24,25
877,2,1,3,6,7,11,12,13,14,16,18,19,20,23,24
878,1,3,4,5,8,11,12,13,15,18,19,21,22,24,25
878,2,2,3,4,5,6,8,10,11,13,18,19,20,21,24
879,1,1,2,3,4,6,9,10,11,13,19,21,22,23,25
879,2,4,5,6,8,12,13,14,15,17,18,19,20,23,25
880,1,1,3,4,5,6,9,10,12,13,14,18,20,22,25
880,2,2,5,6,7,9,10,12,13,14,17,18,20,23,24
881,1,1,3,5,6,9,10,12,16,17,18,19,20,21,24
881,2,4,5,10,11,12,14,15,16,19,21,22,23,24,25
882,1,1,2,4,5,7,9,12,13,14,16,19,22,23,25
882,2,1,5,7,8,9,12,15,17,18,19,20,21,22,23
883,1,1,2,3,6,8,11,13,14,16,17,18,21,22,24
883,2,2,4,6,8,9,13,14,15,18,19,20,22,23,25
884,1,2,3,6,7,8,12,13,14,15,19,21,23,24,25
884,2,2,3,5,6,7,8,11,12,13,14,15,20,24,25
885,1,2,7,8,10,11,12,14,15,18,19,20,21,24,25
885,2,1,2,3,4,5,6,8,10,12,13,14,17,19,22
886,1,1,3,4,5,8,12,13,14,15,16,19,22,24,25
886,2,1,3,5,6,7,9,12,13,14,16,21,22,23,24
887,1,1,2,4,7,9,10,11,12,13,14,16,18,20,23
887,2,3,4,6,7,12,13,16,17,18,20,22,23,24,25
888,1,6,7,8,9,10,11,14,15,16,17,19,21,22,23
888,2,1,3,6,8,9,10,12,14,15,17,18,19,21,22
889,1,1,2,5,6,7,9,10,13,15,17,18,20,23,25
889,2,3,4,5,7,8,9,10,11,13,14,15,18,19,25
890,1,1,3,5,6,9,11,12,13,14,16,18,21,23,24
890,2,1,2,3,4,6,7,10,11,13,14,19,21,22,24
891,1,1,2,4,6,7,10,11,12,13,15,17,20,21,23
891,2,2,3,5,9,11,13,14,16,17,18,19,21,22,24
892,1,2,8,9,10,11,12,13,15,18,20,21,22,23,24
892,2,2,3,6,7,9,10,11,12,13,14,16,18,21,23
893,1,1,3,6,7,8,11,12,13,15,17,18,19,21,23
893,2,2,4,5,6,8,9,11,12,13,15,17,18,21,24
894,1,1,2,5,6,8,10,12,13,16,19,20,22,24,25
894,2,1,5,6,9,10,12,13,14,15,20,21,22,23,25
895,1,2,3,4,7,8,11,13,15,17,18,19,20,24,25
895,2,1,2,7,8,10,11,14,15,17,18,21,22,24,25
896,1,1,6,7,8,10,11,12,13,14,17,19,21,24,25
896,2,1,2,3,5,7,8,11,13,14,15,19,20,21,23
897,1,3,4,5,8,9,12,14,15,17,19,20,22,23,24
897,2,1,2,5,8,10,11,12,13,14,16,17,19,21,23
898,1,2,3,5,6,7,8,10,12,13,14,16,22,23,24
898,2,1,2,3,4,6,9,13,15,18,19,21,22,23,24
899,1,3,4,6,10,14,15,16,17,18,19,20,22,24,25
899,2,1,2,5,7,11,12,13,15,17,19,20,22,23,25
900,1,1,2,4,5,7,8,11,14,16,17,21,23,24,25
900,2,1,4,5,11,15,16,17,18,19,20,21,22,23,24
901,1,3,4,5,9,10,11,12,13,15,16,18,19,24,25
901,2,2,4,6,10,11,12,14,15,16,17,18,19,21,24
902,1,1,4,5,7,9,11,12,13,14,15,17,18,20,21
902,2,3,4,5,6,8,9,11,14,15,17,18,23,24,25
903,1,1,2,3,4,6,8,10,12,16,17,18,19,22,24
903,2,1,2,4,5,6,9,10,13,14,15,17,18,19,24
904,1,1,2,3,5,6,7,12,13,14,15,19,20,23,24
904,2,2,5,8,9,10,13,14,15,17,18,20,21,24,25
905,1,2,5,6,7,8,10,11,13,15,16,18,23,24,25
905,2,2,3,4,6,8,11,13,14,15,16,17,18,19,24
906,1,1,2,7,8,9,10,14,15,17,18,20,22,23,25
906,2,1,3,4,10,11,13,18,19,20,21,22,23,24,25
907,1,1,2,3,4,5,6,7,10,12,13,16,18,20,21
907,2,4,5,9,10,11,12,14,15,16,18,19,23,24,25
908,1,1,3,4,6,7,9,10,12,13,15,17,18,21,24
908,2,2,5,8,9,11,13,15,16,18,19,20,23,24,25
909,1,1,2,3,4,5,10,12,14,15,16,18,21,22,24
909,2,1,2,5,6,10,13,15,16,17,18,21,22,23,24
910,1,1,3,4,5,6,7,10,13,14,16,17,20,22,23
910,2,3,8,10,11,12,13,14,17,18,21,22,23,24,25
911,1,1,4,5,6,9,10,13,19,20,21,22,23,24,25
911,2,1,2,3,7,8,9,12,13,15,17,18,19,20,25
912,1,1,2,6,7,8,11,12,13,15,17,18,19,20,24
912,2,3,7,8,10,11,12,15,17,18,19,20,23,24,25
913,1,5,7,8,9,12,14,15,16,18,19,21,22,24,25
913,2,1,2,3,4,5,7,8,12,14,17,18,19,22,24
914,1,1,3,4,5,7,8,10,12,15,17,18,21,23,25
914,2,3,5,6,7,10,12,15,16,18,19,20,21,22,25
915,1,1,2,3,8,10,13,14,15,16,17,19,20,21,25
915,2,1,3,4,6,9,12,13,15,18,19,20,22,23,24
916,1,1,3,8,9,10,12,13,14,15,16,17,19,24,25
916,2,2,5,6,9,10,12,13,14,15,16,18,19,24,25
917,1,1,2,3,4,10,11,13,14,15,16,17,18,19,23
917,2,2,3,5,6,8,9,11,13,16,17,18,20,21,25
918,1,1,2,3,4,6,7,10,13,15,18,20,21,23,25
918,2,2,3,4,6,7,9,10,12,13,14,15,17,19,24
919,1,1,3,4,5,7,8,10,14,16,17,18,19,23,25
919,2,1,2,5,7,8,9,12,15,16,17,18,19,22,23
920,1,2,5,6,8,11,12,14,15,17,18,19,20,23,25
920,2,1,2,3,4,5,7,9,11,12,14,17,22,23,24
921,1,2,3,5,8,12,13,14,15,16,19,20,21,23,25
921,2,2,3,4,5,6,7,8,10,13,15,16,20,21,25
922,1,1,3,6,7,8,10,14,16,17,21,22,23,24,25
922,2,1,4,6,7,8,10,12,13,15,16,17,19,20,21
923,1,1,2,3,4,5,7,8,9,11,12,17,18,19,25
923,2,1,3,5,6,7,8,10,13,16,18,20,21,23,24
924,1,2,3,4,5,9,10,11,15,17,18,19,20,21,25
924,2,1,2,3,4,6,7,8,10,13,17,18,20,21,24
925,1,1,4,7,8,9,11,12,15,16,17,21,22,23,25
925,2,2,3,4,6,7,9,12,13,15,16,17,20,21,24
926,1,1,3,4,5,6,7,9,12,15,16,21,22,24,25
926,2,3,5,6,7,11,12,13,14,15,16,20,21,22,24
927,1,1,4,5,6,9,11,13,16,17,18,19,20,21,25
927,2,2,3,7,12,13,15,17,19,20,21,22,23,24,25
928,1,4,6,7,8,10,11,12,13,14,15,20,21,23,24
928,2,1,4,5,7,8,9,10,12,13,15,18,20,23,24
929,1,1,2,4,5,8,9,12,13,14,18,20,21,22,23
929,2,1,4,5,6,8,9,10,11,12,19,20,23,24,25
930,1,2,5,7,8,10,12,13,15,16,17,18,20,23,24
930,2,1,3,5,6,7,9,10,12,15,19,20,22,23,25
931,1,5,6,7,9,10,12,13,14,16,19,20,21,22,25
931,2,2,3,4,7,8,10,11,13,17,18,19,21,24,25
932,1,1,4,5,8,11,13,14,15,16,18,21,22,23,24
932,2,1,2,5,7,9,10,11,13,15,16,19,20,23,25
933,1,1,2,3,4,10,11,13,16,17,19,20,21,22,25
933,2,1,2,6,7,8,10,15,16,17,18,20,21,23,25
934,1,1,2,4,5,8,9,10,11,12,16,17,19,20,22
934,2,1,2,4,5,7,9,11,13,14,16,17,20,21,23
935,1,1,4,6,7,10,12,14,17,19,20,21,22,24,25
935,2,1,3,4,5,6,9,11,12,14,18,19,20,22,25
936,1,1,2,3,5,10,12,13,14,16,17,19,20,23,25
936,2,1,2,3,6,7,9,12,13,14,15,16,18,21,22
937,1,5,7,9,10,12,14,16,18,19,20,22,23,24,25
937,2,2,6,7,9,12,14,15,16,17,20,22,23,24,25
938,1,2,3,4,6,7,12,13,14,15,19,20,21,22,25
938,2,1,4,5,7,11,12,13,16,17,18,19,21,23,24
939,1,1,2,3,4,6,9,10,13,15,19,20,21,22,23
939,2,1,2,5,6,7,9,10,11,12,14,20,22,24,25
940,1,2,5,6,7,8,10,11,12,15,17,19,22,23,25
940,2,2,3,4,6,7,8,10,13,17,18,20,23,24,25
941,1,1,2,3,5,6,7,9,13,15,17,18,19,22,23
941,2,1,3,5,11,13,14,15,16,17,19,20,22,23,24
942,1,1,3,9,10,12,13,14,15,16,17,19,21,22,23
942,2,4,6,7,9,11,12,14,15,16,17,18,19,20,25
943,1,1,3,5,7,11,12,13,14,18,19,22,23,24,25
943,2,1,2,3,4,5,6,9,10,12,14,15,16,19,24
944,1,1,2,3,4,5,7,8,12,14,18,19,20,21,23
944,2,1,3,4,8,9,10,12,13,17,18,19,20,23,24
945,1,3,4,5,9,10,11,12,14,15,17,18,20,22,24
945,2,1,4,5,8,9,10,12,14,17,19,21,23,24,25
946,1,2,3,4,7,8,9,12,14,15,16,19,20,21,23
946,2,2,3,4,5,6,8,9,10,12,16,18,19,21,23
947,1,1,4,5,6,8,10,12,13,15,16,18,19,23,24
947,2,3,4,5,10,12,13,16,17,18,19,20,21,22,24
948,1,1,4,5,8,9,11,13,14,15,16,18,23,24,25
948,2,1,3,4,5,6,8,13,14,15,16,17,19,22,24
949,1,1,2,3,5,6,10,12,13,14,15,16,17,19,25
949,2,3,4,6,9,10,12,13,14,16,19,20,23,24,25
950,1,1,2,4,5,7,9,10,12,14,18,19,20,21,23
950,2,2,4,5,6,7,8,12,13,15,16,17,19,20,23
951,1,2,5,7,11,12,14,16,17,18,20,22,23,24,25
951,2,1,3,5,7,9,10,13,14,15,16,17,21,22,25
952,1,2,5,6,7,8,9,10,11,12,13,18,21,22,24
952,2,1,2,6,8,11,12,13,14,15,17,20,22,23,24
953,1,2,3,4,6,8,10,11,12,13,18,21,23,24,25
953,2,4,5,6,8,9,10,13,15,17,18,20,21,22,24
954,1,1,2,7,8,10,12,13,15,18,20,21,22,24,25
954,2,2,5,7,8,9,11,12,13,14,16,19,21,22,24
955,1,1,2,5,6,8,9,10,15,16,19,20,21,24,25
955,2,4,5,6,8,10,11,12,13,14,15,20,21,23,25
956,1,1,2,3,5,6,8,9,12,13,15,17,22,23,25
956,2,1,2,5,6,8,9,11,14,17,18,20,21,23,24
957,1,2,4,6,7,8,10,11,12,13,14,16,21,23,24
957,2,1,3,4,5,9,10,12,14,15,16,20,22,23,24
958,1,2,3,9,10,12,16,17,18,20,21,22,23,24,25
958,2,2,3,4,7,8,9,10,11,13,14,19,20,22,23
959,1,1,3,4,10,11,12,13,14,15,16,17,18,20,22
959,2,1,3,4,6,7,8,9,12,15,17,18,20,21,24
960,1,1,3,4,5,8,13,15,17,18,19,21,22,23,24
960,2,1,3,6,9,11,13,14,15,18,20,21,22,23,24
961,1,1,2,3,5,7,10,13,14,15,17,18,21,23,25
961,2,1,2,3,4,5,6,7,9,11,13,15,17,23,24
962,1,2,3,5,6,7,8,10,13,15,16,19,22,24,25
962,2,1,2,4,5,6,7,8,9,12,14,15,22,23,24
963,1,1,2,4,5,10,11,12,13,15,16,17,21,22,25
963,2,1,2,5,8,9,10,11,12,13,15,20,21,22,24
964,1,2,4,8,9,11,14,15,17,18,19,20,22,24,25
964,2,2,3,4,5,7,10,11,13,15,19,20,23,24,25
965,1,5,7,9,11,12,13,16,17,20,21,22,23,24,25
965,2,1,2,8,9,10,12,13,14,15,16,17,19,22,25
966,1,1,2,4,7,9,10,12,15,16,18,19,23,24,25
966,2,1,4,6,8,12,14,15,16,18,19,20,21,22,23
967,1,1,7,8,10,12,14,16,18,19,20,21,22,23,24
967,2,1,3,5,7,8,12,13,15,16,18,19,20,22,25
968,1,1,2,4,8,9,12,14,15,16,17,18,23,24,25
968,2,3,6,7,8,10,11,13,14,15,18,20,21,22,25
969,1,2,3,4,5,6,9,10,11,15,18,20,21,22,25
969,2,1,3,5,6,7,8,9,14,16,18,19,23,24,25
970,1,1,2,3,5,7,9,10,12,13,15,17,18,19,23
970,2,2,4,5,6,7,10,11,12,13,16,17,20,23,24
971,1,1,2,3,5,7,8,10,12,15,16,17,19,23,25
971,2,1,2,5,7,8,10,12,14,18,19,20,21,22,24
972,1,2,3,7,8,9,10,11,12,15,18,19,22,24,25
972,2,1,4,6,10,11,13,15,16,18,19,20,22,24,25
973,1,4,5,6,10,11,13,14,16,17,18,19,20,21,25
973,2,2,3,5,6,7,8,10,12,16,17,20,23,24,25
974,1,1,2,3,7,8,9,13,14,15,18,21,22,24,25
974,2,1,2,5,7,9,14,15,17,18,19,22,23,24,25
975,1,1,3,4,7,8,9,14,17,19,21,22,23,24,25
975,2,2,3,4,5,6,8,11,16,18,19,20,21,24,25
976,1,1,3,4,7,8,11,12,13,16,17,18,21,22,25
976,2,3,5,6,7,10,11,12,13,14,17,18,22,23,24
977,1,1,2,4,6,10,11,14,15,17,18,19,20,24,25
977,2,2,3,10,11,13,14,15,16,17,18,19,20,22,25
978,1,2,3,4,5,6,8,10,11,15,16,17,20,23,25
978,2,1,5,6,9,10,11,14,16,17,19,21,22,23,25
979,1,2,5,7,9,10,12,13,14,15,16,18,19,24,25
979,2,1,2,3,4,9,11,15,16,17,19,20,21,23,25
980,1,3,4,6,11,13,14,15,16,17,18,20,21,22,23
980,2,2,4,5,7,8,12,13,16,17,18,19,21,23,24
981,1,1,2,5,8,10,13,14,15,16,18,21,22,23,24
981,2,1,2,4,5,7,11,12,15,17,18,22,23,24,25
982,1,1,4,5,6,8,10,12,15,16,17,20,22,23,25
982,2,1,2,5,6,8,9,10,12,13,15,18,19,20,23
983,1,1,2,4,6,8,9,10,11,13,14,15,20,23,24
983,2,1,6,7,8,10,12,13,14,17,20,21,22,24,25
984,1,1,4,5,6,9,10,13,14,19,20,21,22,23,24
984,2,1,2,8,9,11,13,17,18,19,20,22,23,24,25
985,1,3,4,5,7,8,9,10,12,14,15,16,17,22,25
985,2,1,2,3,5,6,8,9,13,14,18,19,20,21,23
986,1,1,5,7,8,9,13,16,18,19,20,22,23,24,25
986,2,5,7,8,10,11,12,15,17,18,19,20,21,22,24
987,1,3,4,6,7,10,11,12,18,19,20,21,22,23,24
987,2,2,3,5,6,8,9,12,13,15,16,19,20,23,25
988,1,1,2,5,6,7,9,10,14,16,17,22,23,24,25
988,2,1,2,3,4,5,7,10,12,15,18,20,21,23,25
989,1,1,2,4,6,9,11,12,15,16,17,18,19,20,25
989,2,1,2,3,4,5,7,9,11,16,18,20,22,23,24
990,1,2,3,4,5,9,10,12,13,14,18,20,22,24,25
990,2,2,4,7,9,12,14,15,16,17,19,20,22,23,25
991,1,3,4,5,7,8,12,13,14,16,20,21,23,24,25
991,2,1,3,4,5,6,8,10,11,13,14,16,18,19,25
992,1,1,2,3,4,6,7,9,11,12,14,15,21,22,24
992,2,4,5,7,9,10,13,14,15,17,18,20,21,22,25
993,1,1,5,6,12,13,14,15,16,18,19,21,23,24,25
993,2,2,3,4,5,7,8,11,13,15,17,18,21,22,25
994,1,1,6,7,8,10,12,13,14,15,18,21,22,24,25
994,2,1,3,7,8,9,10,16,17,19,20,21,22,23,25
995,1,2,4,6,7,8,9,11,15,16,18,19,20,21,25
995,2,2,6,7,8,12,14,15,17,18,19,20,21,24,25
996,1,1,2,3,4,5,6,9,10,12,13,17,20,22,23
996,2,3,6,8,10,11,13,15,17,18,19,20,22,23,24
997,1,2,6,8,9,10,11,12,13,15,17,18,22,23,25
997,2,1,6,8,10,12,13,15,16,17,18,19,20,21,24
998,1,1,3,4,9,10,11,12,14,17,18,19,20,21,25
998,2,2,6,7,10,11,13,14,16,17,18,19,20,22,25
999,1,3,4,6,9,10,11,12,13,14,20,21,23,24,25
999,2,2,3,4,5,6,7,10,13,14,17,18,20,21,24
1000,1,2,3,5,8,10,12,13,14,15,17,18,20,22,24
1000,2,1,3,4,7,9,12,13,15,17,18,21,22,23,25
1001,1,5,6,10,11,12,14,16,18,19,20,21,22,23,25
1001,2,1,2,5,6,8,9,10,13,15,16,18,20,22,24
1002,1,4,6,7,9,10,11,13,15,16,17,22,23,24,25
1002,2,2,3,5,6,7,8,10,12,14,15,16,19,20,25
1003,1,3,4,5,6,7,9,12,13,14,17,18,19,22,25
1003,2,1,3,5,6,8,9,10,11,12,16,18,21,24,25
1004,1,1,4,7,10,12,14,15,17,20,21,22,23,24,25
1004,2,2,3,5,6,10,11,12,13,15,19,20,21,22,24
1005,1,1,2,3,4,5,8,10,13,14,15,16,18,20,23
1005,2,1,2,4,6,7,9,11,14,16,17,18,19,20,21
1006,1,1,3,4,9,11,15,16,17,18,20,21,23,24,25
1006,2,2,4,8,10,11,12,13,14,16,17,18,21,22,25
1007,1,2,3,6,8,9,10,12,14,15,16,18,19,22,23
1007,2,2,4,7,8,9,11,13,14,15,16,19,20,22,25
1008,1,3,4,6,7,8,9,10,11,16,18,19,20,21,25
1008,2,1,2,5,7,8,9,11,13,14,15,16,17,20,22
1009,1,1,2,4,6,7,9,12,14,18,19,21,23,24,25
1009,2,1,2,7,9,11,12,14,15,16,17,18,20,21,25
1010,1,2,4,6,8,10,11,12,14,15,16,19,20,22,25
1010,2,2,4,5,6,7,8,9,12,13,17,18,23,24,25
1011,1,1,4,5,6,10,11,12,13,14,17,18,22,24,25
1011,2,4,6,7,8,9,11,12,13,14,18,20,21,23,25
1012,1,4,6,7,9,10,11,13,14,15,17,18,19,23,24
1012,2,2,3,4,7,8,10,12,15,16,17,19,21,22,25
1013,1,1,3,6,7,9,12,13,14,18,19,20,21,22,24
1013,2,3,4,5,6,7,10,12,13,14,19,20,21,22,24
1014,1,2,3,4,5,6,8,11,12,13,17,19,21,22,23
1014,2,1,3,4,6,8,10,11,12,14,15,17,18,24,25
1015,1,2,5,6,7,8,9,10,11,12,14,16,19,20,22
1015,2,1,2,4,5,7,12,13,15,16,18,22,23,24,25
1016,1,2,6,8,9,11,12,13,14,16,18,19,20,22,25
1016,2,3,6,7,8,10,12,13,16,17,19,21,22,23,25
1017,1,1,4,10,11,12,14,15,16,19,20,21,22,23,25
1017,2,2,3,4,5,6,8,11,12,15,20,22,23,24,25
1018,1,2,3,4,6,7,10,15,16,17,18,21,22,24,25
1018,2,2,3,5,6,7,8,10,12,16,17,19,20,21,25
1019,1,1,2,5,7,8,9,10,16,19,20,21,22,23,25
1019,2,1,4,5,6,7,8,12,14,16,19,20,22,23,24
1020,1,1,2,4,5,8,10,12,14,15,18,19,21,24,25
1020,2,2,3,4,5,9,10,12,14,16,18,19,22,23,24
1021,1,2,3,5,6,8,9,11,13,15,16,17,18,19,21
1021,2,4,5,6,7,9,13,14,15,16,17,18,20,24,25
1022,1,1,3,6,7,8,9,14,15,16,17,19,20,23,24
1022,2,1,2,5,7,10,12,13,14,17,18,20,21,23,24
1023,1,4,5,6,8,11,12,14,15,16,17,18,20,21,24
1023,2,2,3,4,7,8,9,10,11,12,16,17,18,20,22
1024,1,1,2,3,5,7,10,11,12,14,17,20,22,23,25
1024,2,2,3,5,6,10,11,12,13,14,15,16,20,23,24
1025,1,4,5,8,10,12,13,14,16,17,18,19,20,23,24
1025,2,2,4,5,7,8,9,11,13,17,18,19,22,23,25
1026,1,2,3,4,5,7,9,10,13,14,16,17,22,23,25
1026,2,3,4,5,6,8,9,11,12,13,15,18,19,22,24
1027,1,2,3,4,8,11,12,14,16,17,19,20,23,24,25
1027,2,2,4,5,11,12,13,14,17,18,20,22,23,24,25
1028,1,1,3,5,6,7,8,9,11,13,18,19,22,23,24
1028,2,2,4,5,6,8,9,11,12,17,18,20,21,24,25
1029,1,1,2,4,6,8,11,12,13,14,15,17,18,20,25
1029,2,2,4,8,10,11,12,13,15,16,17,18,19,20,25
1030,1,1,3,4,7,8,9,15,16,17,19,20,21,23,25
1030,2,3,6,7,8,9,10,11,12,13,16,17,19,20,21
1031,1,5,6,9,12,13,16,17,18,19,20,22,23,24,25
1031,2,1,2,4,5,6,8,11,12,14,15,19,23,24,25
1032,1,1,5,6,7,9,10,12,13,14,15,16,18,20,25
1032,2,1,4,5,9,10,11,12,14,15,16,19,21,23,25
1033,1,1,2,6,7,8,9,11,12,14,15,17,23,24,25
1033,2,1,3,4,6,8,10,11,12,15,16,17,19,20,24
1034,1,1,2,3,4,5,8,9,10,16,17,19,20,22,24
1034,2,1,5,7,10,12,14,15,18,19,20,21,22,23,25
1035,1,1,3,5,7,8,9,12,13,19,21,22,23,24,25
1035,2,1,4,5,9,11,12,13,14,15,17,19,21,23,25
1036,1,2,4,5,7,9,10,11,13,15,16,18,19,22,24
1036,2,1,2,3,7,8,9,11,12,14,16,19,21,22,23
1037,1,1,3,4,5,7,8,11,16,18,20,22,23,24,25
1037,2,2,3,4,5,10,12,14,15,16,18,20,22,24,25
1038,1,2,5,8,10,11,13,14,15,16,17,20,22,24,25
1038,2,1,5,7,8,10,11,13,15,17,19,21,22,23,25
1039,1,3,6,8,9,10,13,14,15,16,17,18,21,23,25
1039,2,1,2,4,6,7,9,11,12,13,14,21,22,23,25
1040,1,3,5,6,7,9,11,12,18,19,21,22,23,24,25
1040,2,3,8,10,11,12,13,15,16,18,19,22,23,24,25
1041,1,2,4,5,6,7,8,10,11,14,17,18,23,24,25
1041,2,3,4,7,8,10,11,14,16,17,20,21,22,23,25
1042,1,1,4,5,7,8,9,10,11,14,17,20,21,22,23
1042,2,3,4,6,7,9,11,12,15,17,18,19,22,23,24
1043,1,1,2,3,5,6,7,10,12,13,14,17,18,19,22
1043,2,4,5,6,7,8,9,10,11,12,14,18,19,24,25
1044,1,1,2,3,6,10,12,14,16,18,20,21,22,23,24
1044,2,1,2,3,4,6,7,8,9,11,13,15,16,19,21
1045,1,3,5,7,9,10,11,13,18,19,20,21,22,23,24
1045,2,2,4,5,9,10,14,15,16,17,18,20,21,22,25
1046,1,2,3,6,9,10,13,14,15,16,17,18,19,21,23
1046,2,3,4,5,7,8,10,11,14,18,19,20,21,23,25
1047,1,1,3,4,6,8,10,12,13,14,19,20,21,23,25
1047,2,3,4,5,9,10,11,12,13,15,17,18,20,23,24
1048,1,2,7,8,10,11,12,13,14,16,18,19,20,23,25
1048,2,1,3,5,6,9,10,12,14,15,16,17,20,24,25
1049,1,1,2,4,6,7,9,10,12,14,21,22,23,24,25
1049,2,1,2,4,6,9,10,11,12,14,16,17,19,21,22
1050,1,1,3,4,5,8,11,12,15,16,17,18,20,21,22
1050,2,3,4,5,7,11,12,14,15,16,17,18,19,20,25
1051,1,2,3,4,5,10,11,12,14,16,17,18,19,20,23
1051,2,2,6,8,9,10,11,12,15,16,18,19,20,22,24
1052,1,1,2,3,6,8,9,10,11,16,17,18,19,20,23
1052,2,1,2,3,5,8,9,11,12,13,15,17,19,21,23
1053,1,1,2,3,5,7,10,12,15,16,17,20,21,23,25
1053,2,1,4,5,10,11,13,14,15,16,19,21,22,24,25
1054,1,1,4,6,7,8,10,12,15,17,18,19,20,23,25
1054,2,2,4,5,6,7,9,12,13,15,16,17,19,20,21
1055,1,1,3,4,8,9,11,12,13,14,16,17,21,22,25
1055,2,1,2,3,7,10,11,12,13,14,17,19,21,22,25
1056,1,1,4,6,7,8,9,10,12,13,14,19,22,23,24
1056,2,2,6,7,8,11,13,15,16,17,18,21,22,24,25
1057,1,1,2,3,4,5,6,12,13,14,16,20,21,22,25
1057,2,3,4,5,8,10,11,12,13,15,16,17,22,24,25
1058,1,1,2,3,4,7,8,10,11,13,17,18,19,20,22
1058,2,1,2,3,4,5,6,7,8,14,15,16,21,22,24
1059,1,2,4,8,10,12,13,14,16,18,19,21,22,23,25
1059,2,1,2,4,9,10,11,12,15,16,17,19,22,24,25
1060,1,3,7,9,10,11,12,14,15,16,17,18,20,21,23
1060,2,1,2,3,4,5,8,11,12,13,15,19,20,21,23
1061,1,1,2,3,4,5,7,8,9,13,14,16,20,23,25
1061,2,1,2,3,4,6,7,8,9,10,13,15,16,21,23
1062,1,1,3,4,5,6,8,11,13,17,18,19,20,21,25
1062,2,1,2,4,5,6,7,8,11,13,15,17,19,23,24
1063,1,4,5,8,9,10,11,12,14,15,17,18,22,23,24
1063,2,1,2,4,7,9,12,13,14,15,18,19,20,23,24
1064,1,1,4,7,10,11,12,13,16,17,18,19,20,21,22
1064,2,1,2,3,4,9,11,14,16,18,19,20,21,23,25
1065,1,3,4,8,10,11,12,13,18,19,20,21,22,23,25
1065,2,1,7,8,11,12,14,16,17,19,20,21,22,24,25
1066,1,1,3,8,10,12,14,15,16,17,18,19,22,23,24
1066,2,1,3,4,5,7,8,10,11,12,14,15,21,23,25
1067,1,1,4,11,14,15,16,17,18,19,20,21,22,23,25
1067,2,3,5,6,7,8,11,12,14,15,17,22,23,24,25
1068,1,2,4,5,10,12,13,14,15,16,18,19,21,22,24
1068,2,2,6,7,9,13,15,16,17,19,20,21,22,23,24
1069,1,2,3,7,11,12,13,14,16,17,18,19,21,23,25
1069,2,2,3,6,7,9,12,13,16,17,18,20,22,24,25
1070,1,4,5,7,10,12,14,16,17,19,21,22,23,24,25
1070,2,1,2,5,6,8,10,14,16,19,20,21,23,24,25
1071,1,5,6,7,8,9,11,14,15,17,20,21,22,24,25
1071,2,4,6,7,9,13,16,17,18,19,21,22,23,24,25
1072,1,1,2,4,8,10,11,13,14,16,17,21,22,23,25
1072,2,1,3,7,9,11,12,15,16,17,18,21,22,23,25
1073,1,2,4,6,8,10,11,13,15,17,18,19,20,24,25
1073,2,2,3,4,6,9,10,11,13,14,16,17,19,20,21
1074,1,1,3,7,9,11,12,14,15,16,17,18,20,22,25
1074,2,1,4,6,7,9,10,11,12,15,17,21,22,23,25
1075,1,2,7,8,9,10,11,13,14,15,16,18,20,24,25
1075,2,4,5,7,8,10,11,12,13,14,16,17,18,21,25
1076,1,1,2,4,6,9,11,12,14,15,16,21,22,24,25
1076,2,1,3,7,8,11,12,13,14,15,17,18,19,21,24
1077,1,1,3,4,5,6,11,12,14,16,17,18,20,21,25
1077,2,1,4,5,6,7,9,11,13,14,16,17,18,22,23
1078,1,1,3,4,9,10,11,13,14,17,19,21,22,24,25
1078,2,1,2,5,12,14,15,16,17,18,19,20,22,23,25
1079,1,1,2,3,5,7,9,10,11,12,13,14,17,22,25
1079,2,2,3,4,5,6,7,12,13,14,15,20,23,24,25
1080,1,1,3,6,7,11,12,13,14,15,16,18,19,20,22
1080,2,1,5,6,9,14,15,16,17,18,19,20,23,24,25
1081,1,1,2,3,6,7,9,11,14,15,16,17,21,23,25
1081,2,1,3,4,8,9,10,12,13,17,18,19,20,21,24
1082,1,1,3,4,6,7,8,11,14,17,18,19,21,24,25
1082,2,1,3,5,7,8,11,12,13,15,20,21,22,23,25
1083,1,1,3,5,7,10,14,16,17,18,20,22,23,24,25
1083,2,3,5,6,8,9,11,12,13,15,16,17,20,24,25
1084,1,3,4,7,8,9,10,11,12,15,16,17,19,20,25
1084,2,1,2,5,6,10,11,12,13,15,16,17,20,21,23
1085,1,2,5,8,9,12,13,14,15,16,18,20,22,23,25
1085,2,2,3,5,6,7,8,9,15,16,19,20,22,23,24
1086,1,8,9,10,11,12,13,17,19,20,21,22,23,24,25
1086,2,1,3,5,6,7,9,11,12,14,15,19,21,22,25
1087,1,1,4,7,8,9,11,12,13,14,15,17,19,22,25
1087,2,6,7,9,10,12,13,14,16,18,19,20,22,23,25
1088,1,1,2,5,6,7,8,9,10,13,14,17,18,19,20
1088,2,2,3,4,6,8,9,10,11,12,16,17,18,22,24
1089,1,1,4,5,8,9,10,15,16,17,19,20,21,22,24
1089,2,1,2,6,8,9,10,14,16,18,20,21,22,24,25
1090,1,1,6,7,8,11,13,14,15,16,20,21,22,24,25
1090,2,1,2,7,8,9,13,15,16,18,20,21,22,24,25
1091,1,2,3,4,5,9,11,12,13,14,15,17,18,19,20
1091,2,1,3,5,7,10,11,12,13,16,18,19,20,22,25
1092,1,2,3,4,5,7,8,9,11,13,14,17,19,20,25
1092,2,3,4,5,6,7,13,15,16,17,18,20,21,22,25
1093,1,1,2,3,4,5,6,8,9,16,18,21,22,24,25
1093,2,1,3,4,9,10,11,12,13,14,16,19,20,21,25
1094,1,1,4,6,10,12,15,16,17,18,19,20,21,22,23
1094,2,1,2,5,7,8,12,14,15,16,18,21,23,24,25
1095,1,3,6,8,10,11,12,13,17,18,19,20,21,22,23
1095,2,1,2,4,6,7,8,10,12,13,14,17,18,20,24
1096,1,3,5,7,8,9,10,11,13,14,15,16,18,19,25
1096,2,1,3,5,7,8,12,13,15,16,18,20,21,22,25
1097,1,1,2,3,4,5,9,11,14,15,16,17,19,23,25
1097,2,1,2,3,4,5,7,8,9,11,12,15,16,18,22
1098,1,2,3,4,9,11,13,14,16,17,18,19,21,23,25
1098,2,1,2,4,5,6,7,9,14,17,20,21,22,23,24
1099,1,1,2,4,7,9,11,12,13,15,16,20,21,22,23
1099,2,3,4,5,6,7,9,11,12,15,16,19,21,22,24
1100,1,1,6,7,8,10,12,13,14,15,18,19,20,21,24
1100,2,3,5,7,8,9,10,11,12,13,15,18,19,21,25
1101,1,1,4,5,6,9,11,12,14,15,16,17,18,21,25
1101,2,3,4,6,8,10,11,13,14,15,16,21,22,23,24
1102,1,1,4,5,6,7,12,14,15,16,17,18,19,20,22
1102,2,1,3,4,6,7,9,11,14,15,16,19,22,23,25
1103,1,1,3,4,5,6,8,9,12,13,14,18,20,21,24
1103,2,1,2,5,6,7,10,12,13,15,18,19,22,23,24
1104,1,2,3,4,5,6,11,13,15,17,18,20,22,24,25
1104,2,2,3,6,7,9,10,11,12,13,18,19,22,23,25
1105,1,1,5,6,8,9,12,13,14,16,17,19,21,24,25
1105,2,2,3,4,5,7,8,9,10,12,13,14,16,17,19
1106,1,1,2,4,6,7,8,9,10,11,16,19,20,21,24
1106,2,1,2,3,4,5,7,8,12,13,14,15,18,24,25
1107,1,2,4,6,8,10,11,12,14,15,17,18,20,23,24
1107,2,1,2,4,5,6,8,10,13,16,17,18,19,23,24
1108,1,1,2,3,4,5,6,9,10,12,16,19,20,21,24
1108,2,1,7,8,9,11,12,13,15,16,21,22,23,24,25
1109,1,1,3,7,8,10,16,17,18,19,20,21,23,24,25
1109,2,2,4,5,7,8,10,13,14,17,18,21,23,24,25
1110,1,2,3,5,7,10,11,15,17,18,19,21,22,24,25
1110,2,3,7,8,9,11,12,13,14,15,16,20,21,22,25
1111,1,2,4,7,8,11,12,13,15,16,19,20,22,24,25
1111,2,1,3,4,5,6,8,10,11,12,15,16,19,23,25
1112,1,1,2,3,4,6,7,8,9,10,13,14,16,17,23
1112,2,1,3,4,5,9,13,14,15,18,19,21,22,23,24
1113,1,2,6,11,12,13,15,16,17,18,19,20,21,24,25
1113,2,1,2,4,5,11,12,13,16,17,18,22,23,24,25
1114,1,1,2,5,6,9,11,12,14,16,17,18,20,22,23
1114,2,3,4,5,8,9,11,13,16,17,18,19,23,24,25
1115,1,1,2,3,5,9,10,12,13,15,16,17,19,21,23
1115,2,3,5,7,10,12,14,15,16,17,18,20,22,23,25
1116,1,2,4,6,7,9,10,11,12,15,17,18,19,21,25
1116,2,3,7,11,12,13,14,15,16,17,18,20,21,22,23
1117,1,1,3,6,8,9,10,12,13,15,18,19,20,22,25
1117,2,1,2,4,5,7,9,12,13,14,16,18,19,21,23
1118,1,1,5,7,8,13,14,16,18,19,20,22,23,24,25
1118,2,3,6,7,8,13,14,15,16,17,20,21,23,24,25
1119,1,1,2,7,10,12,14,15,16,17,18,19,20,22,25
1119,2,1,2,3,4,6,12,14,16,17,18,22,23,24,25
1120,1,2,3,4,5,7,8,9,10,11,17,18,19,22,24
1120,2,3,4,5,6,7,8,9,12,13,17,19,22,23,24
1121,1,4,5,6,7,8,9,10,11,13,15,18,19,22,25
1121,2,1,2,3,7,9,10,12,13,15,16,18,19,21,24
1122,1,1,2,3,4,5,6,7,8,10,11,18,22,23,24
1122,2,1,2,4,5,9,11,14,15,17,18,19,22,23,25
1123,1,1,2,5,7,8,10,11,14,15,17,18,19,22,25
1123,2,1,2,3,4,7,9,11,15,18,19,20,21,22,24
1124,1,1,2,5,6,8,10,11,12,13,14,20,23,24,25
1124,2,1,3,5,6,8,9,11,14,18,20,21,23,24,25
1125,1,2,3,4,5,7,9,10,11,13,16,17,19,24,25
1125,2,2,3,4,5,7,9,10,12,14,15,16,18,19,25
1126,1,3,4,6,8,9,12,15,16,18,19,20,21,22,23
1126,2,5,6,7,10,12,13,14,15,16,17,18,19,21,22
1127,1,2,3,7,8,9,11,12,15,18,19,20,21,22,25
1127,2,1,2,3,4,5,6,9,11,15,17,20,21,22,25
1128,1,2,3,6,7,8,9,11,17,18,19,20,23,24,25
1128,2,1,2,3,4,5,7,10,11,13,18,21,23,24,25
1129,1,1,3,9,12,13,14,17,18,19,20,22,23,24,25
1129,2,2,4,5,6,7,8,10,11,12,14,18,19,20,22
1130,1,1,3,4,5,6,7,8,9,11,12,14,17,18,25
1130,2,1,2,3,4,6,7,9,12,13,15,16,17,22,23
1131,1,1,6,7,8,10,11,12,15,16,20,21,23,24,25
1131,2,1,2,4,5,6,7,8,9,13,14,16,17,19,21
1132,1,1,5,7,10,12,15,17,18,19,20,21,22,23,24
1132,2,4,6,7,9,12,13,15,17,18,19,20,22,23,25
1133,1,1,4,5,6,7,9,11,13,14,15,16,17,24,25
1133,2,1,3,4,5,8,10,13,14,17,18,19,20,22,23
1134,1,4,5,6,7,8,9,10,13,14,16,19,22,23,24
1134,2,2,3,5,8,11,13,15,17,18,19,20,22,23,24
1135,1,1,7,8,9,11,12,13,15,16,17,19,20,21,25
1135,2,1,3,6,7,8,9,10,12,13,14,15,16,21,24
1136,1,1,4,7,8,9,10,13,14,18,19,20,21,23,24
1136,2,1,2,3,4,6,7,10,11,14,19,20,21,22,23
1137,1,2,3,6,9,10,11,12,15,16,18,20,23,24,25
1137,2,2,3,4,5,6,11,12,15,16,17,18,21,22,24
1138,1,1,4,8,9,10,11,14,15,17,20,22,23,24,25
1138,2,1,3,4,5,8,9,10,11,12,13,21,22,23,25
1139,1,1,2,3,12,14,16,17,18,19,20,21,23,24,25
1139,2,2,4,6,7,9,11,12,13,15,16,18,20,24,25
1140,1,1,3,5,7,8,12,13,14,15,19,20,23,24,25
1140,2,1,2,4,5,6,9,11,12,13,14,16,17,18,22
1141,1,1,2,4,6,7,9,11,12,13,14,15,16,20,25
1141,2,2,3,4,8,9,10,15,16,17,18,19,21,24,25
1142,1,1,5,6,9,10,12,13,14,15,16,20,21,23,25
1142,2,2,4,5,6,8,11,13,17,18,20,21,22,24,25
1143,1,1,2,3,4,5,8,9,11,13,14,17,18,20,24
1143,2,1,2,5,7,8,9,10,14,16,17,18,20,23,24
1144,1,3,5,6,7,8,11,12,13,14,17,19,22,23,25
1144,2,4,8,9,10,12,13,14,15,18,20,21,22,23,25
1145,1,1,2,3,8,10,13,14,17,18,19,20,21,22,24
1145,2,2,3,4,9,10,11,12,13,14,15,18,19,22,25
1146,1,1,5,6,9,10,11,12,16,17,18,19,22,24,25
1146,2,1,2,3,4,8,11,15,16,17,18,19,21,22,24
1147,1,7,8,9,10,11,12,13,16,18,19,21,23,24,25
1147,2,1,3,7,8,9,10,11,13,16,17,18,19,20,25
1148,1,1,2,5,6,8,11,12,13,15,18,19,22,24,25
1148,2,1,3,4,8,9,11,14,16,19,20,22,23,24,25
1149,1,3,5,9,10,11,12,13,15,16,18,19,21,22,25
1149,2,1,4,5,6,8,9,10,12,15,17,18,21,24,25
1150,1,1,2,3,4,5,6,8,9,10,11,12,13,20,25
1150,2,1,2,5,8,13,14,15,16,17,18,19,22,23,24
1151,1,1,2,3,5,7,10,13,15,16,18,20,23,24,25
1151,2,1,6,8,12,13,14,15,17,18,19,20,22,23,25
1152,1,2,4,5,6,7,9,11,14,15,16,17,20,21,22
1152,2,1,3,4,5,6,7,9,11,12,13,15,19,22,23
1153,1,1,2,5,8,9,12,17,18,19,20,21,22,24,25
1153,2,1,3,4,7,8,10,11,12,16,17,18,20,23,25
1154,1,1,4,5,6,7,8,10,11,12,14,16,19,23,25
1154,2,1,3,4,5,8,10,12,13,14,17,18,19,23,24
1155,1,1,2,4,5,7,8,11,12,18,19,20,21,24,25
1155,2,1,2,3,6,7,9,10,12,13,17,18,19,20,24
1156,1,1,3,4,6,7,8,9,11,15,16,18,19,20,23
1156,2,1,3,5,6,7,9,11,13,18,19,20,21,22,25
1157,1,1,2,6,7,8,10,12,13,15,17,19,20,23,24
1157,2,1,2,4,6,7,8,12,13,14,15,16,17,22,24
1158,1,1,3,7,8,9,10,11,13,16,18,20,23,24,25
1158,2,1,5,8,9,12,13,14,15,16,19,20,21,22,23
1159,1,1,3,7,9,12,14,16,17,18,19,20,23,24,25
1159,2,1,2,3,4,5,6,7,10,12,18,19,21,22,25
1160,1,1,2,3,5,10,12,13,16,17,18,20,22,23,25
1160,2,2,5,10,12,13,14,16,17,19,20,21,22,23,24
1161,1,1,2,6,9,11,13,14,15,19,20,21,22,23,24
1161,2,2,6,8,9,10,11,12,16,18,19,20,21,22,24
1162,1,4,5,6,7,10,11,14,15,16,19,20,22,23,25
1162,2,1,2,4,7,8,11,12,14,15,17,18,21,24,25
1163,1,4,5,7,8,9,12,13,14,15,16,17,19,20,25
1163,2,2,3,4,5,6,7,9,10,12,14,15,17,22,25
1164,1,1,3,5,6,7,8,10,11,13,14,15,18,22,24
1164,2,1,3,5,6,10,12,14,16,17,18,19,21,22,23
1165,1,1,4,6,7,8,10,11,15,16,17,18,20,22,24
1165,2,2,4,5,6,7,8,11,13,15,16,18,20,23,24
1166,1,2,3,6,8,9,11,12,13,14,15,18,19,23,25
1166,2,2,3,6,7,8,9,13,14,15,18,19,22,23,25
1167,1,1,2,3,5,6,7,10,12,14,15,17,22,23,25
1167,2,1,2,4,5,6,7,8,9,11,15,18,20,23,24
1168,1,2,6,7,10,12,14,15,16,17,18,20,21,24,25
1168,2,2,4,6,7,9,10,11,13,15,16,18,20,21,24
1169,1,1,3,4,5,7,9,10,11,12,16,17,20,21,24
1169,2,2,4,5,6,7,8,9,11,12,13,17,19,21,23
1170,1,1,2,3,5,6,10,11,12,13,17,20,21,24,25
1170,2,1,2,3,8,10,11,12,13,17,18,21,22,23,25
1171,1,1,2,3,4,7,8,10,11,12,13,14,17,18,24
1171,2,1,4,6,8,10,11,14,16,17,18,19,21,22,23
1172,1,2,3,5,7,8,9,10,12,14,15,17,18,20,21
1172,2,2,3,5,6,7,9,12,14,17,18,21,23,24,25
1173,1,2,4,5,7,9,11,13,14,18,19,20,21,22,24
1173,2,3,4,5,7,12,15,17,18,19,20,21,22,23,24
1174,1,1,4,5,8,9,10,14,17,18,19,21,22,23,24
1174,2,1,5,6,8,9,10,14,16,17,19,20,21,22,25
1175,1,1,2,5,9,10,13,15,17,19,20,22,23,24,25
1175,2,1,3,7,10,11,12,13,14,15,17,20,21,24,25
1176,1,2,4,5,7,10,11,12,14,15,17,19,21,22,23
1176,2,2,7,8,11,12,14,15,17,18,21,22,23,24,25
1177,1,1,2,4,7,8,10,11,14,17,19,21,22,24,25
1177,2,1,2,3,4,5,6,7,10,11,13,16,18,22,24
1178,1,1,3,5,6,9,12,18,19,20,21,22,23,24,25
1178,2,3,4,6,7,8,9,10,11,12,16,17,22,23,24
1179,1,4,6,7,8,9,10,12,13,14,17,19,20,23,25
1179,2,1,2,3,4,5,7,8,10,11,13,14,18,19,22
1180,1,1,5,6,8,10,11,12,14,15,17,20,23,24,25
1180,2,2,4,5,6,8,9,10,12,14,15,17,22,23,24
1181,1,2,3,6,7,8,10,16,17,18,21,22,23,24,25
1181,2,1,5,8,9,10,12,13,15,16,17,18,21,22,23
1182,1,1,2,3,4,5,6,9,12,13,16,17,21,22,24
1182,2,2,3,4,5,8,10,11,12,13,18,19,22,24,25
1183,1,5,8,11,13,14,15,16,18,19,21,22,23,24,25
1183,2,3,4,5,6,7,8,9,14,15,17,20,21,22,24
1184,1,3,4,6,7,9,10,11,12,13,15,16,20,22,24
1184,2,2,4,7,8,9,10,11,12,14,19,22,23,24,25
1185,1,2,3,6,9,10,12,15,17,18,19,21,22,23,25
1185,2,3,6,7,8,9,11,15,16,17,19,21,22,23,25
1186,1,1,3,5,7,8,10,11,12,14,15,16,17,23,25
1186,2,1,2,3,6,8,10,12,13,14,15,17,19,20,21
1187,1,1,2,3,6,7,8,9,10,16,17,18,20,22,25
1187,2,1,2,5,8,10,11,12,14,16,17,18,19,21,25
1188,1,1,2,3,6,7,10,11,13,14,15,16,19,23,25
1188,2,1,2,7,8,9,10,11,14,15,18,19,22,24,25
1189,1,1,6,7,10,12,13,15,17,19,20,21,22,24,25
1189,2,1,2,3,6,8,10,11,14,15,17,18,20,21,24
1190,1,3,4,6,7,8,10,11,13,15,18,20,21,22,24
1190,2,2,4,5,8,10,12,13,14,15,16,18,21,22,24
1191,1,1,4,6,8,10,12,13,14,15,16,21,23,24,25
1191,2,1,3,4,6,7,9,12,13,16,17,20,22,23,24
1192,1,1,2,4,5,6,9,10,11,12,13,14,17,22,25
1192,2,1,2,3,4,7,9,10,14,17,18,21,23,24,25
1193,1,2,3,4,5,8,9,13,15,16,17,18,19,21,22
1193,2,1,3,5,7,10,15,16,18,19,20,21,22,23,24
1194,1,4,5,7,8,12,13,14,15,16,17,21,22,24,25
1194,2,2,3,5,6,8,9,11,12,13,15,19,20,23,25
1195,1,3,4,5,7,10,13,14,15,16,17,18,19,20,24
1195,2,3,4,6,7,8,10,11,12,13,14,16,17,18,25
1196,1,2,3,4,5,6,7,8,13,15,19,20,22,23,25
1196,2,1,2,3,5,6,7,8,10,11,14,15,16,17,22
1197,1,2,5,8,11,12,13,14,15,16,17,20,21,23,24
1197,2,1,2,5,6,8,11,12,13,15,16,17,19,22,25
1198,1,2,3,5,6,7,9,10,12,14,20,21,23,24,25
1198,2,1,2,3,5,7,9,10,11,13,15,17,18,19,23
1199,1,3,4,5,6,9,10,14,15,18,19,20,22,23,25
1199,2,1,4,6,7,8,13,16,17,18,20,21,22,23,24
1200,1,1,3,5,6,7,8,10,13,14,15,16,18,20,25
1200,2,1,5,6,8,9,10,11,13,14,15,18,19,23,25
1201,1,3,4,5,6,10,11,12,13,15,16,17,20,23,24
1201,2,2,4,7,9,10,11,13,14,15,16,19,20,23,24
1202,1,3,6,7,9,10,11,13,14,16,18,20,23,24,25
1202,2,1,2,6,7,9,10,13,15,17,19,20,21,24,25
1203,1,4,7,9,10,11,12,13,14,15,17,19,20,22,25
1203,2,3,4,6,9,10,11,12,14,15,17,18,20,22,23
1204,1,3,5,7,8,9,13,14,16,17,19,20,23,24,25
1204,2,1,3,7,8,10,11,13,14,16,17,18,23,24,25
1205,1,2,4,6,7,9,10,12,15,16,18,20,21,23,25
1205,2,1,5,7,8,9,10,14,16,17,18,20,21,24,25
1206,1,1,2,5,6,8,10,11,12,13,15,16,18,19,20
1206,2,2,5,7,9,10,11,12,14,18,20,21,22,23,24
1207,1,2,3,4,6,8,9,10,11,13,15,16,20,21,25
1207,2,1,2,3,6,10,14,15,16,17,19,21,22,24,25
1208,1,1,3,5,6,10,11,14,15,18,20,22,23,24,25
1208,2,1,4,5,6,9,10,12,13,14,15,20,22,23,25
1209,1,1,2,3,4,5,6,7,8,9,10,13,14,16,19
1209,2,1,2,4,5,6,9,10,17,18,19,20,21,23,25
1210,1,3,6,7,8,9,12,13,14,15,18,21,23,24,25
1210,2,1,2,3,4,5,6,7,8,13,14,15,16,19,25
1211,1,1,4,6,8,9,10,11,14,15,16,17,23,24,25
1211,2,1,2,3,6,7,11,12,13,17,18,19,20,21,25
1212,1,1,4,5,7,8,9,12,13,14,16,20,21,22,25
1212,2,1,2,4,6,7,10,14,15,16,17,19,21,23,25
1213,1,2,3,4,6,7,8,10,12,18,19,20,21,24,25
1213,2,1,3,4,9,13,14,15,16,17,18,20,21,22,23
1214,1,2,3,4,5,6,7,9,10,11,12,14,20,21,24
1214,2,2,6,7,10,11,12,13,14,17,18,20,22,23,25
1215,1,2,4,5,6,8,10,11,12,14,15,17,18,23,24
1215,2,2,6,7,10,11,12,13,15,16,17,19,21,22,23
1216,1,1,3,4,5,6,7,8,10,13,14,15,21,24,25
1216,2,2,3,4,5,7,9,11,13,14,15,16,18,21,25
1217,1,2,4,5,7,9,14,15,18,19,20,21,22,23,24
1217,2,1,2,3,5,6,7,9,10,11,13,14,19,20,22
1218,1,2,6,9,10,12,13,15,16,18,20,21,22,24,25
1218,2,4,5,6,7,8,9,10,11,12,14,16,20,24,25
1219,1,1,2,4,5,6,9,10,12,15,16,17,20,23,24
1219,2,1,2,4,7,8,9,14,17,18,19,20,23,24,25
1220,1,1,2,3,5,8,9,10,11,13,19,20,21,24,25
1220,2,1,3,4,6,9,12,13,14,15,16,17,19,23,24
1221,1,6,9,10,12,13,14,15,16,17,19,20,21,24,25
1221,2,2,3,4,8,10,12,13,14,17,19,20,21,22,24
1222,1,2,4,5,6,8,10,11,13,15,16,17,20,21,25
1222,2,3,8,9,11,12,13,14,15,16,17,18,19,20,23
1223,1,2,3,4,7,8,14,15,17,18,19,21,22,24,25
1223,2,1,3,4,5,6,7,9,13,15,17,18,19,23,25
1224,1,1,4,5,6,10,12,13,14,15,17,20,22,24,25
1224,2,1,2,3,6,7,8,10,12,13,16,17,18,21,25
1225,1,4,5,8,9,10,11,12,14,15,19,20,22,23,25
1225,2,2,3,4,5,8,9,10,13,15,16,18,20,22,24
1226,1,2,4,6,8,11,12,15,16,17,18,19,21,22,23
1226,2,3,4,5,6,11,14,15,16,17,19,20,21,22,25
1227,1,1,2,3,4,7,9,10,11,12,14,15,21,22,25
1227,2,1,2,5,7,8,10,12,16,19,20,21,22,23,25
1228,1,1,2,4,5,7,10,11,12,14,15,16,17,18,25
1228,2,2,5,6,9,11,12,13,14,16,19,20,22,24,25
1229,1,1,2,3,5,11,12,13,14,15,16,17,21,22,24
1229,2,1,4,7,11,12,13,15,16,18,19,20,22,24,25
1230,1,1,3,4,5,6,11,14,18,19,20,22,23,24,25
1230,2,1,2,4,6,9,11,15,16,18,19,20,21,24,25
1231,1,1,3,4,5,7,10,11,12,14,18,19,20,22,25
1231,2,1,2,3,4,5,6,9,10,11,13,15,17,20,24
1232,1,2,3,4,5,6,7,8,9,10,11,13,17,19,20
1232,2,1,3,4,5,6,9,15,16,17,18,19,20,23,24
1233,1,3,6,7,8,10,11,12,14,15,17,19,20,22,25
1233,2,2,3,4,7,8,9,10,12,15,16,18,21,22,24
1234,1,2,4,6,9,13,15,16,17,18,19,20,21,22,23
1234,2,3,5,6,8,12,13,14,16,17,18,20,22,23,25
1235,1,1,2,5,6,7,8,10,11,12,13,16,17,21,23
1235,2,1,2,5,9,10,11,13,14,16,17,18,20,22,24
1236,1,2,5,7,10,11,12,13,15,16,18,19,22,23,24
1236,2,1,2,3,4,8,11,12,14,15,18,19,23,24,25
1237,1,2,5,6,8,9,10,13,14,15,17,19,20,22,25
1237,2,2,6,8,9,10,11,12,15,16,17,18,20,23,24
1238,1,2,3,5,7,8,9,14,16,19,20,21,22,23,25
1238,2,1,2,3,4,6,7,8,17,18,19,20,21,22,24
1239,1,1,2,7,8,9,10,11,12,13,16,18,20,23,25
1239,2,1,2,5,9,10,15,16,17,18,21,22,23,24,25
1240,1,1,2,3,4,5,7,8,10,11,14,17,18,22,23
1240,2,3,4,5,6,7,8,9,10,11,12,13,19,23,24
1241,1,3,5,6,7,8,10,14,15,17,18,19,22,24,25
1241,2,2,5,6,8,12,13,14,15,18,19,20,22,24,25
1242,1,2,3,4,5,6,9,10,11,12,14,16,19,20,22
1242,2,1,3,4,5,6,9,11,13,14,18,20,23,24,25
1243,1,2,3,4,5,10,11,12,13,14,15,16,17,24,25
1243,2,4,5,6,7,8,9,11,14,15,16,17,23,24,25
1244,1,1,2,5,6,7,10,11,13,16,17,21,22,24,25
1244,2,1,2,3,7,9,10,11,12,13,14,17,19,24,25
1245,1,3,4,5,9,10,11,12,13,19,21,22,23,24,25
1245,2,4,7,8,9,10,11,13,14,16,17,20,23,24,25
1246,1,1,4,6,7,11,12,14,17,18,19,21,22,23,25
1246,2,2,4,5,6,7,8,9,12,13,15,18,19,21,25
1247,1,1,3,4,6,8,11,12,13,18,19,20,21,22,23
1247,2,4,6,10,12,13,14,15,17,18,20,21,22,24,25
1248,1,1,4,6,8,9,10,12,14,17,18,19,20,21,24
1248,2,1,2,4,5,10,12,13,14,15,16,18,19,24,25
1249,1,1,2,4,5,6,7,8,9,13,17,20,21,23,24
1249,2,1,2,3,8,9,10,11,12,15,18,19,20,22,23
1250,1,1,2,3,4,6,7,8,10,14,15,16,20,21,25
1250,2,1,2,8,9,11,13,14,15,16,17,19,22,24,25
1251,1,1,2,3,4,5,9,11,15,17,21,22,23,24,25
1251,2,3,5,7,8,10,12,14,15,17,18,19,20,21,22
1252,1,1,4,5,7,8,9,11,12,14,16,17,19,20,23
1252,2,2,3,6,9,10,11,12,16,17,19,21,23,24,25
1253,1,1,2,4,6,12,13,14,16,17,19,20,21,23,25
1253,2,1,2,3,4,5,9,11,12,13,20,21,22,23,24
1254,1,5,7,8,9,10,12,15,16,17,19,20,22,23,25
1254,2,2,3,5,7,8,9,11,13,16,17,18,19,21,22
1255,1,2,3,5,6,7,10,13,14,16,18,19,21,23,25
1255,2,1,4,6,8,10,12,15,16,17,20,21,22,23,25
1256,1,1,2,4,5,7,11,12,13,15,17,18,19,23,25
1256,2,2,3,5,6,7,11,13,14,16,17,18,20,24,25
1257,1,2,4,5,6,8,10,11,13,16,18,20,21,23,24
1257,2,5,8,10,11,12,13,16,17,19,20,21,22,23,25
1258,1,1,4,6,7,10,11,14,15,16,17,20,21,23,25
1258,2,3,4,5,9,11,12,13,14,15,17,18,19,22,24
1259,1,1,2,4,5,6,8,10,11,14,17,19,21,22,24
1259,2,1,3,5,8,9,11,12,13,15,16,20,22,23,24
1260,1,2,4,5,8,10,11,14,16,17,19,21,22,23,24
1260,2,2,3,4,5,6,8,9,11,13,14,15,20,22,24
1260,3,1,2,4,5,6,8,10,11,14,17,19,21,22,24
1261,1,1,3,5,6,7,9,11,12,15,19,21,22,24,25
1261,2,1,4,6,7,10,11,13,15,16,17,19,22,23,25
1261,3,2,4,5,8,10,11,14,16,17,19,21,22,23,24
1262,1,1,6,8,9,10,11,12,13,15,19,20,21,24,25
1262,2,2,3,4,6,10,11,13,14,18,19,20,22,23,25
1262,3,1,3,5,6,7,9,11,12,15,19,21,22,24,25
1263,1,1,4,5,6,8,10,12,14,15,17,19,21,22,24
1263,2,2,3,4,7,8,9,10,11,13,14,18,20,24,25
1263,3,1,6,8,9,10,11,12,13,15,19,20,21,24,25
1264,1,2,3,5,6,10,11,13,14,16,17,18,21,23,24
1264,2,2,3,5,7,10,11,12,13,14,16,22,23,24,25
1264,3,1,4,5,6,8,10,12,14,15,17,19,21,22,24
1265,1,1,3,5,6,7,8,9,11,14,15,16,18,19,22
1265,2,1,3,4,6,7,8,9,10,12,16,17,19,21,24
1265,3,2,3,5,6,10,11,13,14,16,17,18,21,23,24
1266,1,3,5,7,8,9,10,12,14,15,17,18,19,21,23
1266,2,1,2,7,12,13,14,15,16,18,20,21,22,23,25
1266,3,4,5,6,7,8,9,10,11,14,15,17,19,20,21
1267,1,2,3,5,6,7,9,15,16,19,20,22,23,24,25
1267,2,1,4,5,6,7,11,12,14,16,19,20,21,22,25
1267,3,4,5,6,7,8,9,11,12,15,16,20,21,22,24
1268,1,1,6,7,9,10,11,12,13,16,18,19,20,23,25
1268,2,4,6,7,11,12,13,14,15,17,18,21,22,23,24
1268,3,4,5,6,7,10,13,16,17,18,21,22,23,24,25
1269,1,1,2,6,7,9,14,15,16,18,21,22,23,24,25
1269,2,1,3,4,5,8,12,13,14,15,16,17,18,21,25
1269,3,1,3,6,8,9,11,12,13,16,18,19,20,21,23
1270,1,1,2,4,5,8,9,10,12,14,18,19,20,23,24
1270,2,1,2,5,6,8,9,12,15,17,18,19,22,23,25
1270,3,3,4,5,6,7,10,12,15,18,19,20,22,23,24
1271,1,1,4,6,7,8,9,11,13,17,18,21,23,24,25
1271,2,2,4,5,7,10,13,15,16,19,20,21,22,23,24
1271,3,1,2,5,7,8,10,11,13,14,15,20,21,23,25
1272,1,1,2,4,5,6,9,10,14,15,20,22,23,24,25
1272,2,2,4,7,8,10,11,13,14,16,17,19,20,21,22
1272,3,1,4,5,7,8,9,11,14,15,16,17,18,19,25
1273,1,1,4,5,8,9,10,12,14,16,17,18,19,20,23
1273,2,2,3,4,5,6,9,13,15,16,17,20,23,24,25
1273,3,3,4,6,7,8,11,12,14,15,16,17,21,23,24
1274,1,2,3,5,7,8,9,11,12,14,15,19,21,23,25
1274,2,3,4,7,8,9,10,12,13,14,15,19,20,21,22
1274,3,1,4,5,7,8,10,13,14,15,16,18,19,20,24
1275,1,1,2,4,5,7,9,13,14,17,18,20,22,23,25
1275,2,1,5,6,7,8,12,13,15,18,20,21,23,24,25
1275,3,2,3,5,7,9,12,13,14,16,19,20,21,22,25
1276,1,2,4,5,7,8,9,12,15,17,18,20,23,24,25
1276,2,1,2,3,5,8,9,14,15,16,17,18,22,23,24
1276,3,1,2,4,6,10,11,15,17,19,20,21,22,24,25
1277,1,1,3,4,7,9,11,13,16,17,18,20,22,23,24
1277,2,1,7,9,10,11,12,13,15,16,17,18,19,22,25
1277,3,2,3,4,6,8,10,12,13,14,15,17,19,20,21
1278,1,1,2,3,4,7,9,12,13,14,15,16,19,20,24
1278,2,1,2,3,4,5,6,8,9,10,11,15,17,19,24
1278,3,3,4,10,11,12,13,14,16,17,19,20,22,24,25
1279,1,2,5,6,9,10,11,12,15,16,17,18,22,23,25
1279,2,2,4,5,6,8,9,12,17,18,19,20,21,22,24
1279,3,4,7,8,9,11,12,13,14,15,17,19,20,23,24
1280,1,1,2,3,7,8,11,12,15,17,19,20,22,24,25
1280,2,5,7,9,10,12,13,14,16,18,19,21,22,23,25
1280,3,2,3,4,5,7,8,11,14,17,19,22,23,24,25
1281,1,3,7,8,9,10,11,12,13,16,18,21,22,23,25
1281,2,1,2,4,5,6,7,8,11,13,15,17,18,21,24
1281,3,2,5,8,10,11,13,14,16,17,19,20,22,23,25
1282,1,2,3,4,7,8,9,10,11,13,16,19,20,21,22
1282,2,2,3,4,5,6,8,9,10,11,13,15,19,20,23
1282,3,1,2,3,5,6,7,8,9,18,19,20,21,22,23
1283,1,1,2,4,8,9,11,12,15,17,18,19,22,23,24
1283,2,2,4,5,6,11,12,14,15,17,18,19,20,22,25
1283,3,1,2,4,13,14,17,18,19,20,21,22,23,24,25
1284,1,4,5,8,9,11,12,13,15,17,20,21,22,24,25
1284,2,2,3,4,9,11,12,13,17,18,19,20,22,24,25
1284,3,1,3,5,6,7,8,9,12,13,14,19,20,23,25
1285,1,3,4,7,8,9,10,11,12,13,14,15,17,19,20
1285,2,3,4,5,6,8,11,14,17,18,20,21,22,23,25
1285,3,1,5,6,8,10,11,12,14,16,20,22,23,24,25
1286,1,1,2,3,4,9,12,13,14,15,16,20,21,23,24
1286,2,1,2,4,6,7,9,12,15,16,17,18,20,24,25
1286,3,4,5,7,8,9,10,11,13,16,17,19,23,24,25
1287,1,6,7,9,10,11,12,14,15,16,17,18,20,24,25
1287,2,1,2,4,5,6,7,8,10,12,14,15,16,17,22
1287,3,3,4,5,6,7,8,13,16,17,18,19,21,22,24
1288,1,3,4,6,8,12,13,14,15,17,19,21,23,24,25
1288,2,2,5,6,7,9,12,15,16,17,18,19,23,24,25
1288,3,2,3,5,6,7,11,12,13,15,18,20,22,24,25
1289,1,2,3,6,8,9,10,13,17,18,19,20,21,22,24
1289,2,1,2,3,4,6,8,10,15,17,18,19,20,21,23
1289,3,1,3,4,5,6,7,9,10,16,18,21,22,23,25
1290,1,1,2,7,8,12,14,15,16,17,18,19,21,23,25
1290,2,1,3,5,6,7,8,12,13,18,19,20,22,23,24
1290,3,1,2,3,4,7,11,13,15,16,18,19,20,21,23
1291,1,1,3,4,5,6,7,8,11,12,13,16,22,23,24
1291,2,3,4,5,7,10,11,12,13,14,16,18,21,22,24
1291,3,2,3,4,5,11,12,13,14,15,16,18,19,22,25
1292,1,1,4,5,8,9,10,11,13,19,20,21,22,23,24
1292,2,5,6,7,8,10,12,15,16,17,19,21,22,23,25
1292,3,1,2,3,5,6,7,12,13,14,15,18,19,21,22
1293,1,1,2,5,6,7,9,11,15,17,18,20,21,22,24
1293,2,1,4,6,7,8,9,12,14,17,18,19,20,24,25
1293,3,2,3,5,6,9,10,14,15,16,17,19,20,23,25
1294,1,2,4,8,11,12,13,14,16,18,20,22,23,24,25
1294,2,1,3,4,5,8,10,13,14,15,17,18,19,22,25
1294,3,1,3,4,6,7,10,11,12,13,21,22,23,24,25
1295,1,1,2,3,4,5,6,9,11,12,16,17,18,20,25
1295,2,1,3,5,7,8,9,12,15,16,18,19,20,22,23
1295,3,1,6,7,8,9,10,11,14,16,19,21,22,24,25
1296,1,1,2,6,8,9,10,13,14,15,16,17,22,23,25
1296,2,1,2,4,5,6,7,8,11,13,14,17,19,23,24
1296,3,1,7,8,9,11,12,13,14,15,16,17,19,24,25
1297,1,1,2,3,4,5,7,9,12,14,15,18,21,22,25
1297,2,2,4,5,8,10,11,13,15,16,17,18,20,22,23
1297,3,4,5,6,7,8,10,12,13,15,18,19,21,22,23
1298,1,2,5,6,7,9,10,12,13,15,16,17,19,22,23
1298,2,1,3,7,8,10,12,13,16,17,18,20,21,22,24
1298,3,2,3,5,6,9,10,11,14,15,20,22,23,24,25
1299,1,1,2,6,7,8,9,12,14,16,17,20,21,23,25
1299,2,2,4,5,6,7,8,11,14,16,17,22,23,24,25
1299,3,3,4,5,8,9,11,12,13,14,16,18,19,20,22
1300,1,2,3,5,6,7,8,9,10,14,15,16,19,21,22
1300,2,4,6,7,8,9,10,12,17,18,20,21,22,23,24
1300,3,1,3,4,6,8,10,11,12,13,15,18,19,22,24
1301,1,1,5,6,7,11,12,13,14,15,18,19,21,24,25
1301,2,1,2,3,5,8,9,10,12,13,15,18,19,22,23
1301,3,3,6,8,10,11,12,13,16,17,21,22,23,24,25
1302,1,1,3,8,9,11,12,13,14,15,17,18,23,24,25
1302,2,1,3,5,9,12,13,14,16,17,18,19,20,23,24
1302,3,1,2,4,6,9,10,11,12,17,20,21,22,23,25
1303,1,1,2,5,6,7,8,10,11,14,19,21,22,23,24
1303,2,1,2,3,4,5,8,9,16,19,21,22,23,24,25
1303,3,1,2,5,10,14,15,16,17,18,19,21,22,24,25
1304,1,1,2,3,6,9,10,13,17,19,20,22,23,24,25
1304,2,3,4,9,11,12,13,14,16,18,19,20,22,23,25
1304,3,1,2,6,7,8,13,14,15,16,17,20,21,24,25
1305,1,3,5,7,8,9,10,11,12,13,15,16,17,22,23
1305,2,2,4,6,7,9,10,12,14,16,18,21,22,23,25
1305,3,3,4,5,6,9,10,11,12,14,16,20,21,22,23
1306,1,1,6,7,9,10,12,13,14,16,18,22,23,24,25
1306,2,1,2,3,4,6,7,8,10,13,15,16,21,24,25
1306,3,1,2,3,4,7,8,9,10,11,12,17,20,23,24
1307,1,1,3,4,6,7,9,11,12,17,18,21,23,24,25
1307,2,1,3,4,5,6,7,8,12,16,18,19,21,22,24
1307,3,2,5,6,11,12,13,14,16,17,18,20,22,24,25
1308,1,1,2,3,4,8,9,11,13,15,16,18,20,22,24
1308,2,3,4,5,7,10,12,13,14,15,17,19,20,22,24
1308,3,3,6,8,12,14,15,16,17,18,19,20,22,24,25
1309,1,2,3,6,8,9,12,15,16,17,19,20,21,22,25
1309,2,2,3,4,5,6,8,11,12,13,14,15,17,19,22
1309,3,6,8,9,11,12,14,16,17,18,19,21,22,23,25
1310,1,1,4,6,7,9,10,11,12,13,18,20,21,22,25
1310,2,3,4,5,7,8,9,10,11,12,14,15,18,21,22
1310,3,1,2,4,6,8,9,10,12,16,18,20,21,22,24
1311,1,3,4,7,8,9,11,14,15,18,19,20,21,22,23
1311,2,1,5,7,9,10,11,13,14,16,18,21,22,23,25
1311,3,2,4,6,7,9,10,11,13,17,18,20,21,22,23
1312,1,1,2,6,8,9,12,14,15,16,17,18,20,22,23
1312,2,1,2,3,4,5,6,7,8,9,11,17,20,23,24
1312,3,1,3,5,8,9,12,14,16,17,18,21,22,23,25
1312,4,1,2,3,4,5,6,7,8,9,10,11,12,13,18
1312,5,1,2,3,4,5,6,7,8,9,10,11,12,13,21
1312,6,1,2,3,4,5,6,7,8,9,10,11,12,13,22
1313,1,2,7,8,9,10,13,14,15,19,21,22,23,24,25
1313,2,2,3,4,7,8,9,10,12,14,17,18,20,23,24
1313,3,1,4,5,6,7,8,9,14,15,16,18,19,22,24
1313,4,1,2,3,4,5,6,7,8,9,10,11,12,13,23
1313,5,1,2,3,4,5,6,7,8,9,10,11,12,14,16
1313,6,1,2,3,4,5,6,7,8,9,10,11,12,14,20
1314,1,1,2,7,9,11,13,14,15,17,19,20,21,23,25
1314,2,2,4,6,7,10,11,12,13,14,16,17,21,24,25
1314,3,2,3,4,5,6,8,9,10,11,12,14,18,19,25
1314,4,1,2,3,4,5,6,7,8,9,10,11,12,13,18
1314,5,1,2,3,4,5,6,7,8,9,10,11,12,13,23
1314,6,1,2,3,4,5,6,7,8,9,10,11,12,14,17
1315,1,1,3,4,7,8,9,13,14,15,17,18,21,24,25
1315,2,5,6,7,8,10,11,15,16,17,18,20,22,23,25
1315,3,2,3,4,5,10,12,13,14,15,16,19,20,24,25
1315,4,1,2,3,4,5,6,7,8,9,10,11,12,13,18
1315,5,1,2,3,4,5,6,7,8,9,10,11,12,13,23
1315,6,1,2,3,4,5,6,7,8,9,10,11,12,14,15
1316,1,1,2,3,4,5,6,8,9,11,12,14,15,18,21
1316,2,3,4,7,8,11,12,13,15,17,18,19,22,23,24
1316,3,6,7,8,9,11,12,15,19,20,21,22,23,24,25
1316,4,1,2,3,4,5,6,7,8,9,10,11,12,13,21
1316,5,1,2,3,4,5,6,7,8,9,10,11,12,13,23
1316,6,1,2,3,4,5,6,7,8,9,10,11,12,14,15
1317,1,2,3,5,6,7,8,9,10,11,13,14,15,16,22
1317,2,2,6,12,13,14,16,17,18,19,20,21,22,23,25
1317,3,1,2,3,5,8,9,13,14,15,19,20,23,24,25
1317,4,1,2,3,4,5,6,7,8,9,10,11,12,13,18
1317,5,1,2,3,4,5,6,7,8,9,10,11,12,14,16
1317,6,1,2,3,4,5,6,7,8,9,10,11,12,14,20
1318,1,4,6,8,9,10,11,12,14,15,16,17,22,23,24
1318,2,1,2,5,6,7,10,11,15,16,20,21,22,24,25
1318,3,3,4,7,8,10,11,12,14,15,18,20,21,22,25
1318,4,2,4,5,8,10,13,15,17,19,20,21,22,23,24
1318,5,1,3,4,6,10,11,13,14,16,19,21,23,24,25
1318,6,3,4,5,6,7,9,12,13,14,17,19,20,21,24
1319,1,5,7,8,11,12,17,18,19,20,21,22,23,24,25
1319,2,3,4,6,10,12,15,16,17,18,19,20,21,23,24
1319,3,2,4,6,7,8,9,10,11,12,18,20,22,23,24
1319,4,3,4,7,8,9,10,12,13,16,17,18,21,22,23
1319,5,3,5,6,8,12,13,14,15,17,19,20,21,22,25
1319,6,1,3,4,6,8,11,13,16,17,19,20,21,23,25
1320,1,2,3,5,6,7,12,13,15,16,18,19,22,24,25
1320,2,2,4,5,6,8,11,13,15,17,18,20,21,23,24
1320,3,1,2,3,4,7,8,9,13,15,18,19,21,22,23
1320,4,1,2,3,4,5,6,7,11,12,13,14,16,20,23
1320,5,3,4,5,6,7,10,12,13,14,15,19,20,23,24
1320,6,2,3,4,5,6,8,11,13,17,18,19,21,24,25
1321,1,5,6,8,9,11,12,14,15,16,17,20,23,24,25
1321,2,3,4,5,6,7,9,10,11,12,15,18,20,21,23
1321,3,3,4,5,11,12,13,14,15,17,19,20,21,22,25
1321,4,1,3,4,6,8,9,11,12,15,17,18,19,21,24
1321,5,2,4,5,9,11,12,13,16,17,18,19,21,22,23
1321,6,1,4,6,7,9,10,11,12,13,15,18,19,24,25
1322,1,5,6,8,9,10,11,12,14,15,16,17,18,20,24
1322,2,2,3,5,6,7,8,9,13,14,15,19,22,24,25
1322,3,4,5,6,7,8,11,14,17,18,19,20,21,24,25
1322,4,2,3,4,6,7,8,9,12,15,16,19,21,24,25
1322,5,1,2,3,6,7,9,10,11,12,16,18,21,23,25
1322,6,3,5,7,9,11,12,15,17,19,20,21,22,23,25
1323,1,1,3,4,5,6,9,13,14,15,16,18,19,21,25
1323,2,2,3,5,7,8,9,12,13,15,16,17,18,20,24
1323,3,1,5,7,12,13,16,17,18,19,20,21,23,24,25
1323,4,5,7,8,9,10,11,14,15,17,19,22,23,24,25
1323,5,3,4,5,8,9,10,12,13,14,17,21,23,24,25
1323,6,1,2,3,4,7,9,10,11,12,16,18,20,22,24
1324,1,4,6,9,10,12,14,15,16,17,18,21,22,24,25
1324,2,12,13,14,15,16,17,18,19,20,21,22,23,24,25
1324,3,1,2,6,7,8,10,13,15,16,17,19,21,24,25
1324,4,1,2,3,4,7,11,13,15,17,18,20,23,24,25
1324,5,2,3,6,9,10,12,13,14,15,16,19,20,22,24
1324,6,2,4,5,8,10,13,16,18,19,20,22,23,24,25
1325,1,1,3,8,9,10,11,12,14,15,18,19,20,24,25
1325,2,1,2,4,7,8,9,12,13,16,18,19,20,22,24
1325,3,2,3,4,5,8,10,14,15,16,17,19,20,21,23
1325,4,3,4,5,8,9,11,12,13,16,18,21,22,23,25
1325,5,1,2,3,5,7,8,9,10,13,15,16,17,24,25
1325,6,1,5,7,8,9,10,11,12,13,15,18,19,23,24
1326,1,1,2,5,6,8,9,11,12,16,17,18,19,23,25
1326,2,2,4,5,6,7,8,9,12,15,17,18,21,22,24
1326,3,1,2,3,5,7,11,13,16,19,20,21,22,23,25
1326,4,1,2,3,4,9,11,15,18,19,20,22,23,24,25
1326,5,1,2,3,4,6,7,8,14,17,18,20,21,24,25
1326,6,3,4,5,6,7,9,12,15,16,17,20,23,24,25
1327,1,1,3,4,5,11,12,13,14,16,18,20,22,23,24
1327,2,1,2,4,5,6,8,10,11,12,18,19,20,23,25
1327,3,1,3,7,10,11,15,17,18,20,21,22,23,24,25
1327,4,1,2,8,9,10,13,15,17,18,21,22,23,24,25
1327,5,4,5,7,8,9,10,12,13,15,17,18,19,21,22
1327,6,3,4,5,8,10,11,12,14,16,17,21,22,23,25
1328,1,2,3,6,8,9,10,12,13,14,15,18,20,21,23
1328,2,1,4,5,6,7,8,11,13,14,17,20,21,23,25
1328,3,1,5,8,9,10,11,13,14,16,17,18,20,22,23
1328,4,1,2,3,7,9,11,15,17,18,19,20,21,22,24
1328,5,1,2,4,6,7,8,11,13,17,19,20,21,24,25
1328,6,1,5,6,10,11,12,13,14,15,16,17,19,23,24
1329,1,2,4,6,8,11,12,13,15,16,17,20,22,24,25
1329,2,2,3,4,5,6,10,13,14,15,16,19,20,21,25
1329,3,1,2,6,7,8,11,13,14,17,18,20,21,23,25
1329,4,1,3,5,9,13,14,15,18,19,20,22,23,24,25
1329,5,4,5,7,8,10,11,12,14,15,17,19,22,23,24
1329,6,1,3,4,6,7,10,11,14,15,18,19,21,23,25
1330,1,1,2,4,6,7,8,13,14,15,18,19,20,22,23
1330,2,4,6,7,8,9,11,12,14,15,16,18,19,24,25
1330,3,2,4,7,8,11,13,14,15,16,18,19,20,21,24
1330,4,1,2,3,6,8,10,11,12,13,14,16,17,19,22
1330,5,1,2,3,4,8,9,10,11,14,15,19,22,23,24
1330,6,1,2,4,5,6,7,8,14,16,17,18,20,22,24
1331,1,2,9,11,12,13,15,17,18,19,21,22,23,24,25
1331,2,1,4,6,8,10,11,13,14,16,17,19,20,21,25
1331,3,1,3,4,7,11,12,15,16,17,19,22,23,24,25
1331,4,1,2,3,4,10,11,13,14,15,17,19,21,22,23
1331,5,1,3,6,8,9,10,15,16,17,19,21,23,24,25
1331,6,1,2,3,4,5,10,14,16,20,21,22,23,24,25
1332,1,1,2,5,10,11,13,15,16,17,18,19,20,23,24
1332,2,1,2,3,6,7,8,10,14,15,16,21,23,24,25
1332,3,1,2,3,11,12,13,15,16,17,18,19,21,22,24
1332,4,1,2,3,7,10,11,12,14,15,16,20,21,22,25
1332,5,4,5,6,8,10,11,12,16,17,18,20,21,22,23
1332,6,2,3,4,8,13,15,16,17,18,19,20,21,24,25
1333,1,1,3,6,7,10,12,13,15,16,17,18,19,20,25
1333,2,1,2,3,5,7,13,14,17,18,19,20,21,23,25
1333,3,1,2,4,6,7,8,10,11,13,14,18,19,21,24
1333,4,3,4,6,7,10,12,14,17,19,20,21,23,24,25
1333,5,1,3,4,5,7,8,11,12,16,18,19,20,23,25
1333,6,2,4,5,6,9,10,11,12,14,17,19,20,21,24
1334,1,1,3,4,5,6,7,8,10,17,18,20,21,22,24
1334,2,1,4,5,8,9,10,13,14,15,17,19,20,22,24
1334,3,3,5,8,9,12,13,14,16,19,20,21,23,24,25
1334,4,1,4,5,6,7,8,9,13,15,18,19,20,23,24
1334,5,3,4,5,6,7,8,10,11,12,17,19,20,23,25
1334,6,4,5,6,7,8,11,12,18,19,21,22,23,24,25
1335,1,1,2,3,4,6,10,11,13,16,18,22,23,24,25
1335,2,1,2,3,4,5,7,9,11,12,17,20,22,23,24
1335,3,1,2,3,5,6,7,8,10,11,12,13,14,15,23
1335,4,1,3,4,5,9,10,11,13,15,16,18,21,23,25
1335,5,1,4,5,6,7,9,12,13,14,16,20,21,22,25
1335,6,2,4,9,10,12,13,14,15,17,18,20,21,24,25
1336,1,1,2,3,4,6,7,9,12,13,14,19,21,23,25
1336,2,2,3,4,5,6,8,9,10,11,12,13,15,21,24
1336,3,1,3,6,7,8,9,10,11,15,16,17,21,23,24
1336,4,2,3,4,7,9,10,12,13,15,16,17,19,20,23
1336,5,2,3,5,9,15,16,17,18,19,20,21,22,23,24
1336,6,4,6,7,8,10,11,12,13,16,20,22,23,24,25
1337,1,1,2,3,4,5,7,8,9,10,12,16,17,20,21
1337,2,2,3,6,8,11,13,15,16,18,19,20,22,23,25
1337,3,1,6,8,13,15,16,17,18,19,21,22,23,24,25
1337,4,2,3,4,5,6,7,10,11,12,17,19,22,23,24
1337,5,1,4,5,6,11,12,15,16,17,18,19,20,21,22
1337,6,1,3,8,9,10,12,14,15,17,18,20,21,22,25
1338,1,2,3,4,6,8,9,11,15,16,17,19,20,21,22
1338,2,2,4,5,6,8,11,12,15,18,21,22,23,24,25
1338,3,2,3,4,6,7,9,14,15,16,17,18,20,21,23
1338,4,4,5,6,8,11,14,15,17,18,20,21,23,24,25
1338,5,1,2,4,5,6,7,9,12,14,17,22,23,24,25
1338,6,1,6,8,9,10,11,14,15,18,19,22,23,24,25
1339,1,2,3,4,5,6,8,11,15,16,20,21,22,24,25
1339,2,2,3,4,6,7,9,10,14,15,18,19,20,21,23
1339,3,3,6,8,10,11,12,14,16,17,18,21,22,23,24
1339,4,3,5,6,8,10,11,15,16,18,19,20,21,22,23
1339,5,1,2,4,6,7,8,9,12,14,17,18,21,22,24
1339,6,1,2,5,6,7,8,9,13,17,18,19,20,21,23
1340,1,3,4,5,6,7,9,12,13,18,19,22,23,24,25
1340,2,1,2,4,6,8,9,16,17,18,19,20,21,22,23
1340,3,2,3,4,5,7,8,9,14,16,17,21,22,23,25
1340,4,2,5,7,8,10,11,12,13,16,17,18,22,23,25
1340,5,1,3,4,5,7,9,11,16,18,19,20,21,22,23
1340,6,1,3,4,6,8,11,12,15,16,18,20,21,22,24
1341,1,1,5,6,7,9,10,11,12,13,15,16,17,21,24
1341,2,1,2,3,4,7,9,11,13,15,16,21,22,23,25
1341,3,1,4,5,6,7,8,10,12,13,14,17,20,24,25
1341,4,2,3,5,7,8,11,13,14,15,16,17,18,19,25
1341,5,1,2,4,8,9,10,11,12,14,16,20,21,22,23
1341,6,1,2,5,6,8,9,15,16,17,19,20,23,24,25
1342,1,1,2,4,7,10,11,12,13,15,17,19,22,23,24
1342,2,1,3,5,7,8,9,10,11,12,14,16,20,21,22
1342,3,1,2,3,5,7,9,10,11,12,19,22,23,24,25
1342,4,2,4,5,6,10,12,13,15,16,18,22,23,24,25
1342,5,3,4,6,7,8,11,12,17,19,20,21,22,23,25
1342,6,2,6,7,8,9,10,11,15,16,17,19,22,23,25
1343,1,4,5,8,9,10,11,16,18,19,21,22,23,24,25
1343,2,1,4,5,7,9,10,11,12,15,16,19,20,22,25
1343,3,1,4,6,7,8,13,16,18,19,20,21,22,23,24
1343,4,1,2,5,6,9,12,14,15,18,19,21,23,24,25
1343,5,3,6,7,9,10,11,12,13,14,17,20,21,23,24
1343,6,2,3,4,5,7,8,10,11,16,17,18,21,23,25
1344,1,1,2,4,5,7,8,9,10,11,13,14,15,17,22
1344,2,1,2,4,6,7,8,12,13,17,20,21,23,24,25
1344,3,1,2,6,10,11,12,13,14,17,18,22,23,24,25
1344,4,2,5,6,7,8,12,13,15,18,19,21,23,24,25
1344,5,1,3,6,8,9,10,11,13,16,18,19,20,23,24
1344,6,3,4,6,7,9,10,11,12,13,14,16,17,21,25
1345,1,2,5,6,7,9,11,12,14,15,16,17,18,20,21
1345,2,3,4,6,7,8,10,12,13,15,18,19,21,23,24
1345,3,1,3,4,7,8,9,10,12,14,16,17,18,22,24
1345,4,1,2,3,4,7,9,11,14,15,17,21,23,24,25
1345,5,1,2,3,5,7,8,10,11,13,15,16,20,21,24
1345,6,1,5,7,9,10,12,13,14,15,19,21,23,24,25
1346,1,2,3,4,5,6,8,9,10,12,16,17,18,23,25
1346,2,1,3,5,6,7,8,9,11,16,17,18,20,21,22
1346,3,3,6,7,10,12,14,15,16,17,18,19,21,23,25
1346,4,1,2,3,8,10,11,12,13,16,18,20,22,23,25
1346,5,1,4,5,8,11,14,16,17,19,20,21,22,24,25
1346,6,1,2,5,7,8,10,11,12,14,15,17,22,24,25
1347,1,1,2,3,4,5,6,7,10,12,13,14,15,16,17
1347,2,2,3,5,6,7,8,11,12,15,16,17,18,24,25
1347,3,3,4,6,9,12,13,14,15,17,18,21,22,23,24
1347,4,1,2,3,5,6,7,10,11,12,16,18,19,21,22
1347,5,2,5,6,7,8,9,12,13,14,16,20,22,24,25
1347,6,1,2,4,5,6,9,13,15,16,18,19,20,22,23
1348,1,1,6,7,8,9,11,12,13,18,20,21,22,24,25
1348,2,1,2,3,9,12,13,14,16,17,18,19,21,23,25
1348,3,2,5,6,8,10,11,13,15,16,17,18,20,21,22
1348,4,1,2,3,4,6,7,8,10,14,18,19,21,22,24
1348,5,2,4,9,10,11,13,15,17,18,19,20,23,24,25
1348,6,1,2,3,5,6,7,8,10,12,14,20,21,23,25
1349,1,1,2,3,4,9,12,13,16,17,18,19,20,21,22
1349,2,5,6,7,8,11,12,14,15,16,18,19,21,22,23
1349,3,3,4,5,8,9,10,11,13,15,16,19,21,23,24
1349,4,1,4,5,6,7,8,9,10,11,14,16,17,23,25
1349,5,1,2,6,7,9,11,14,16,17,18,19,21,23,25
1349,6,2,3,5,6,10,11,14,15,17,18,20,23,24,25
1350,1,4,5,6,7,10,11,12,13,14,15,17,19,20,25
1350,2,1,2,3,4,6,7,8,12,17,21,22,23,24,25
1350,3,1,2,3,4,8,10,13,17,19,20,22,23,24,25
1350,4,1,2,3,4,7,8,11,12,13,14,19,22,23,25
1350,5,3,4,7,8,11,12,13,14,15,16,17,19,22,24
1350,6,2,3,5,6,7,8,10,11,13,18,19,20,22,24
1351,1,1,2,5,6,9,10,13,15,16,17,18,22,23,25
1351,2,1,3,6,8,9,10,11,14,16,21,22,23,24,25
1351,3,1,5,6,9,10,11,12,15,16,18,19,20,23,24
1351,4,1,2,3,4,7,10,11,12,13,16,18,21,23,24
1351,5,2,3,4,5,6,8,9,10,11,15,16,17,22,25
1351,6,1,3,5,6,10,12,13,16,17,18,21,23,24,25
1352,1,3,4,9,10,13,14,15,17,18,19,20,23,24,25
1352,2,1,3,4,5,8,9,13,16,19,20,21,23,24,25
1352,3,1,2,3,5,7,10,11,12,15,16,18,21,23,24
1352,4,1,2,9,10,11,12,14,15,17,18,19,21,23,24
1352,5,5,6,7,8,9,11,14,15,17,19,21,22,24,25
1352,6,1,2,3,4,5,7,9,10,11,13,14,18,21,22
1353,1,1,6,7,9,10,13,14,16,19,20,21,22,23,24
1353,2,2,4,5,6,7,10,11,15,16,18,20,22,23,25
1353,3,1,5,6,8,10,11,13,15,16,19,20,21,22,25
1353,4,1,2,4,7,8,11,12,13,16,18,19,21,22,23
1353,5,2,4,5,6,8,9,11,12,13,15,17,21,22,23
1353,6,4,6,7,8,10,11,14,16,19,21,22,23,24,25
1354,1,2,4,5,8,10,11,12,13,15,17,18,20,21,22
1354,2,3,4,5,7,8,9,11,12,14,15,17,18,23,25
1354,3,1,2,4,8,11,12,13,14,18,19,22,23,24,25
1354,4,4,5,8,9,11,13,14,15,16,20,21,23,24,25
1354,5,2,6,7,8,10,11,13,14,15,18,20,23,24,25
1354,6,1,5,7,8,11,12,14,19,20,21,22,23,24,25
1355,1,1,2,3,4,5,6,8,9,10,11,18,21,22,23
1355,2,1,2,4,8,9,10,14,15,16,18,20,21,22,24
1355,3,2,4,5,9,10,11,12,13,15,19,21,22,23,24
1355,4,2,3,6,7,9,10,11,12,14,16,17,18,21,23
1355,5,1,3,4,7,9,10,14,16,17,19,20,21,22,24
1355,6,1,2,3,4,7,9,12,14,16,18,20,21,24,25
1356,1,1,4,5,6,7,8,9,11,12,13,16,17,21,22
1356,2,2,4,7,8,10,11,12,13,14,16,20,23,24,25
1356,3,1,2,5,6,8,12,14,17,19,20,22,23,24,25
1356,4,2,3,8,9,11,12,13,14,15,16,18,19,22,24
1356,5,2,3,4,5,7,8,9,10,11,12,13,17,20,24
1356,6,1,5,6,7,12,14,15,16,17,19,20,21,23,24
1357,1,2,6,8,9,10,12,15,16,18,19,20,21,23,25
1357,2,1,7,8,11,14,15,17,18,19,20,21,22,24,25
1357,3,2,3,7,8,9,10,14,19,20,21,22,23,24,25
1357,4,1,6,7,11,12,13,14,15,16,17,18,19,20,23
1357,5,1,2,3,7,8,9,12,15,17,19,21,22,23,24
1357,6,1,2,4,7,12,13,14,15,16,20,21,23,24,25
1358,1,5,7,8,9,10,12,13,15,16,17,18,19,20,22
1358,2,1,2,3,4,5,8,10,12,13,14,16,18,19,21
1358,3,2,4,5,7,9,10,11,14,17,18,19,23,24,25
1358,4,1,2,8,9,10,11,13,14,16,18,20,21,22,25
1358,5,4,7,8,9,10,12,14,15,16,17,18,19,21,22
1358,6,1,2,5,6,8,10,13,14,15,16,19,22,23,25
1359,1,1,3,5,6,8,9,11,16,17,18,20,22,23,25
1359,2,3,4,6,7,8,9,11,12,13,14,17,19,20,22
1359,3,1,2,3,5,6,8,9,13,15,17,18,21,23,25
1359,4,2,6,10,11,12,13,14,18,19,20,21,22,24,25
1359,5,2,3,4,5,9,11,13,17,18,19,21,22,23,24
1359,6,1,5,6,10,12,13,14,15,16,19,20,23,24,25
1360,1,5,6,7,8,9,12,14,15,16,17,19,21,23,25
1360,2,2,3,4,5,6,8,11,12,17,18,19,20,22,24
1360,3,2,4,5,8,10,11,12,15,17,18,20,22,23,25
1360,4,2,3,4,5,6,7,8,11,14,21,22,23,24,25
1360,5,1,4,5,6,8,11,14,15,18,19,21,23,24,25
1360,6,2,5,7,8,9,10,12,13,14,15,16,20,23,25
1361,1,3,6,7,9,10,14,15,17,19,20,21,22,23,25
1361,2,1,4,6,8,10,12,14,15,16,19,21,22,23,24
1361,3,1,2,3,6,7,12,13,14,16,18,20,21,23,24
1361,4,1,2,3,5,8,9,11,13,14,15,16,23,24,25
1361,5,2,3,7,9,11,12,13,14,17,18,19,20,21,23
1361,6,5,6,7,8,11,12,13,16,17,20,21,22,23,24
1362,1,1,2,4,5,7,8,9,11,13,15,16,22,23,25
1362,2,4,5,6,8,9,12,13,14,15,16,18,22,24,25
1362,3,1,3,4,5,8,9,11,12,13,16,17,18,22,23
1362,4,3,7,9,12,14,15,16,17,20,21,22,23,24,25
1362,5,2,6,7,9,11,12,13,17,18,19,21,22,24,25
1362,6,4,5,6,7,8,10,11,14,16,18,20,21,22,25
1363,1,1,2,3,4,5,6,10,11,12,13,15,22,24,25
1363,2,1,4,5,6,7,9,10,12,13,15,17,23,24,25
1363,3,2,4,6,7,8,10,11,12,15,16,18,21,22,24
1363,4,3,7,8,9,10,12,13,14,15,18,19,21,24,25
1363,5,3,5,7,8,9,10,13,14,15,19,20,21,23,25
1363,6,1,2,5,6,8,9,12,13,15,18,19,21,23,25
1364,1,1,3,4,5,6,7,10,11,12,15,16,23,24,25
1364,2,1,2,3,4,7,9,10,11,12,16,17,20,23,25
1364,3,2,3,8,11,12,13,14,15,18,19,20,21,24,25
1364,4,3,4,6,8,9,10,12,15,16,17,19,20,21,25
1364,5,2,3,5,7,9,10,12,14,16,17,19,22,23,24
1364,6,1,2,4,5,6,7,9,10,12,17,18,19,23,24
1365,1,1,2,3,5,9,10,11,13,17,18,22,23,24,25
1365,2,1,5,9,10,12,14,15,16,17,19,20,22,23,25
1365,3,1,2,5,7,9,11,13,16,17,18,20,23,24,25
1365,4,1,2,3,4,5,7,8,9,11,12,15,16,17,19
1365,5,2,3,4,5,7,9,10,12,13,15,16,21,22,25
1365,6,1,2,5,7,8,10,12,14,15,16,22,23,24,25
1366,1,1,7,9,11,12,13,14,15,16,18,20,22,24,25
1366,2,2,3,4,5,6,7,10,11,12,15,17,23,24,25
1366,3,1,2,5,7,10,11,13,18,19,21,22,23,24,25
1366,4,2,4,8,10,12,15,16,17,18,19,20,21,23,24
1366,5,4,6,7,9,12,13,14,15,16,20,21,22,23,24
1366,6,1,2,3,4,5,6,10,12,20,21,22,23,24,25
1367,1,1,6,7,8,9,12,13,14,15,16,17,20,22,24
1367,2,1,3,4,5,6,11,12,14,15,16,17,20,23,25
1367,3,2,4,5,6,7,8,11,13,14,17,22,23,24,25
1367,4,1,2,3,4,5,8,11,15,16,17,21,22,24,25
1367,5,2,3,6,8,9,11,14,15,16,18,19,23,24,25
1367,6,2,3,4,7,8,11,12,13,14,16,21,23,24,25
1368,1,1,2,3,4,6,9,11,14,15,16,17,20,21,24
1368,2,2,3,4,7,10,12,13,14,15,16,17,21,22,25
1368,3,1,4,5,6,7,8,10,11,13,18,20,21,22,24
1368,4,2,4,5,8,9,10,11,12,15,16,19,21,23,24
1368,5,1,3,6,7,8,10,12,13,16,17,20,21,23,24
1368,6,1,2,4,7,8,10,14,15,16,20,21,23,24,25
1369,1,1,2,4,5,6,7,9,11,12,17,18,19,22,25
1369,2,1,2,5,8,11,13,14,15,17,19,21,22,23,24
1369,3,1,2,4,5,6,7,13,14,15,17,19,20,22,24
1369,4,1,4,6,7,9,11,15,16,17,18,19,21,23,25
1369,5,1,2,3,5,6,8,9,11,16,17,18,20,24,25
1369,6,3,5,11,12,13,15,16,17,18,19,20,22,23,25
1370,1,1,2,3,4,5,6,7,13,14,15,18,19,21,25
1370,2,1,3,5,11,12,13,14,15,16,17,19,22,23,24
1370,3,1,2,4,6,9,11,12,13,14,16,17,21,24,25
1370,4,1,2,5,6,9,10,12,15,18,19,20,21,24,25
1370,5,2,3,4,6,8,9,10,11,15,17,19,20,21,22
1370,6,6,7,8,9,11,15,16,17,18,19,20,21,23,25
1371,1,1,5,6,7,8,9,10,11,12,13,14,15,18,22
1371,2,2,4,6,7,8,9,10,11,12,14,16,17,18,25
1371,3,2,4,5,8,9,11,14,16,17,20,21,22,24,25
1371,4,4,6,8,9,10,14,16,17,18,19,20,21,22,24
1371,5,1,4,6,7,8,10,12,15,16,17,18,20,22,23
1371,6,1,2,3,4,5,6,11,12,15,19,20,22,23,24
1372,1,3,4,7,9,13,16,17,18,19,20,21,22,24,25
1372,2,1,2,3,4,5,6,7,9,12,17,18,21,23,25
1372,3,3,5,6,7,8,10,11,12,13,17,19,20,23,24
1372,4,4,5,6,9,13,14,15,16,17,18,19,22,23,25
1372,5,3,5,6,8,9,10,12,14,16,17,19,20,21,23
1372,6,1,3,4,5,7,8,10,12,15,17,20,21,23,25
1373,1,2,3,4,6,8,11,13,14,15,16,17,18,20,24
1373,2,1,2,5,8,12,14,15,16,17,18,19,22,23,25
1373,3,1,2,3,5,6,9,10,11,16,17,19,20,21,24
1373,4,3,4,6,8,9,10,11,12,14,17,18,22,23,25
1373,5,2,3,4,5,8,11,12,14,16,17,18,19,21,25
1373,6,1,4,6,7,10,11,12,14,19,20,21,22,24,25
1374,1,1,2,4,7,8,9,10,11,13,16,18,20,21,22
1374,2,1,3,6,7,8,9,10,11,13,14,15,17,21,24
1374,3,3,5,6,7,9,10,13,15,16,19,20,23,24,25
1374,4,2,3,5,7,9,10,12,16,17,18,19,20,21,23
1374,5,3,8,9,10,11,12,13,15,16,17,18,23,24,25
1374,6,1,2,3,4,9,10,12,14,18,20,21,22,23,24
1375,1,2,5,7,9,12,13,15,16,17,18,22,23,24,25
1375,2,1,3,6,7,8,12,13,15,18,21,22,23,24,25
1375,3,2,3,6,7,10,11,14,17,18,19,20,22,23,24
1375,4,2,4,5,6,8,14,16,17,18,19,20,22,23,24
1375,5,2,3,4,6,8,9,11,13,15,16,17,18,20,21
1375,6,1,4,5,7,8,9,10,11,12,18,19,23,24,25
1376,1,1,3,5,6,8,13,15,17,18,19,20,21,22,25
1376,2,1,3,4,5,7,8,9,14,16,17,18,22,23,25
1376,3,1,2,4,8,10,11,12,14,16,19,20,21,23,25
1376,4,1,2,5,6,13,14,15,17,18,20,21,22,24,25
1376,5,1,3,4,5,7,8,9,13,14,16,18,22,23,25
1376,6,1,4,8,10,11,12,13,17,18,20,21,23,24,25
1377,1,2,4,5,6,7,11,12,13,16,17,20,21,22,25
1377,2,1,2,3,5,6,7,11,13,14,17,18,19,20,23
1377,3,1,6,7,10,12,14,15,17,18,19,20,21,22,25
1377,4,2,8,9,11,14,15,16,17,18,20,21,23,24,25
1377,5,1,3,5,9,10,11,12,13,14,16,18,20,22,23
1377,6,1,3,6,7,8,10,12,14,15,19,20,21,22,25
1378,1,2,4,5,6,7,9,12,14,17,18,19,21,23,24
1378,2,1,3,4,5,8,9,12,13,14,15,16,20,21,24
1378,3,1,3,4,5,6,8,10,13,16,17,19,22,23,24
1378,4,2,3,5,7,10,12,13,14,15,16,17,19,20,22
1378,5,1,2,5,6,7,12,13,14,17,18,19,22,24,25
1378,6,1,6,7,9,10,11,12,14,18,19,21,22,24,25
1379,1,2,3,6,9,10,15,17,18,19,20,21,23,24,25
1379,2,1,2,6,7,8,9,10,13,14,18,19,20,22,23
1379,3,2,3,4,9,10,15,17,18,20,21,22,23,24,25
1379,4,1,2,3,6,8,12,13,16,17,19,20,21,24,25
1379,5,1,2,3,8,9,10,11,13,15,17,20,21,22,24
1379,6,1,2,3,4,6,9,11,14,15,16,20,21,22,24
1380,1,4,5,6,8,10,11,14,15,17,20,21,22,23,24
1380,2,5,8,9,11,12,13,14,15,16,17,18,20,21,22
1380,3,1,2,5,10,11,12,14,15,17,18,19,21,24,25
1380,4,1,2,6,8,9,11,12,14,17,18,21,22,23,24
1380,5,2,4,8,9,10,11,12,13,14,15,16,17,20,21
1380,6,1,3,5,7,10,11,14,15,16,17,18,19,22,24
1381,1,1,2,3,4,5,6,7,9,13,14,18,20,21,23
1381,2,1,3,6,12,13,14,15,16,18,20,22,23,24,25
1381,3,2,3,4,5,6,7,8,10,17,19,21,22,23,25
1381,4,1,4,5,6,7,9,11,12,15,16,18,20,22,24
1381,5,1,4,5,10,11,12,13,14,15,16,20,21,23,24
1381,6,2,3,4,9,10,11,13,14,16,17,20,23,24,25
1382,1,1,2,4,5,6,12,13,15,17,19,20,21,24,25
1382,2,1,2,3,4,5,6,7,9,12,15,18,20,21,25
1382,3,1,2,6,7,10,12,13,14,19,20,21,22,24,25
1382,4,3,5,6,8,9,11,14,15,16,18,19,21,23,24
1382,5,2,3,5,9,10,11,13,16,17,20,21,22,23,24
1382,6,1,2,3,4,7,9,11,12,15,16,17,18,20,23
1383,1,3,6,7,8,10,12,14,15,16,17,19,22,23,24
1383,2,5,6,7,8,10,11,13,15,16,18,21,22,24,25
1383,3,1,2,3,4,5,7,9,10,11,13,16,18,20,22
1383,4,1,2,4,5,7,9,10,11,12,13,15,18,21,23
1383,5,1,3,4,5,7,8,9,10,11,13,17,18,21,23
1383,6,2,4,5,7,9,12,13,14,15,16,18,21,23,24
1384,1,1,2,5,6,8,9,10,12,13,15,16,21,23,24
1384,2,2,3,4,6,7,11,12,16,18,19,20,23,24,25
1384,3,3,4,9,11,12,14,15,16,17,18,21,22,23,24
1384,4,1,3,8,9,11,13,14,15,16,18,19,20,22,23
1384,5,1,3,5,8,12,13,14,16,17,18,19,21,23,24
1384,6,1,3,4,5,6,8,9,11,16,17,18,19,20,25
1385,1,1,3,4,6,7,8,13,14,16,19,21,23,24,25
1385,2,3,4,6,7,10,12,14,15,17,19,20,21,24,25
1385,3,2,3,6,7,11,15,16,17,20,21,22,23,24,25
1385,4,1,2,4,6,7,11,14,15,18,19,20,21,23,25
1385,5,1,3,4,5,6,16,17,18,19,20,21,23,24,25
1385,6,2,3,4,5,8,9,11,12,13,17,18,21,22,23
1386,1,1,3,7,8,10,11,13,14,15,18,19,20,22,23
1386,2,2,3,4,5,6,8,9,10,13,14,20,23,24,25
1386,3,1,2,4,8,9,10,14,15,16,17,19,21,23,24
1386,4,2,3,7,9,10,11,13,15,17,18,22,23,24,25
1386,5,2,3,4,6,7,10,11,12,14,15,16,19,22,25
1386,6,1,3,4,6,10,11,15,17,18,19,20,21,23,24
1387,1,1,2,5,6,7,8,9,10,12,16,17,23,24,25
1387,2,1,2,3,4,5,6,7,9,12,14,16,17,20,21
1387,3,1,2,5,7,8,9,10,14,15,17,20,21,23,25
1387,4,1,3,6,7,9,11,13,14,15,17,18,19,21,23
1387,5,2,3,5,7,8,9,11,12,13,14,15,21,23,24
1387,6,1,3,6,8,10,11,14,15,16,18,20,23,24,25
1388,1,1,5,7,8,10,11,14,16,17,18,19,20,23,25
1388,2,1,5,7,8,9,11,12,13,14,15,20,23,24,25
1388,3,1,3,4,7,8,11,12,13,14,15,17,19,22,23
1388,4,4,6,7,8,9,12,13,14,15,16,20,23,24,25
1388,5,1,4,6,8,9,11,13,14,15,16,18,19,20,23
1389,1,1,2,3,8,9,10,12,13,14,18,19,21,22,24
1389,2,1,3,5,7,9,12,14,15,18,20,21,22,23,24
1389,3,4,5,7,8,9,12,14,15,16,17,18,19,24,25
1389,4,5,6,7,10,11,12,13,15,16,17,18,19,22,24
1389,5,1,3,4,5,6,7,9,12,13,14,17,18,20,21
1390,1,2,5,6,7,8,12,13,14,15,18,20,21,22,23
1390,2,2,3,4,5,7,10,11,12,14,15,16,20,23,25
1390,3,1,4,7,9,11,13,14,17,18,19,20,21,23,24
1390,4,2,4,8,11,12,14,15,16,17,19,20,21,24,25
1390,5,1,4,6,8,9,10,11,12,13,15,18,19,23,24
1391,1,1,7,8,9,10,11,12,13,15,18,20,22,23,24
1391,2,1,4,6,7,8,9,10,12,14,15,19,20,23,25
1391,3,1,2,4,5,9,11,12,13,16,18,19,21,22,24
1391,4,1,3,4,5,10,12,13,14,15,17,18,20,23,24
1391,5,1,3,4,6,7,8,13,17,18,19,21,23,24,25
1392,1,1,2,4,5,6,8,11,13,14,19,21,22,24,25
1392,2,1,3,4,5,6,8,11,15,16,17,18,22,23,25
1392,3,2,4,5,6,7,10,11,12,13,14,16,17,19,21
1392,4,2,4,5,6,7,8,10,11,12,15,16,20,21,22
1392,5,1,2,3,6,8,9,10,12,13,17,19,21,22,24
1393,1,1,2,3,4,7,11,12,15,17,18,20,22,24,25
1393,2,2,3,4,6,7,8,9,12,13,14,15,16,24,25
1393,3,2,5,7,8,9,10,12,14,15,19,21,22,24,25
1393,4,1,5,6,7,8,9,11,13,15,16,19,21,22,24
1393,5,1,2,3,8,9,11,13,14,16,17,19,21,22,25
1394,1,2,5,7,8,9,11,12,14,16,18,19,21,23,25
1394,2,4,5,6,7,8,9,10,12,13,14,16,18,22,23
1394,3,1,3,5,6,8,11,12,15,18,19,20,21,23,25
1394,4,3,4,7,8,10,11,12,16,17,19,21,22,23,25
1394,5,2,4,5,6,8,10,12,14,15,16,17,20,24,25
1395,1,1,4,6,7,8,9,10,11,12,14,15,17,19,22
1395,2,1,4,6,7,9,10,11,12,13,14,17,19,21,25
1395,3,1,3,6,7,8,9,11,12,13,15,16,17,19,25
1395,4,2,7,8,9,10,13,14,15,16,18,20,21,24,25
1395,5,1,2,3,5,7,9,12,13,14,15,16,17,19,25
1396,1,1,3,4,5,6,7,8,10,13,15,16,17,22,23
1396,2,1,4,5,6,8,9,13,14,16,17,18,21,23,25
1396,3,1,3,5,7,9,10,14,16,17,18,21,22,24,25
1396,4,3,5,7,8,9,10,11,14,16,17,20,22,24,25
1396,5,1,4,5,7,10,14,15,16,18,19,20,21,24,25
1397,1,1,2,3,4,5,8,10,13,17,20,21,22,23,24
1397,2,2,4,5,7,8,10,11,12,17,18,19,21,23,25
1397,3,1,3,4,10,11,12,14,17,18,19,21,22,23,24
1397,4,5,6,8,9,11,13,14,16,17,20,21,22,24,25
1397,5,1,2,3,4,6,7,8,9,12,15,16,19,23,24
1398,1,1,2,5,7,9,10,11,15,16,20,21,22,23,24
1398,2,1,4,7,8,11,12,13,14,15,16,18,19,21,24
1398,3,6,7,8,10,11,14,16,17,18,19,21,22,23,25
1398,4,1,2,3,4,8,9,10,11,14,15,16,17,22,24
1398,5,1,2,5,6,7,8,9,11,17,20,21,22,23,25
1399,1,1,2,3,7,8,12,13,14,17,19,20,22,23,24
1399,2,2,4,6,8,12,13,15,16,17,20,21,22,23,25
1399,3,3,4,5,7,11,12,13,14,16,17,20,23,24,25
1399,4,1,2,4,5,6,8,9,16,17,18,19,20,22,23
1399,5,2,3,4,5,7,8,10,13,15,17,19,20,23,25
1400,1,1,2,3,7,8,9,11,13,14,19,20,22,24,25
1400,2,1,4,6,7,8,10,11,16,19,20,22,23,24,25
1400,3,2,3,6,9,10,13,14,17,18,20,22,23,24,25
1400,4,1,3,4,5,8,9,11,12,13,16,18,20,22,25
1400,5,4,6,7,11,12,13,14,16,17,18,21,22,23,25
1401,1,2,3,6,7,8,12,15,16,17,18,19,20,22,23
1401,2,2,3,5,6,8,9,10,13,14,15,19,20,23,25
1401,3,3,4,7,10,11,13,14,15,16,17,18,19,20,25
1401,4,1,2,3,5,6,7,10,13,17,18,19,20,23,25
1401,5,1,2,4,5,7,9,12,13,15,16,17,19,21,25
1402,1,1,2,7,10,13,15,16,17,18,20,21,22,23,24
1402,2,1,4,5,6,7,9,10,16,17,18,19,20,21,25
1402,3,1,4,6,8,9,10,11,12,13,14,19,21,22,24
1402,4,1,2,3,6,11,12,13,14,16,17,19,21,22,25
1402,5,2,4,5,9,10,15,16,17,18,19,20,23,24,25
1403,1,1,3,4,5,7,8,9,10,11,12,14,17,24,25
1403,2,1,2,3,4,5,8,9,14,15,17,18,22,23,25
1403,3,1,2,5,6,7,10,11,12,15,18,20,21,23,25
1403,4,1,2,5,6,8,13,14,15,17,19,21,22,23,25
1403,5,1,2,3,4,8,9,10,12,16,19,20,21,23,24
1404,1,2,3,4,6,8,9,10,11,13,14,16,17,19,20
1404,2,2,3,5,7,8,9,10,13,16,19,20,21,22,25
1404,3,2,3,4,5,8,9,10,13,14,16,18,20,23,25
1404,4,1,3,4,5,6,10,11,13,15,17,18,21,23,24
1404,5,3,5,7,9,10,11,13,14,16,18,19,22,24,25
1405,1,1,2,3,5,6,13,16,18,20,21,22,23,24,25
1405,2,1,3,4,5,7,8,12,13,15,17,18,21,22,24
1405,3,1,2,3,5,6,9,10,11,13,14,18,19,21,24
1405,4,3,4,5,8,9,12,14,15,16,17,18,21,22,24
1405,5,1,2,3,4,5,7,8,9,10,12,20,22,24,25
1406,1,1,4,6,7,8,9,11,12,15,16,18,19,22,23
1406,2,1,2,3,5,8,10,11,14,15,16,17,22,24,25
1406,3,1,3,4,8,10,12,13,14,15,18,19,20,22,24
1406,4,1,2,3,4,5,8,10,15,16,18,19,21,22,25
1406,5,1,2,8,9,10,11,12,13,14,18,19,20,24,25
1407,1,2,3,6,8,9,12,15,18,19,20,21,23,24,25
1407,2,2,5,6,7,9,10,14,15,16,19,20,22,23,24
1407,3,3,4,6,7,8,12,14,16,17,18,19,20,22,25
1407,4,2,4,6,9,10,11,13,15,18,19,20,21,22,24
1407,5,1,3,4,5,7,8,10,12,13,16,17,18,20,21
1408,1,1,2,6,7,12,14,15,17,19,20,21,23,24,25
1408,2,1,3,6,8,10,11,15,16,19,20,21,22,24,25
1408,3,3,7,9,10,12,13,14,16,17,18,20,22,23,25
1408,4,1,7,8,9,12,13,14,15,16,17,18,22,23,25
1408,5,1,3,4,5,7,8,10,11,12,14,19,20,23,24
1409,1,2,3,5,6,7,8,11,12,13,15,17,20,22,23
1409,2,1,3,4,9,10,12,15,16,17,20,21,22,23,25
1409,3,1,3,4,5,6,12,13,15,16,17,18,20,23,24
1409,4,1,2,4,9,10,13,16,17,18,19,22,23,24,25
1409,5,1,3,4,5,6,8,9,10,12,14,15,16,19,24
1410,1,2,4,8,9,10,12,13,16,17,18,20,21,22,23
1410,2,1,2,3,4,7,11,15,16,18,19,20,21,23,24
1410,3,3,6,7,10,12,13,15,17,18,20,21,23,24,25
1410,4,2,5,6,12,15,17,18,19,20,21,22,23,24,25
1410,5,1,3,4,5,9,10,11,14,17,18,20,21,22,25
1411,1,1,2,3,4,5,6,11,15,17,18,20,21,23,24
1411,2,2,3,6,7,12,13,14,15,17,19,20,22,23,25
1411,3,2,8,9,10,11,12,14,16,18,19,20,22,24,25
1411,4,1,2,3,4,6,10,11,12,16,17,21,22,24,25
1411,5,4,5,6,8,9,10,12,13,15,16,18,19,20,22
1412,1,1,5,6,8,10,11,12,13,14,17,19,20,22,24
1412,2,4,7,8,9,10,12,13,14,16,18,19,21,22,24
1412,3,3,6,7,8,9,11,13,14,16,17,21,22,24,25
1412,4,1,4,5,10,12,15,16,17,18,19,20,23,24,25
1412,5,1,2,4,7,8,12,13,14,15,18,19,21,22,24
1413,1,1,2,3,4,5,9,11,12,13,14,15,18,19,23
1413,2,1,3,4,6,7,8,10,12,16,17,19,20,23,25
1413,3,3,5,6,7,8,9,12,14,17,18,19,20,22,24
1413,4,2,3,4,5,9,12,13,14,15,19,20,21,22,24
1413,5,3,7,9,11,12,14,15,16,17,18,19,22,24,25
1414,1,1,3,4,7,8,9,10,13,14,15,17,18,24,25
1414,2,2,3,4,5,7,8,15,18,19,20,22,23,24,25
1414,3,1,2,4,5,8,9,10,13,16,17,19,20,23,24
1414,4,1,3,5,6,7,8,9,11,12,13,16,19,20,23
1414,5,1,2,3,7,8,9,10,13,15,19,20,23,24,25
1415,1,3,4,5,6,9,10,11,12,13,14,15,18,23,24
1415,2,1,2,4,5,9,10,12,13,16,17,18,20,21,22
1415,3,2,4,6,7,8,10,11,13,15,17,18,19,21,23
1415,4,1,4,5,6,8,9,10,11,13,16,19,20,21,24
1415,5,3,5,7,8,10,13,14,15,16,17,19,20,22,23
1416,1,1,7,9,11,13,14,15,18,20,21,22,23,24,25
1416,2,1,5,7,8,9,10,12,13,15,16,17,18,19,24
1416,3,4,7,8,11,13,14,17,18,19,20,22,23,24,25
1416,4,3,4,6,9,10,11,13,14,15,20,21,23,24,25
1416,5,2,3,4,5,6,10,12,13,15,16,18,21,24,25
1417,1,1,2,6,7,8,9,12,13,14,17,18,21,22,23
1417,2,2,5,6,7,10,12,15,16,17,19,20,22,23,24
1417,3,1,2,3,6,7,8,10,11,12,14,16,17,24,25
1417,4,5,7,8,9,11,13,14,16,17,18,20,23,24,25
1417,5,2,3,6,7,8,12,14,16,18,20,21,22,23,24
1418,1,1,3,4,5,8,9,11,12,13,14,15,16,17,20
1418,2,2,4,6,7,11,12,13,15,16,17,20,22,24,25
1418,3,3,5,6,7,8,9,10,11,13,17,18,22,24,25
1418,4,1,2,3,4,7,8,9,10,12,13,14,16,19,23
1418,5,1,2,4,7,9,10,11,13,14,16,17,21,22,23
1419,1,4,5,6,7,9,11,14,16,18,19,21,22,23,24
1419,2,2,3,4,6,7,8,9,10,13,15,20,21,23,24
1419,3,1,2,3,5,6,8,10,12,13,15,18,19,21,25
1419,4,2,5,8,9,10,12,13,14,17,18,19,22,23,25
1419,5,2,3,4,6,9,10,13,14,16,17,18,20,23,24
1420,1,1,2,3,4,5,6,8,11,14,15,17,18,20,25
1420,2,1,2,4,5,6,7,8,10,12,16,17,19,21,24
1420,3,3,4,5,9,10,11,12,13,15,18,20,22,24,25
1420,4,1,3,6,8,9,10,13,15,17,20,21,22,23,24
1420,5,1,3,4,5,6,7,9,10,12,14,16,17,21,24
1421,1,1,2,3,4,5,6,10,11,14,17,19,22,24,25
1421,2,6,10,11,12,14,16,17,18,20,21,22,23,24,25
1421,3,6,7,8,10,13,15,18,19,20,21,22,23,24,25
1421,4,2,3,4,6,8,13,15,17,19,20,21,23,24,25
1421,5,3,4,7,8,10,11,13,14,15,16,17,18,20,21
1422,1,2,3,5,7,8,10,12,16,17,18,19,20,21,25
1422,2,1,3,5,6,7,8,11,12,13,17,18,19,22,24
1422,3,1,2,3,4,6,11,13,14,18,19,20,22,24,25
1422,4,1,2,6,8,11,12,14,18,19,20,21,22,24,25
1422,5,2,5,7,9,11,13,15,16,17,18,19,20,22,23
1423,1,2,5,7,8,9,10,11,13,14,15,16,18,21,25
1423,2,1,2,3,4,6,7,8,9,10,11,13,15,20,22
1423,3,3,5,6,7,8,10,11,13,14,17,19,20,21,23
1423,4,4,5,6,7,8,9,10,12,13,16,21,22,23,24
1423,5,1,2,3,4,6,9,11,12,14,15,16,21,22,25
1424,1,1,2,4,9,10,11,15,17,18,19,20,21,22,25
1424,2,3,4,5,7,11,12,15,16,18,19,20,22,23,25
1424,3,1,2,3,4,7,8,11,12,14,17,22,23,24,25
1424,4,2,3,6,9,11,13,14,16,17,18,20,21,23,24
1424,5,3,4,6,7,8,9,11,15,16,17,18,22,23,25
1425,1,1,2,6,9,10,11,15,17,18,21,22,23,24,25
1425,2,5,6,7,8,9,11,12,13,14,15,16,18,24,25
1425,3,4,5,6,8,9,10,13,14,15,17,18,19,21,24
1425,4,1,3,6,10,12,17,18,19,20,21,22,23,24,25
1425,5,1,3,8,10,11,13,14,16,18,20,21,22,23,25
1426,1,1,2,3,5,6,10,11,12,16,18,19,22,23,24
1426,2,1,2,5,9,11,15,16,17,18,19,21,22,23,24
1426,3,2,3,4,5,10,11,12,13,14,17,18,22,23,25
1426,4,4,5,6,7,8,9,12,15,17,18,19,20,21,25
1426,5,1,2,3,4,5,6,7,9,10,19,20,21,23,24
1427,1,2,3,4,5,6,9,10,12,13,16,20,21,22,25
1427,2,1,4,5,8,9,10,11,17,18,19,20,21,22,24
1427,3,5,6,7,8,10,12,13,16,17,18,19,22,23,25
1427,4,3,5,7,9,11,12,13,15,16,17,21,22,23,25
1427,5,4,7,8,10,11,12,13,15,16,17,19,22,23,24
1428,1,3,4,5,7,8,9,10,11,12,13,15,16,17,24
1428,2,1,2,4,7,8,9,11,12,13,15,16,19,20,23
1428,3,3,5,6,8,11,12,13,14,17,19,21,22,23,24
1428,4,1,2,3,6,9,14,16,17,18,20,22,23,24,25
1428,5,4,6,8,9,10,11,12,14,15,16,17,19,23,25
1429,1,2,4,5,8,9,10,13,14,15,16,17,20,22,25
1429,2,2,5,7,8,10,12,14,15,16,17,18,20,22,24
1429,3,1,3,4,6,7,8,11,13,14,16,18,20,21,24
1429,4,1,3,4,7,8,9,11,13,15,16,17,21,22,23
1429,5,3,5,6,7,8,9,10,11,13,14,18,20,21,24
1430,1,1,2,5,7,8,11,12,13,14,16,17,20,23,24
1430,2,1,3,5,6,10,11,12,13,14,16,19,20,22,23
1430,3,2,5,10,11,13,15,16,17,18,19,20,21,23,25
1430,4,1,4,5,9,10,12,16,17,19,20,21,23,24,25
1430,5,1,2,4,7,8,11,13,15,17,18,19,20,22,25
1431,1,1,2,3,5,6,8,9,12,13,15,16,18,22,25
1431,2,1,3,5,7,8,10,11,12,13,14,15,16,17,25
1431,3,2,4,5,9,11,14,15,16,18,19,21,22,23,24
1431,4,1,3,4,5,9,10,16,18,20,21,22,23,24,25
1431,5,3,4,5,6,8,9,10,15,16,18,19,23,24,25
1432,1,2,4,5,6,8,9,10,11,12,13,19,20,21,22
1432,2,1,4,6,7,8,9,10,11,19,20,21,23,24,25
1432,3,1,2,5,6,9,10,11,15,16,17,20,22,24,25
1432,4,1,2,5,6,8,10,13,14,15,16,19,21,23,24
1432,5,1,3,4,5,6,8,11,17,18,20,21,22,24,25
1433,1,1,3,5,6,7,8,12,14,15,17,18,19,23,25
1433,2,1,3,4,6,7,8,11,12,14,15,16,20,23,25
1433,3,1,2,3,4,5,6,7,10,11,12,14,17,19,24
1433,4,2,3,6,7,9,11,13,14,17,19,21,22,24,25
1433,5,1,3,4,5,8,9,10,11,13,14,15,20,22,25
1434,1,1,2,3,4,5,7,11,12,13,14,21,22,23,24
1434,2,1,3,5,6,7,9,11,14,15,16,17,18,20,24
1434,3,2,4,5,6,10,11,14,16,17,18,21,22,24,25
1434,4,1,2,3,4,6,8,14,16,18,19,22,23,24,25
1434,5,3,4,5,6,7,8,9,14,15,17,18,21,23,24
1435,1,3,5,7,8,9,16,17,18,19,20,22,23,24,25
1435,2,1,2,3,9,11,14,15,17,18,19,20,22,23,24
1435,3,2,5,6,9,10,11,12,16,17,18,19,20,21,25
1435,4,1,4,6,7,8,10,12,14,15,16,17,18,19,21
1435,5,1,5,8,10,11,13,14,15,17,19,20,23,24,25
1436,1,2,4,5,6,7,9,11,13,14,15,17,18,20,24
1436,2,1,2,3,4,6,7,8,9,10,13,16,19,20,24
1436,3,1,4,5,6,9,10,13,14,16,17,18,22,23,24
1436,4,1,2,3,5,10,13,14,15,16,17,18,20,21,25
1436,5,1,3,4,6,8,9,11,12,14,16,17,22,23,24
1437,1,1,2,3,9,10,11,14,16,17,18,19,20,23,24
1437,2,2,5,6,8,9,12,15,17,19,20,21,22,24,25
1437,3,2,5,6,7,8,9,11,12,13,14,15,16,18,21
1437,4,1,2,3,5,6,8,9,11,12,14,19,22,23,24
1437,5,1,2,4,8,11,12,13,16,17,20,21,22,23,25
1438,1,1,4,5,8,10,13,14,15,18,19,21,22,23,25
1438,2,2,3,4,5,6,8,10,13,16,17,18,19,21,25
1438,3,2,3,9,10,12,13,14,16,17,20,22,23,24,25
1438,4,1,3,4,5,8,9,13,14,18,19,20,21,24,25
1438,5,1,3,7,8,9,11,12,14,17,18,19,20,21,24
1439,1,1,3,4,7,13,14,15,16,19,21,22,23,24,25
1439,2,4,5,7,9,11,12,13,17,18,19,20,21,22,25
1439,3,1,4,5,6,8,9,10,12,13,15,17,23,24,25
1439,4,3,4,7,8,9,13,16,18,19,21,22,23,24,25
1439,5,1,2,3,6,9,11,12,14,17,18,21,22,23,25
1440,1,1,3,5,6,9,11,14,15,16,18,20,21,22,23
1440,2,2,6,7,8,11,12,13,14,15,16,18,19,20,25
1440,3,1,2,5,8,10,11,13,14,15,18,19,23,24,25
1440,4,2,3,4,5,6,8,9,13,14,15,17,19,20,23
1440,5,2,3,4,5,8,9,12,14,16,17,18,20,24,25
1441,1,1,2,4,9,12,13,17,18,19,20,21,22,23,24
1441,2,1,2,5,6,7,8,9,12,14,16,19,21,24,25
1441,3,1,2,5,6,9,10,11,12,13,15,16,18,19,23
1441,4,1,2,3,4,5,7,9,13,16,18,19,21,24,25
1441,5,2,4,7,8,9,13,14,15,16,17,19,20,22,23
1442,1,3,7,8,9,11,12,13,15,16,18,19,21,22,24
1442,2,2,3,4,5,6,9,11,12,15,16,19,20,22,23
1442,3,1,2,6,7,10,12,14,16,17,18,22,23,24,25
1442,4,1,2,4,8,9,12,14,15,16,21,22,23,24,25
1442,5,1,3,5,7,8,9,10,12,13,19,20,21,22,25
1443,1,3,6,7,8,9,10,12,15,17,18,19,20,23,24
1443,2,2,3,4,7,10,13,14,15,16,19,20,21,23,24
1443,3,3,4,7,8,10,14,15,16,17,21,22,23,24,25
1443,4,2,3,5,8,12,13,15,16,18,19,20,21,23,24
1443,5,2,4,5,7,8,12,15,16,19,20,21,22,24,25
1444,1,2,5,6,8,9,10,11,12,14,17,19,21,22,23
1444,2,1,2,3,4,5,7,11,13,16,18,20,23,24,25
1444,3,2,4,6,7,8,11,12,13,14,16,18,19,24,25
1444,4,1,2,3,4,6,8,9,10,11,13,14,18,20,23
1444,5,2,3,4,5,6,7,8,9,11,12,13,15,16,19
1445,1,1,2,5,8,9,10,12,15,16,17,20,21,22,24
1445,2,1,2,3,6,8,11,12,14,17,19,20,21,22,23
1445,3,2,4,5,6,7,9,11,12,14,15,18,19,20,22
1445,4,2,3,4,5,6,7,11,13,14,17,18,19,24,25
1445,5,2,4,5,7,8,9,10,11,12,14,16,18,22,24
1446,1,1,2,5,7,8,11,12,16,17,20,21,23,24,25
1446,2,1,2,3,5,6,8,9,10,11,12,13,16,18,24
1446,3,2,6,7,8,9,11,12,14,17,18,19,20,21,22
1446,4,1,2,3,4,8,10,11,12,13,15,19,21,23,25
1446,5,4,5,7,8,10,12,15,18,19,21,22,23,24,25
1447,1,2,5,7,9,10,11,13,14,15,17,19,22,24,25
1447,2,2,4,5,6,7,9,11,15,16,17,18,20,24,25
1447,3,1,2,5,8,9,10,11,13,15,17,19,21,22,25
1447,4,2,6,7,10,11,13,14,16,18,19,21,22,23,25
1447,5,2,3,4,5,8,9,12,13,14,16,17,22,23,24
1448,1,2,3,4,10,13,15,16,17,18,19,22,23,24,25
1448,2,1,3,4,5,8,11,12,14,15,16,18,19,22,24
1448,3,1,2,3,8,11,12,13,16,17,19,20,21,23,25
1448,4,1,2,5,6,7,11,13,14,15,16,20,21,22,23
1448,5,1,4,5,7,8,9,10,11,18,19,20,21,22,24
1449,1,5,7,8,9,10,11,14,16,18,19,20,21,23,25
1449,2,1,4,5,6,8,9,11,13,15,20,21,23,24,25
1449,3,2,3,4,6,7,8,9,13,14,16,17,18,21,24
1449,4,1,3,5,7,10,11,13,14,18,19,20,22,23,24
1449,5,1,3,4,6,7,10,12,13,14,15,19,21,22,24
1450,1,1,2,8,9,10,11,12,14,16,17,18,20,21,23
1450,2,2,3,5,6,7,10,11,12,15,16,17,18,23,25
1450,3,2,7,8,9,10,11,12,13,14,16,17,18,20,21
1450,4,1,2,5,7,11,12,14,15,16,18,20,22,23,24
1450,5,1,3,4,5,10,11,12,13,14,15,18,22,23,25
1451,1,6,7,9,10,11,13,17,18,19,20,21,22,24,25
1451,2,1,4,6,7,9,11,16,17,18,19,20,21,22,25
1451,3,2,4,5,8,10,11,12,13,15,17,19,20,21,23
1451,4,3,4,5,6,8,9,11,12,13,16,17,22,24,25
1451,5,1,3,5,6,8,12,13,14,15,16,18,19,20,24
1452,1,2,3,4,5,8,11,12,14,15,16,18,19,22,23
1452,2,1,2,3,6,7,8,9,13,14,16,19,20,21,23
1452,3,1,2,5,6,7,8,9,11,13,16,17,18,19,24
1452,4,3,4,5,6,7,9,10,11,12,13,16,17,18,24
1452,5,2,4,7,9,10,11,12,13,15,19,20,23,24,25
1453,1,1,3,4,7,8,10,11,13,16,17,20,21,23,24
1453,2,1,3,4,5,6,7,9,10,11,14,16,19,21,22
1453,3,1,2,3,4,5,8,13,15,16,19,20,21,23,25
1453,4,1,2,3,5,6,8,9,11,14,16,17,19,20,22
1453,5,1,2,4,5,6,10,11,13,17,18,19,20,23,24
1454,1,1,4,5,11,13,14,15,16,17,18,19,20,23,25
1454,2,1,5,6,10,11,12,14,16,17,18,19,21,22,24
1454,3,1,2,4,5,6,7,8,10,11,16,21,22,24,25
1454,4,2,3,6,7,9,10,12,14,17,19,20,22,23,25
1454,5,3,4,5,6,7,10,11,12,13,15,16,18,22,23
1455,1,1,2,3,7,9,10,12,13,14,16,17,20,21,25
1455,2,2,4,5,6,7,9,13,14,19,21,22,23,24,25
1455,3,1,3,4,6,7,8,9,12,13,14,15,16,23,24
1455,4,3,4,5,8,11,13,14,15,18,19,21,22,23,24
1455,5,2,3,5,6,8,11,12,14,16,18,21,22,23,25
1456,1,1,5,6,7,9,12,13,15,17,18,21,23,24,25
1456,2,3,5,6,7,8,9,12,13,14,15,16,17,19,20
1456,3,1,3,5,9,10,11,13,15,16,17,19,22,24,25
1456,4,1,4,6,11,12,13,14,15,16,17,19,20,23,25
1456,5,2,3,4,6,9,10,12,13,15,16,18,20,21,24
1457,1,1,3,6,7,8,9,10,13,18,19,20,22,24,25
1457,2,1,3,5,6,8,9,10,13,14,17,18,21,24,25
1457,3,1,4,5,8,9,10,12,13,14,17,19,20,21,25
1457,4,5,6,7,8,9,10,13,14,16,18,20,22,23,25
1457,5,3,4,5,6,8,10,12,13,14,17,18,19,24,25
1458,1,1,2,3,5,6,8,9,10,11,14,17,19,22,24
1458,2,1,3,5,8,9,11,14,15,16,19,22,23,24,25
1458,3,1,2,3,5,7,8,10,11,15,17,19,20,21,23
1458,4,2,4,6,8,10,12,13,14,16,18,20,21,22,25
1458,5,2,3,4,5,7,17,18,19,20,21,22,23,24,25
1459,1,2,3,4,6,7,9,10,12,16,17,21,23,24,25
1459,2,1,2,3,4,7,8,9,10,13,18,21,22,23,25
1459,3,3,4,5,6,8,11,13,14,16,17,20,22,24,25
1459,4,1,3,4,5,6,10,12,14,16,18,19,20,24,25
1459,5,1,3,4,7,8,9,11,12,13,16,19,21,24,25
1460,1,1,2,4,6,9,10,14,15,16,19,20,22,23,24
1460,2,1,3,6,9,11,12,13,15,16,18,19,21,22,25
1460,3,1,2,3,4,6,7,8,10,11,18,19,20,21,22
1460,4,2,4,5,8,9,11,12,13,14,17,19,21,23,25
1460,5,4,5,7,8,9,10,12,13,14,15,18,19,24,25
1461,1,2,3,4,5,6,8,9,13,14,18,21,22,23,25
1461,2,4,5,6,8,9,10,11,12,13,14,15,16,21,23
1461,3,3,5,6,7,8,9,11,15,16,17,18,19,21,24
1461,4,2,3,4,5,7,11,13,18,19,20,21,22,23,25
1461,5,1,2,6,8,9,10,12,15,18,19,21,22,24,25
1462,1,1,4,6,10,12,13,17,18,19,20,22,23,24,25
1462,2,3,4,5,7,8,9,10,11,14,16,17,18,21,25
1462,3,1,2,3,6,8,9,10,11,13,14,17,20,23,24
1462,4,2,3,8,9,10,11,13,15,18,20,22,23,24,25
1462,5,1,4,6,9,10,12,14,17,18,19,22,23,24,25
1463,1,1,4,6,7,8,9,11,12,14,15,16,20,23,24
1463,2,1,5,6,8,9,10,14,15,16,18,20,23,24,25
1463,3,1,2,4,5,7,8,9,14,15,17,20,22,23,25
1463,4,1,2,3,7,9,11,12,15,16,18,20,22,23,25
1463,5,1,3,4,5,8,9,12,13,16,20,21,22,24,25
1464,1,1,3,5,6,7,12,14,15,18,21,22,23,24,25
1464,2,1,2,5,6,9,10,11,12,13,14,16,18,19,25
1464,3,1,2,5,7,8,12,13,14,15,16,20,21,24,25
1464,4,3,5,6,9,12,13,14,15,16,18,21,22,23,24
1464,5,2,3,4,5,6,9,13,16,17,18,19,20,21,24
1465,1,1,3,4,5,6,9,10,11,13,15,16,17,21,25
1465,2,2,4,5,9,12,13,15,16,19,20,21,22,24,25
1465,3,1,6,7,9,10,11,12,14,15,17,21,22,24,25
1465,4,1,2,5,6,9,10,12,14,16,20,21,22,23,24
1465,5,1,5,6,7,8,11,13,14,15,16,19,22,24,25
1466,1,3,4,5,9,10,11,12,15,17,19,20,21,24,25
1466,2,2,3,4,6,9,10,12,13,16,17,18,19,20,22
1466,3,1,2,8,9,11,13,15,16,17,18,20,22,23,24
1466,4,1,2,3,6,7,8,9,10,13,15,19,21,22,25
1466,5,2,3,4,6,9,11,13,16,18,19,21,22,23,24
1467,1,1,2,5,8,12,13,14,15,18,20,21,22,24,25
1467,2,1,3,4,5,6,7,8,9,12,14,15,17,19,21
1467,3,1,3,4,10,12,13,14,15,17,18,20,23,24,25
1467,4,1,2,3,4,6,7,8,9,13,14,19,21,22,25
1467,5,1,2,4,5,6,10,11,12,14,17,19,20,23,25
1468,1,2,3,5,7,9,10,14,15,16,18,19,22,23,24
1468,2,1,4,6,7,9,13,14,16,19,20,22,23,24,25
1468,3,2,4,6,7,8,9,10,11,12,13,14,17,22,23
1468,4,1,3,6,8,12,13,14,16,18,19,20,23,24,25
1468,5,1,3,6,7,8,9,10,12,13,16,18,20,22,25
1469,1,1,2,3,4,5,8,10,14,15,16,18,20,21,23
1469,2,1,2,3,4,5,7,8,9,10,11,16,18,21,25
1469,3,3,6,7,8,9,11,12,13,15,16,17,18,22,25
1469,4,3,4,6,7,8,9,11,12,17,18,19,21,24,25
1469,5,2,3,6,7,8,9,10,12,13,16,19,20,21,24
1470,1,4,5,6,7,8,12,13,14,15,16,17,22,24,25
1470,2,1,5,6,8,10,11,12,13,14,15,22,23,24,25
1470,3,1,3,4,5,6,7,11,12,15,20,21,22,23,24
1470,4,1,4,5,7,9,10,11,13,14,17,19,21,24,25
1470,5,1,4,5,8,10,12,13,15,18,19,22,23,24,25
1471,1,2,3,7,9,10,12,13,14,15,20,21,23,24,25
1471,2,3,5,6,8,10,12,15,16,17,20,21,22,23,25
1471,3,1,5,10,11,12,13,14,15,16,20,21,22,24,25
1471,4,3,5,6,10,12,13,14,15,17,20,21,23,24,25
1471,5,1,2,4,7,8,10,11,13,14,19,21,23,24,25
1472,1,2,4,5,6,7,8,11,13,14,15,16,17,20,21
1472,2,3,7,8,9,11,13,16,17,18,19,20,21,22,23
1472,3,1,3,6,7,10,11,12,13,15,16,17,19,20,25
1472,4,1,4,6,7,9,11,13,14,16,19,21,22,23,24
1472,5,1,3,4,9,10,11,13,14,15,18,20,21,23,25
1473,1,1,2,4,5,7,9,10,11,15,16,17,20,24,25
1473,2,1,3,4,5,6,7,8,9,11,14,15,16,17,18
1473,3,2,3,4,5,7,8,9,11,13,16,20,21,22,24
1473,4,3,4,5,8,9,11,12,15,19,21,22,23,24,25
1473,5,1,4,5,9,11,12,15,16,17,19,20,23,24,25
1474,1,1,2,3,4,5,6,8,11,15,16,18,21,23,24
1474,2,1,2,4,7,13,14,15,16,18,19,20,21,22,25
1474,3,2,5,7,8,10,11,12,13,18,19,20,22,24,25
1474,4,5,7,8,11,13,14,15,16,19,20,21,22,23,25
1474,5,1,2,3,7,8,9,10,11,13,17,18,19,20,22
1475,1,2,3,6,7,8,9,10,13,14,16,17,18,22,23
1475,2,2,4,6,7,9,13,15,16,17,19,20,22,23,24
1475,3,1,5,6,10,13,14,16,17,18,19,21,23,24,25
1475,4,1,2,3,4,5,8,11,13,16,18,19,20,21,22
1475,5,4,5,6,7,9,11,13,14,15,16,17,19,20,22
1476,1,2,4,5,7,8,11,14,16,17,18,20,22,23,25
1476,2,2,3,7,8,10,11,12,14,16,18,20,21,22,23
1476,3,4,6,7,8,9,10,11,12,14,17,18,19,22,23
1476,4,1,2,4,6,10,12,13,14,15,19,20,21,24,25
1476,5,1,2,3,4,5,7,9,10,12,17,19,22,24,25
1477,1,2,3,4,8,9,11,12,13,14,15,17,22,24,25
1477,2,4,5,6,7,9,13,14,15,16,18,20,21,23,25
1477,3,1,3,6,8,9,10,11,12,18,19,21,22,23,25
1477,4,2,3,4,5,6,7,9,10,11,13,16,19,20,22
1477,5,1,3,4,7,8,9,10,11,14,15,16,22,23,25
1478,1,4,6,10,11,12,13,14,15,16,17,18,21,23,25
1478,2,3,6,8,9,10,12,13,14,15,17,18,19,22,25
1478,3,1,2,5,7,8,9,11,12,14,18,19,23,24,25
1478,4,2,3,5,6,7,10,11,13,14,16,18,20,24,25
1478,5,2,3,4,8,11,12,14,17,18,19,22,23,24,25
1479,1,1,2,4,5,8,11,12,15,16,18,19,21,24,25
1479,2,2,3,5,6,7,9,10,11,12,13,14,15,19,21
1479,3,4,6,7,9,10,11,14,15,17,18,19,22,23,24
1479,4,1,2,3,4,5,6,8,10,14,16,20,22,23,24
1479,5,2,3,4,6,7,8,9,10,11,12,14,17,19,24
1480,1,2,3,4,5,6,8,10,11,12,14,16,17,23,25
1480,2,3,4,5,7,10,11,12,15,16,17,19,22,23,25
1480,3,1,3,7,8,9,12,13,15,16,18,19,23,24,25
1480,4,1,2,3,6,7,8,9,11,13,15,17,20,21,25
1480,5,2,5,6,7,8,12,14,15,17,18,19,20,24,25
1481,1,1,3,7,8,11,12,14,15,16,19,21,22,23,25
1481,2,2,3,5,6,7,8,9,10,12,15,19,21,22,23
1481,3,1,2,3,6,9,11,12,13,16,17,20,22,24,25
1481,4,1,3,4,8,10,12,13,15,16,17,19,22,23,24
1481,5,1,3,6,10,11,12,13,15,16,18,19,20,22,23
1482,1,1,3,5,7,8,11,14,15,17,19,20,23,24,25
1482,2,1,2,3,4,6,7,9,13,14,15,17,21,24,25
1482,3,1,2,3,5,6,9,10,12,16,17,20,21,22,23
1482,4,2,3,4,5,7,9,13,14,15,18,20,21,23,25
1482,5,1,6,7,10,11,12,14,16,18,19,22,23,24,25
1483,1,3,4,6,8,9,11,14,17,18,20,21,23,24,25
1483,2,2,3,7,8,10,11,12,16,17,18,19,21,23,25
1483,3,1,2,3,4,5,6,7,9,12,14,15,20,23,24
1483,4,4,5,6,7,9,10,11,12,13,14,15,18,21,22
1483,5,2,3,4,5,6,7,10,12,13,16,18,22,23,25
1484,1,4,7,9,10,11,12,14,15,17,18,19,21,24,25
1484,2,1,4,5,7,8,10,11,12,15,16,17,21,23,24
1484,3,2,3,5,6,7,9,10,11,16,17,18,19,22,24
1484,4,1,2,3,4,5,7,9,10,11,13,14,18,21,25
1484,5,1,2,5,8,10,11,14,15,16,17,19,20,21,22
1485,1,1,2,4,7,8,11,12,13,15,17,19,21,24,25
1485,2,2,3,5,8,9,10,11,12,13,18,19,21,22,23
1485,3,1,6,7,8,10,11,12,15,16,20,21,22,24,25
1485,4,2,3,4,5,8,9,10,12,13,15,17,18,20,21
1485,5,3,5,9,10,13,14,16,17,18,21,22,23,24,25
1486,1,2,3,4,5,8,9,10,11,14,20,22,23,24,25
1486,2,1,3,5,7,8,9,10,12,13,14,16,18,20,21
1486,3,1,2,4,7,8,12,13,14,15,16,18,20,21,25
1486,4,1,2,3,4,5,10,11,12,13,18,19,20,23,24
1486,5,1,4,5,6,9,10,11,12,14,17,19,20,23,24
1487,1,2,4,5,8,9,10,11,12,14,15,16,22,23,24
1487,2,3,5,6,7,8,9,10,11,12,13,17,18,22,23
1487,3,2,3,4,5,7,8,10,13,16,17,18,20,24,25
1487,4,4,5,6,7,8,9,11,12,13,15,17,21,24,25
1487,5,1,2,3,8,13,15,16,17,18,19,20,23,24,25
1488,1,2,3,4,5,6,7,8,10,11,12,14,19,21,24
1488,2,1,3,4,9,10,11,12,13,14,18,21,23,24,25
1488,3,1,2,3,4,6,8,10,12,14,16,17,18,20,24
1488,4,1,3,6,8,9,10,11,12,14,16,18,20,23,24
1488,5,1,3,4,5,9,11,13,15,16,17,18,23,24,25
1489,1,2,3,6,8,9,11,14,15,17,18,20,21,22,24
1489,2,1,3,5,8,9,13,14,15,16,18,19,21,22,24
1489,3,1,3,5,6,9,10,11,13,15,17,19,20,22,23
1489,4,1,3,4,5,6,8,9,10,12,14,15,17,22,25
1489,5,2,3,4,5,9,11,12,15,16,20,21,23,24,25
1490,1,2,4,5,6,8,10,14,15,16,18,19,21,22,25
1490,2,1,4,6,8,13,14,15,17,18,19,21,22,24,25
1490,3,1,2,4,7,9,10,12,14,15,18,21,22,24,25
1490,4,2,4,5,9,11,13,15,16,17,18,20,22,23,25
1490,5,1,2,3,4,5,6,8,11,12,17,19,21,22,23
1491,1,2,3,4,5,6,9,12,15,16,17,18,21,22,25
1491,2,4,5,6,7,11,14,15,17,18,20,21,22,23,24
1491,3,2,4,6,7,9,10,13,14,15,17,18,20,22,25
1491,4,1,3,4,5,7,9,11,12,13,16,17,21,22,25
1491,5,1,2,6,7,8,9,14,15,16,18,19,20,22,25
1492,1,1,5,6,7,8,11,14,15,16,19,21,22,23,25
1492,2,1,3,5,7,8,9,13,18,19,20,21,22,24,25
1492,3,1,2,6,7,8,11,12,13,14,15,17,20,23,24
1492,4,3,5,8,9,13,14,15,16,17,19,20,21,22,23
1492,5,1,2,4,6,7,14,16,17,18,19,20,21,23,25
1493,1,1,3,7,9,10,13,15,16,17,18,20,21,22,25
1493,2,1,2,3,5,6,7,8,9,12,13,17,19,22,24
1493,3,1,2,4,5,8,9,14,15,17,18,19,20,22,24
1493,4,3,4,6,7,11,12,13,14,16,17,19,22,23,25
1493,5,1,2,4,5,7,9,12,13,15,16,19,21,22,24
1494,1,1,2,3,4,6,9,15,16,17,19,21,23,24,25
1494,2,3,4,5,8,9,11,12,13,14,16,17,22,23,25
1494,3,1,2,3,5,6,13,15,17,18,20,21,23,24,25
1494,4,2,3,4,6,9,10,11,15,16,18,19,20,21,24
1494,5,1,3,4,5,6,10,13,16,17,18,19,20,23,24
1495,1,5,7,10,12,13,14,15,18,20,21,22,23,24,25
1495,2,2,6,7,8,10,14,15,17,18,19,20,21,24,25
1495,3,1,4,7,10,12,13,15,16,17,18,19,20,22,24
1495,4,1,2,3,7,9,10,11,12,13,15,16,17,19,24
1495,5,2,3,9,10,11,15,16,18,19,20,21,23,24,25
1496,1,2,4,5,9,11,13,14,15,16,19,21,22,23,25
1496,2,2,4,6,9,10,12,13,14,17,18,20,22,23,24
1496,3,2,5,6,9,13,16,17,18,19,20,21,22,23,24
1496,4,3,4,8,9,10,12,13,16,17,19,21,22,24,25
1496,5,1,2,4,7,8,9,10,13,17,19,21,22,23,24
1497,1,1,2,3,4,5,7,10,11,14,17,19,20,23,25
1497,2,3,8,9,10,11,12,14,15,19,21,22,23,24,25
1497,3,2,4,6,7,8,10,11,13,14,15,19,20,21,24
1497,4,1,2,5,6,9,12,13,14,16,18,20,21,24,25
1497,5,1,2,4,5,6,7,8,14,16,17,20,22,23,25
1498,1,1,4,5,6,10,11,12,13,16,18,21,23,24,25
1498,2,1,3,5,6,7,9,14,15,16,18,20,23,24,25
1498,3,2,4,5,6,10,11,12,13,16,18,21,22,23,24
1498,4,2,4,5,6,7,9,10,14,15,16,17,19,20,23
1498,5,1,2,3,6,7,8,9,11,12,15,17,19,20,24
1499,1,3,5,6,7,10,11,13,14,15,17,18,19,23,25
1499,2,1,2,3,8,11,13,14,15,16,17,18,20,22,25
1499,3,2,3,4,5,6,7,12,16,17,18,19,20,21,22
1499,4,3,4,5,6,9,10,11,13,14,17,18,19,22,25
1499,5,1,3,4,5,6,7,10,14,17,18,20,21,22,23
1500,1,1,2,4,6,7,8,9,13,14,16,17,20,24,25
1500,2,4,10,11,14,15,16,17,18,19,20,21,23,24,25
1500,3,2,3,4,5,6,8,10,13,17,18,19,20,22,25
1500,4,2,5,6,8,9,11,13,14,16,17,18,21,22,24
1500,5,1,2,4,6,8,12,13,14,15,16,18,19,20,23
1501,1,1,2,3,4,8,10,11,13,14,15,16,17,21,25
1501,2,2,4,7,8,9,10,11,12,13,16,18,21,24,25
1501,3,2,5,6,7,8,9,11,12,13,14,15,18,19,22
1501,4,1,4,5,6,8,9,10,12,14,16,17,18,19,24
1501,5,1,2,4,6,8,10,13,17,19,20,21,22,23,25
1502,1,2,3,5,6,7,8,9,12,14,15,17,23,24,25
1502,2,1,2,3,4,5,6,9,12,19,20,21,23,24,25
1502,3,3,4,5,6,8,9,11,15,17,18,19,21,22,25
1502,4,1,3,4,5,6,9,10,15,16,18,19,21,22,24
1502,5,1,4,5,6,8,9,11,13,14,15,16,17,20,21
1503,1,3,4,5,6,7,9,10,12,13,18,19,20,21,22
1503,2,2,4,5,6,7,8,13,16,18,19,20,21,22,24
1503,3,1,2,3,4,6,8,13,15,16,17,19,20,23,24
1503,4,1,3,5,7,8,9,10,11,12,13,20,22,23,24
1503,5,3,6,7,8,9,10,13,14,15,16,17,20,23,24
1504,1,1,2,4,5,8,11,14,15,19,20,21,22,23,24
1504,2,1,3,5,7,9,10,12,14,15,16,18,19,22,24
1504,3,1,2,3,7,8,10,11,12,13,17,18,21,22,24
1504,4,1,2,6,7,8,9,10,12,13,14,15,17,20,21
1504,5,1,2,3,6,7,9,11,13,16,17,18,19,21,23
1505,1,4,5,6,7,9,10,12,14,15,17,18,20,22,24
1505,2,1,4,6,7,8,12,14,15,16,18,19,22,23,25
1505,3,1,2,4,6,8,11,12,14,17,18,19,20,21,25
1505,4,1,3,5,6,7,8,10,11,12,16,19,22,24,25
1505,5,3,5,6,8,9,10,12,17,18,19,20,21,22,24
1506,1,1,3,5,11,12,13,14,15,16,18,19,21,23,25
1506,2,1,3,5,6,8,9,11,12,14,15,19,21,24,25
1506,3,1,2,3,5,6,7,8,10,15,16,18,20,23,24
1506,4,1,6,7,8,9,10,12,13,17,19,21,22,23,24
1506,5,1,5,6,7,9,11,14,15,16,17,20,22,23,25
1507,1,1,2,4,6,10,11,14,16,17,18,19,21,23,24
1507,2,1,2,3,6,8,9,12,14,15,17,18,23,24,25
1507,3,4,5,6,7,8,11,13,16,17,18,19,20,22,25
1507,4,1,2,5,7,8,9,10,11,12,15,17,18,22,23
1507,5,2,5,8,9,11,12,13,14,15,17,18,19,21,24
1508,1,1,3,7,8,10,11,12,13,15,18,22,23,24,25
1508,2,2,3,4,5,6,7,10,11,16,17,18,22,23,24
1508,3,3,4,7,8,9,10,18,19,20,21,22,23,24,25
1508,4,4,5,8,9,11,13,14,16,17,18,21,22,24,25
1508,5,2,3,4,5,6,7,8,9,10,15,16,20,22,24
1509,1,3,5,9,10,12,15,16,17,19,20,21,22,24,25
1509,2,1,2,3,4,6,7,8,12,14,17,18,20,22,23
1509,3,1,2,6,7,8,9,15,16,18,20,21,23,24,25
1509,4,3,4,5,6,8,11,14,16,18,19,20,21,24,25
1509,5,3,4,8,9,11,15,16,17,19,20,21,22,23,24
1510,1,1,4,5,7,9,10,11,12,13,15,18,19,20,24
1510,2,5,7,8,9,10,12,13,14,16,17,20,21,22,25
1510,3,1,3,4,6,8,10,13,15,16,17,18,20,21,22
1510,4,3,7,8,9,10,13,14,16,17,18,19,21,22,24
1510,5,1,2,3,4,6,7,9,12,13,15,18,19,23,24
1511,1,1,5,6,8,9,10,11,12,17,19,22,23,24,25
1511,2,2,3,4,6,9,10,12,14,17,19,21,22,23,25
1511,3,1,2,4,5,11,12,13,14,15,17,19,21,22,24
1511,4,2,4,6,8,10,11,12,13,17,18,22,23,24,25
1511,5,3,4,6,10,14,15,16,17,18,19,21,22,23,25
1512,1,1,3,4,5,6,7,8,9,11,14,15,17,20,25
1512,2,1,2,5,6,7,11,13,14,16,19,21,22,23,24
1512,3,2,8,10,11,12,13,14,15,18,19,21,23,24,25
1512,4,1,6,9,10,11,12,13,16,19,20,21,23,24,25
1512,5,1,9,10,11,14,15,16,18,19,21,22,23,24,25
1513,1,2,3,4,5,6,7,9,12,13,14,20,21,24,25
1513,2,1,2,5,6,8,11,13,15,16,17,18,20,24,25
1513,3,2,3,4,6,7,8,9,11,12,16,17,18,21,24
1513,4,2,3,4,7,9,11,14,16,19,20,21,22,23,24
1513,5,2,4,5,6,7,8,14,16,17,19,21,23,24,25
1514,1,4,5,10,13,14,15,16,17,18,19,21,22,23,24
1514,2,3,4,5,7,8,9,12,13,15,17,19,20,21,23
1514,3,1,2,4,6,10,11,12,13,14,16,20,21,24,25
1514,4,2,4,6,7,9,10,11,13,14,15,19,22,24,25
1514,5,1,3,4,5,6,9,10,11,12,13,15,16,21,23
1515,1,1,3,5,7,8,9,11,12,14,18,21,22,23,25
1515,2,1,2,4,5,8,11,12,13,14,15,16,19,22,24
1515,3,1,2,3,7,8,9,12,14,16,17,19,20,21,22
1515,4,1,2,3,4,5,6,7,8,12,13,14,19,21,24
1515,5,2,5,6,8,11,12,14,15,16,17,18,20,21,25
1516,1,1,4,6,7,8,9,11,12,13,14,15,19,20,24
1516,2,3,4,5,6,9,11,12,14,15,17,18,21,23,25
1516,3,1,2,3,4,6,9,11,13,14,15,17,19,22,24
1516,4,3,4,5,6,7,8,9,10,15,17,20,21,23,25
1516,5,2,3,5,6,8,9,11,12,14,16,20,22,23,25
1517,1,1,3,6,7,8,9,10,16,17,18,19,20,22,24
1517,2,2,3,5,7,9,10,12,13,15,16,17,20,22,23
1517,3,1,3,8,9,10,12,13,14,16,18,19,20,22,24
1517,4,1,7,8,9,13,15,16,17,18,21,22,23,24,25
1517,5,1,3,5,7,8,10,11,13,15,17,18,21,22,24
1518,1,1,2,4,6,8,11,12,13,15,17,18,21,22,25
1518,2,1,3,4,6,7,10,12,15,17,18,19,20,23,25
1518,3,1,5,8,9,10,11,12,13,14,15,17,20,22,25
1518,4,4,5,6,7,8,10,11,12,13,15,17,18,21,24
1518,5,3,5,6,9,14,15,17,19,20,21,22,23,24,25
1519,1,2,4,7,10,11,12,14,16,17,18,19,20,24,25
1519,2,2,4,5,10,12,15,17,18,20,21,22,23,24,25
1519,3,4,6,8,9,10,13,14,15,17,18,22,23,24,25
1519,4,2,3,4,5,7,9,10,13,17,18,21,22,23,24
1519,5,2,3,5,6,7,8,9,12,14,17,18,19,20,21
1520,1,2,5,7,8,9,10,11,12,15,19,21,23,24,25
1520,2,1,2,5,6,7,9,12,15,17,18,19,20,22,25
1520,3,1,2,3,5,6,8,10,15,17,19,22,23,24,25
1520,4,2,3,6,7,8,10,14,17,18,19,21,22,24,25
1520,5,2,3,4,6,7,8,11,13,14,15,16,18,21,22
1521,1,2,3,5,6,7,9,10,11,12,17,18,19,20,25
1521,2,1,4,5,6,9,10,11,15,16,18,20,21,22,25
1521,3,2,3,5,8,9,10,13,16,17,18,19,21,24,25
1521,4,1,2,3,6,8,11,12,15,17,21,22,23,24,25
1521,5,2,3,4,7,11,13,14,15,17,18,19,20,21,22
1522,1,3,5,6,7,8,9,10,13,14,16,20,21,23,25
1522,2,1,2,4,6,7,12,14,15,17,18,19,21,22,23
1522,3,2,5,6,7,8,11,12,14,15,16,17,19,23,24
1522,4,1,6,7,10,11,12,16,17,18,20,22,23,24,25
1522,5,2,4,5,6,10,11,12,13,14,16,18,21,22,24
1523,1,2,5,7,8,9,12,13,16,17,18,19,21,22,23
1523,2,1,2,4,5,6,8,9,10,13,16,17,19,21,25
1523,3,2,4,5,7,8,13,14,15,17,18,20,21,22,25
1523,4,2,5,6,7,8,9,10,14,15,16,18,21,23,25
1523,5,4,5,6,8,9,10,12,16,18,19,20,21,23,24
1524,1,1,4,8,9,10,11,12,13,14,15,18,19,23,24
1524,2,1,4,9,10,11,12,14,15,16,17,18,19,22,25
1524,3,3,4,5,7,8,10,12,14,15,16,18,20,22,24
1524,4,1,2,5,6,7,8,9,11,14,17,19,23,24,25
1524,5,1,3,4,7,8,9,11,12,13,15,19,20,21,24
1525,1,2,3,6,7,8,10,15,16,17,20,21,22,23,24
1525,2,2,3,4,9,10,11,12,13,15,16,18,21,22,25
1525,3,2,3,4,5,8,11,12,13,14,17,19,20,23,24
1525,4,1,2,6,7,9,11,13,14,16,18,20,21,23,25
1525,5,1,2,7,10,11,12,15,16,17,18,19,21,22,25
1526,1,1,2,4,7,8,9,12,13,14,15,18,20,24,25
1526,2,2,4,5,7,9,11,13,14,15,17,18,19,20,23
1526,3,1,4,6,7,8,9,11,13,15,16,21,22,23,24
1526,4,1,2,3,4,7,8,9,10,12,15,17,18,22,24
1526,5,1,3,4,6,8,9,12,14,17,19,20,21,24,25
1527,1,3,4,6,7,8,10,13,14,15,16,17,18,22,23
1527,2,2,3,5,6,8,9,11,12,13,14,15,17,19,21
1527,3,1,5,6,8,10,11,12,15,16,18,19,20,21,24
1527,4,2,3,4,5,7,8,10,14,15,17,18,20,22,25
1527,5,4,5,6,8,9,10,11,12,18,19,20,21,24,25
1528,1,1,5,6,7,9,11,12,13,16,21,22,23,24,25
1528,2,1,3,5,6,7,8,10,11,13,15,17,19,23,25
1528,3,3,6,8,9,10,11,12,13,14,16,18,21,22,24
1528,4,1,2,5,7,10,12,14,16,17,18,19,20,22,23
1528,5,2,3,5,10,11,12,13,17,18,20,21,23,24,25
1529,1,1,2,4,5,6,7,8,11,15,17,19,21,23,24
1529,2,1,4,5,6,7,9,11,15,16,18,19,20,22,25
1529,3,2,10,11,12,13,15,16,17,18,20,21,23,24,25
1529,4,3,8,9,10,11,14,15,16,17,18,21,22,23,25
1529,5,1,2,3,7,8,12,14,15,16,18,20,21,24,25
1530,1,1,2,3,4,5,6,12,14,16,17,19,22,23,25
1530,2,3,4,5,7,12,14,15,17,18,19,22,23,24,25
1530,3,2,3,4,6,7,9,10,12,14,15,20,21,23,24
1530,4,1,4,5,6,10,12,13,14,15,17,18,22,23,25
1530,5,2,5,6,8,9,10,11,12,15,17,21,22,24,25
1531,1,3,4,7,11,12,13,16,18,19,20,21,22,24,25
1531,2,4,7,8,9,10,11,12,13,14,16,17,18,23,25
1531,3,1,2,4,5,8,12,14,16,17,18,19,20,22,23
1531,4,1,3,4,8,10,11,12,13,17,18,21,22,24,25
1531,5,2,3,6,7,9,10,13,14,15,16,17,23,24,25
1532,1,1,2,5,7,10,13,14,16,17,20,21,23,24,25
1532,2,2,5,6,8,13,14,15,16,17,19,21,22,24,25
1532,3,1,3,4,6,7,8,9,11,13,15,17,18,21,23
1532,4,2,3,6,7,8,9,11,12,13,15,16,18,21,24
1532,5,2,3,4,7,9,13,14,15,16,18,19,22,24,25
1533,1,4,5,8,9,10,14,15,18,19,20,22,23,24,25
1533,2,2,3,5,9,10,14,15,16,17,19,20,22,23,24
1533,3,1,2,5,6,7,8,9,11,13,16,17,19,21,25
1533,4,3,5,6,7,8,9,12,13,14,15,16,17,18,24
1533,5,1,2,4,5,8,10,11,14,17,19,20,22,23,24
1534,1,1,2,4,5,9,11,12,13,16,17,18,19,21,22
1534,2,1,5,6,8,9,10,12,13,15,16,17,19,20,22
1534,3,2,4,8,9,11,12,14,15,20,21,22,23,24,25
1534,4,2,4,5,9,11,12,14,16,17,19,20,22,23,24
1534,5,3,4,6,8,11,12,13,15,17,18,20,22,23,24
1535,1,2,6,7,8,9,13,14,15,16,18,19,20,21,24
1535,2,3,4,5,6,7,9,11,12,13,14,18,19,21,22
1535,3,2,4,5,6,10,11,12,16,17,20,21,22,24,25
1535,4,1,2,4,5,6,7,11,13,15,17,18,20,21,23
1535,5,1,2,3,4,11,12,13,14,15,18,20,21,22,24
1536,1,1,3,4,5,7,8,10,11,14,19,20,22,23,24
1536,2,3,7,8,12,14,15,16,18,20,21,22,23,24,25
1536,3,1,2,3,8,10,12,14,15,16,17,18,19,20,22
1536,4,1,2,5,7,10,11,15,16,17,19,21,22,24,25
1536,5,1,2,6,7,8,10,12,17,18,19,20,22,23,24
1537,1,3,4,6,10,13,14,16,17,19,20,21,23,24,25
1537,2,3,4,5,8,9,10,11,12,15,16,19,20,21,22
1537,3,1,5,6,7,8,9,11,12,13,14,19,20,21,22
1537,4,1,2,3,4,5,6,14,18,19,20,22,23,24,25
1537,5,1,2,6,10,11,13,16,17,18,19,21,23,24,25
1538,1,1,4,5,8,9,10,11,12,13,14,15,21,24,25
1538,2,2,3,4,6,7,8,11,12,15,16,21,22,23,24
1538,3,4,5,6,7,8,9,11,14,15,16,17,18,19,20
1538,4,3,5,7,9,10,11,13,15,16,19,20,21,23,25
1538,5,1,4,6,7,8,9,10,11,13,14,19,21,24,25
1539,1,3,4,6,9,10,12,13,14,15,16,17,18,19,20
1539,2,4,5,6,8,9,10,11,12,13,14,15,19,20,25
1539,3,2,6,7,10,11,12,13,16,18,19,20,21,22,25
1539,4,1,2,3,5,6,7,9,12,14,15,16,18,20,24
1539,5,1,3,4,5,8,10,11,12,14,15,19,22,23,25
1540,1,5,6,8,9,10,12,13,14,15,17,19,21,22,24
1540,2,4,5,6,7,9,10,11,12,15,17,22,23,24,25
1540,3,2,3,4,6,8,9,10,11,12,13,14,15,23,24
1540,4,1,2,4,6,8,9,15,17,18,19,20,21,22,25
1540,5,1,2,4,9,10,11,12,13,14,15,19,21,23,24
1541,1,1,3,4,7,8,9,10,13,15,18,19,21,22,25
1541,2,1,2,5,6,8,9,10,12,13,14,16,18,20,21
1541,3,2,3,4,6,7,9,10,11,15,18,19,20,21,23
1541,4,1,5,7,8,9,10,11,12,13,14,15,21,23,24
1541,5,1,2,5,6,7,8,9,10,11,15,17,20,22,24
1542,1,2,4,5,6,8,11,12,13,15,16,19,22,23,25
1542,2,2,7,9,10,11,13,15,16,19,21,22,23,24,25
1542,3,2,4,5,7,11,13,14,15,16,17,19,20,23,24
1542,4,3,4,5,8,9,11,12,13,14,15,17,18,21,23
1542,5,1,2,5,7,10,11,12,14,17,19,20,21,22,25
1543,1,3,4,8,10,11,13,16,17,18,19,20,21,24,25
1543,2,4,5,7,9,10,13,14,15,16,18,19,23,24,25
1543,3,1,2,3,5,7,10,12,15,16,18,19,20,21,22
1543,4,1,3,6,7,9,10,11,12,14,17,19,20,21,22
1543,5,2,3,6,8,9,10,12,13,14,21,22,23,24,25
1544,1,3,5,6,7,8,9,10,11,12,13,15,16,21,24
1544,2,2,5,7,8,10,11,13,15,18,19,22,23,24,25
1544,3,2,3,6,7,8,11,13,14,16,18,19,20,23,25
1544,4,2,3,6,8,11,13,15,17,18,19,20,21,22,25
1544,5,1,3,4,5,6,8,11,12,15,16,19,20,21,23
1545,1,1,2,6,7,8,9,10,11,15,16,17,21,23,24
1545,2,1,4,5,6,7,8,11,12,14,15,16,17,20,21
1545,3,1,2,3,5,9,10,12,13,14,17,18,19,21,24
1545,4,1,3,4,6,7,13,14,15,16,17,18,19,22,24
1545,5,1,4,5,7,9,12,16,17,19,20,21,22,23,25
1546,1,3,5,6,7,9,10,12,15,16,17,19,21,23,24
1546,2,2,3,4,6,10,12,13,14,15,17,18,19,22,25
1546,3,1,2,3,5,8,10,11,12,15,16,19,20,22,24
1546,4,2,3,5,7,8,9,11,15,16,17,20,21,23,24
1546,5,3,4,5,6,11,13,15,16,18,19,21,22,23,24
1547,1,3,4,5,8,9,10,12,15,16,17,20,22,23,25
1547,2,1,2,4,7,10,11,12,13,14,16,18,19,22,24
1547,3,1,2,4,5,6,12,16,17,18,20,21,22,23,24
1547,4,4,6,7,9,10,12,15,17,18,20,22,23,24,25
1547,5,1,2,3,4,6,9,13,15,16,18,21,22,23,25
1548,1,3,4,5,7,8,9,10,11,14,16,18,19,24,25
1548,2,3,4,6,7,8,9,10,12,13,15,16,21,23,25
1548,3,1,2,3,4,5,6,9,10,11,12,13,16,19,25
1548,4,2,4,5,6,8,9,10,11,15,16,17,20,22,23
1548,5,2,3,5,6,7,9,11,13,14,16,18,20,21,23
1549,1,1,5,6,7,8,9,10,11,12,14,15,17,21,24
1549,2,6,8,10,11,12,13,15,18,20,21,22,23,24,25
1549,3,2,3,4,5,6,10,13,14,17,19,20,23,24,25
1549,4,1,2,4,5,6,7,10,12,14,15,21,22,24,25
1549,5,2,3,5,6,8,9,10,11,13,15,16,18,23,25
1550,1,1,3,4,5,7,11,14,15,16,17,18,21,22,25
1550,2,1,2,3,6,9,11,12,15,17,19,20,22,23,25
1550,3,1,2,4,5,6,7,8,9,10,11,15,18,20,25
1550,4,3,4,5,6,8,10,11,13,16,18,19,20,23,24
1550,5,2,5,6,7,12,14,16,18,19,20,21,22,23,24
1551,1,4,5,6,7,8,9,10,11,16,17,18,19,23,24
1551,2,1,2,5,8,9,10,11,12,15,16,17,18,20,24
1551,3,1,3,5,6,8,10,11,12,14,15,17,19,23,24
1551,4,2,3,4,5,8,10,13,14,15,16,19,20,24,25
1551,5,1,5,7,8,9,15,17,18,19,21,22,23,24,25
1552,1,1,2,3,5,6,7,8,14,17,20,22,23,24,25
1552,2,1,2,3,4,7,8,9,11,12,14,15,20,22,23
1552,3,2,3,5,11,12,13,15,16,17,19,20,21,22,25
1552,4,4,5,6,7,9,10,12,13,18,19,20,21,23,25
1552,5,2,5,6,9,11,12,13,14,17,18,19,20,21,22
1553,1,2,3,5,7,10,12,13,15,16,18,19,20,23,25
1553,2,3,4,5,7,10,12,13,15,17,18,20,21,22,24
1553,3,1,3,5,6,7,9,10,11,14,17,19,20,22,25
1553,4,4,6,8,9,11,13,14,15,16,17,20,22,24,25
1553,5,1,2,5,6,8,11,13,14,17,18,21,22,23,25
1554,1,1,2,3,4,5,10,12,17,20,21,22,23,24,25
1554,2,1,2,4,5,6,7,8,12,13,14,15,17,18,25
1554,3,1,2,4,6,8,9,11,12,14,15,19,22,23,24
1554,4,1,4,6,11,12,13,14,16,17,18,20,22,23,24
1554,5,1,2,5,6,10,11,12,13,16,17,20,21,22,23
1555,1,2,4,5,7,11,12,13,15,16,17,21,22,23,24
1555,2,4,11,12,13,14,16,17,18,19,21,22,23,24,25
1555,3,1,2,3,4,5,6,12,13,15,17,18,23,24,25
1555,4,1,2,3,5,10,11,13,14,15,17,20,22,24,25
1555,5,2,3,5,8,10,11,12,14,15,17,19,21,22,25
1556,1,2,3,4,5,7,9,11,12,13,14,15,18,19,23
1556,2,3,4,5,6,9,10,13,14,16,18,21,23,24,25
1556,3,1,2,4,6,7,10,13,16,18,19,20,21,22,25
1556,4,2,4,5,6,7,8,9,10,12,14,15,17,20,22
1556,5,1,5,8,11,14,15,16,17,18,19,20,21,22,23
1557,1,1,5,6,7,8,9,10,11,13,16,18,19,20,22
1557,2,1,2,4,5,8,9,10,12,13,16,17,19,20,22
1557,3,1,5,6,7,11,13,15,16,17,18,20,21,24,25
1557,4,2,3,5,6,10,13,15,16,17,18,19,22,24,25
1557,5,1,3,4,6,9,10,11,12,16,19,20,22,23,24
1558,1,2,4,7,8,12,13,15,16,17,18,20,23,24,25
1558,2,1,3,4,5,10,11,12,13,15,16,18,19,21,22
1558,3,1,3,5,7,10,11,13,14,18,19,21,23,24,25
1558,4,4,5,6,8,9,11,12,13,14,16,19,21,24,25
1558,5,4,5,7,8,9,10,11,14,15,17,18,19,23,24
1559,1,2,4,5,6,7,8,9,13,15,16,17,19,20,25
1559,2,2,3,4,8,10,15,16,17,19,20,22,23,24,25
1559,3,2,5,8,10,11,12,13,14,16,17,18,19,20,25
1559,4,2,4,5,7,9,10,11,12,16,17,18,19,22,23
1559,5,2,5,6,7,9,10,12,14,15,16,17,20,23,25
1560,1,3,4,7,9,13,15,17,18,19,20,22,23,24,25
1560,2,1,2,5,7,11,12,13,15,16,18,20,22,24,25
1560,3,2,4,6,8,11,12,13,14,16,17,19,20,22,25
1560,4,3,4,5,7,9,11,12,17,18,20,21,22,23,24
1560,5,1,2,4,5,6,7,8,9,10,11,15,16,20,22
1561,1,1,2,4,6,9,10,14,15,17,18,19,20,22,25
1561,2,5,6,8,11,12,13,14,15,17,19,21,22,24,25
1561,3,1,2,3,5,6,8,9,12,14,15,16,17,18,23
1561,4,1,3,4,5,6,9,13,15,16,17,21,22,23,25
1561,5,3,5,6,7,8,11,12,14,16,17,18,19,23,25
1562,1,1,5,9,12,14,16,17,18,19,21,22,23,24,25
1562,2,1,2,3,4,5,6,13,14,15,16,18,22,24,25
1562,3,2,5,6,7,12,13,14,17,18,20,21,22,24,25
1562,4,3,4,5,6,7,8,11,12,13,14,15,17,20,22
1562,5,2,4,5,7,8,10,12,14,15,16,18,19,21,22
1563,1,1,2,3,4,5,6,7,8,9,14,15,19,20,25
1563,2,1,2,3,5,6,10,11,13,14,15,16,17,21,24
1563,3,3,4,8,9,10,11,13,14,16,19,21,23,24,25
1563,4,1,3,4,6,7,12,13,14,15,17,21,22,24,25
1563,5,1,2,7,9,11,13,14,17,19,20,21,22,24,25
1564,1,1,5,6,7,8,10,11,13,14,15,16,18,20,25
1564,2,2,4,5,6,7,8,9,12,13,16,18,19,21,22
1564,3,1,2,5,6,7,10,11,12,16,17,19,20,23,25
1564,4,2,3,9,10,11,12,15,16,18,19,20,23,24,25
1564,5,1,3,6,7,8,12,13,14,16,18,20,21,23,25
1565,1,2,4,9,10,11,12,14,16,17,20,21,22,23,24
1565,2,2,6,7,8,9,11,12,13,15,16,19,21,22,24
1565,3,1,4,5,7,8,12,13,14,15,17,20,21,22,25
1565,4,7,8,9,10,11,12,14,17,18,19,21,22,23,24
1565,5,2,4,6,7,12,13,16,17,18,19,20,22,24,25
1566,1,4,6,7,8,11,12,13,16,17,18,20,23,24,25
1566,2,1,2,3,6,7,9,10,11,16,17,22,23,24,25
1566,3,1,2,3,4,6,8,10,11,14,16,18,20,21,25
1566,4,2,4,8,9,10,11,12,14,16,17,19,21,23,24
1566,5,3,6,8,11,12,13,14,15,16,17,19,21,23,25
1567,1,1,3,4,6,10,13,14,15,16,18,19,20,22,24
1567,2,1,3,4,6,9,10,15,18,19,21,22,23,24,25
1567,3,1,2,3,4,6,10,13,15,16,17,18,19,20,25
1567,4,1,2,3,5,6,8,13,15,16,18,21,23,24,25
1567,5,1,3,4,7,9,12,14,16,17,19,22,23,24,25
1568,1,3,4,5,7,9,12,14,15,18,20,21,22,24,25
1568,2,1,5,7,10,11,12,13,15,17,18,19,22,23,25
1568,3,1,3,4,5,7,10,11,12,13,14,16,19,21,23
1568,4,3,5,7,8,9,10,16,17,18,19,20,22,23,25
1568,5,2,4,9,10,12,13,14,15,17,18,20,21,22,23
1569,1,2,3,4,8,12,14,15,16,17,18,19,21,23,24
1569,2,1,4,5,6,7,8,10,11,12,17,18,19,22,24
1569,3,5,6,9,10,11,12,13,14,17,20,22,23,24,25
1569,4,1,3,10,11,12,14,15,16,17,18,21,22,23,24
1569,5,3,4,6,7,8,9,10,11,12,15,16,18,23,24
1570,1,2,4,5,8,11,15,16,17,19,20,21,22,23,25
1570,2,1,2,3,4,6,10,12,13,15,17,18,22,23,25
1570,3,1,3,4,6,8,11,12,14,15,17,18,20,22,23
1570,4,1,3,4,5,9,10,11,12,15,16,17,18,19,22
1570,5,2,3,4,6,7,8,11,12,14,15,16,19,22,25
1571,1,2,3,5,6,10,12,14,15,17,19,20,21,23,24
1571,2,2,5,7,10,11,12,13,17,20,21,22,23,24,25
1571,3,4,6,8,10,12,13,14,15,17,18,20,21,22,25
1571,4,1,3,5,6,7,8,10,13,15,16,17,20,21,25
1571,5,5,6,7,8,12,13,14,15,17,21,22,23,24,25
1572,1,1,2,4,5,7,8,9,10,13,15,16,23,24,25
1572,2,1,2,4,8,9,11,12,13,14,16,17,18,23,24
1572,3,2,5,9,10,11,12,13,15,16,17,18,19,21,22
1572,4,2,3,6,9,10,11,12,13,15,16,17,18,19,22
1572,5,1,3,4,6,8,9,11,13,14,16,17,20,22,25
1573,1,4,5,7,8,9,10,13,14,16,18,21,23,24,25
1573,2,1,3,4,5,6,7,8,13,14,16,17,19,22,25
1573,3,1,3,4,6,8,10,12,13,19,20,21,23,24,25
1573,4,1,2,3,5,7,8,11,13,14,17,18,19,21,25
1573,5,3,4,5,6,7,8,10,12,14,18,20,21,22,23
1574,1,2,4,7,8,10,13,14,16,19,20,21,22,24,25
1574,2,1,2,7,8,9,10,11,12,13,21,22,23,24,25
1574,3,1,2,3,6,7,8,9,13,14,17,18,19,21,25
1574,4,3,7,10,11,12,13,14,15,16,18,19,21,24,25
1574,5,1,2,3,5,7,9,12,15,17,19,20,21,22,24
1575,1,1,3,5,6,7,8,10,11,13,15,18,21,23,25
1575,2,1,2,3,5,6,9,10,11,13,14,16,17,19,22
1575,3,2,5,6,8,9,11,12,13,14,15,21,22,24,25
1575,4,1,2,4,6,7,9,10,11,14,15,17,18,20,23
1575,5,1,3,5,6,8,10,12,13,14,16,17,19,20,22
1576,1,2,3,4,6,10,11,13,14,17,19,20,23,24,25
1576,2,1,2,4,5,9,10,11,12,14,16,18,23,24,25
1576,3,1,2,3,4,6,7,8,13,14,15,17,21,22,24
1576,4,1,2,4,7,8,12,13,15,19,20,21,22,23,24
1576,5,1,6,7,9,13,14,15,17,19,20,21,22,23,24
1577,1,3,4,5,9,11,12,13,14,15,18,19,20,22,23
1577,2,1,3,5,6,8,9,13,14,15,18,22,23,24,25
1577,3,1,3,8,10,11,12,13,14,17,18,22,23,24,25
1577,4,2,3,4,8,9,11,12,13,16,17,18,19,20,21
1577,5,1,4,6,7,9,14,15,16,17,19,20,22,24,25
1578,1,1,3,4,5,9,10,12,15,16,17,20,21,22,24
1578,2,1,2,4,7,8,9,11,12,17,18,20,22,24,25
1578,3,1,2,4,5,6,7,8,9,11,12,15,18,21,23
1578,4,2,3,5,6,7,12,13,15,16,18,20,21,22,23
1578,5,1,3,6,7,9,10,11,12,14,17,19,22,24,25
1579,1,2,3,5,9,10,11,13,14,17,18,19,20,21,24
1579,2,1,2,4,5,7,8,9,10,13,16,21,23,24,25
1579,3,1,4,5,8,10,12,14,16,18,19,20,22,23,24
1579,4,1,3,5,6,7,8,9,11,14,15,16,17,18,25
1579,5,1,3,5,6,7,11,12,13,16,18,19,20,23,24
1580,1,1,2,3,5,9,10,13,14,15,16,21,22,24,25
1580,2,1,2,3,4,6,7,8,10,12,13,14,19,22,25
1580,3,4,5,7,8,11,12,13,16,17,20,21,23,24,25
1580,4,1,2,3,5,6,9,10,11,17,21,22,23,24,25
1580,5,1,2,3,5,7,8,10,11,15,17,20,22,23,24
1581,1,4,5,6,7,8,12,13,15,16,17,20,21,22,25
1581,2,1,2,3,4,7,8,13,15,16,19,20,22,24,25
1581,3,5,6,7,9,11,12,13,16,17,18,19,22,24,25
1581,4,3,6,8,9,10,11,12,19,20,21,22,23,24,25
1581,5,1,5,6,7,9,11,14,16,17,19,20,21,23,25
1582,1,2,3,7,10,11,14,15,16,18,21,22,23,24,25
1582,2,2,3,6,7,9,11,12,15,16,17,20,21,22,24
1582,3,1,3,4,5,7,8,9,11,14,15,17,19,20,25
1582,4,4,5,6,7,8,9,11,13,15,16,18,21,23,24
1582,5,1,2,3,4,8,11,13,16,17,18,20,21,22,24
1583,1,1,3,4,5,7,8,9,10,11,13,16,21,23,24
1583,2,1,3,4,5,6,9,10,11,12,15,16,17,21,23
1583,3,5,6,7,9,11,12,13,15,18,20,22,23,24,25
1583,4,2,4,5,7,9,12,15,16,17,18,19,20,22,23
1583,5,2,3,4,5,6,7,11,12,16,19,21,23,24,25
1584,1,2,3,5,6,7,9,10,12,13,16,19,20,22,25
1584,2,2,6,9,10,11,14,15,16,18,20,21,23,24,25
1584,3,1,4,5,6,8,9,11,12,14,18,22,23,24,25
1584,4,3,4,9,10,12,13,14,16,19,20,21,22,23,25
1584,5,1,5,7,10,11,13,14,15,16,18,19,20,24,25
1585,1,1,2,4,5,6,7,8,10,12,14,16,18,19,20
1585,2,1,3,4,8,9,11,12,13,14,15,20,21,23,25
1585,3,2,3,4,5,6,8,12,13,14,15,16,20,21,25
1585,4,1,2,3,4,6,8,10,11,13,14,15,16,22,24
1585,5,2,4,5,9,11,13,14,15,16,18,20,21,24,25
1586,1,1,3,4,6,9,11,14,16,17,19,20,21,23,24
1586,2,2,3,4,5,7,8,12,13,16,18,19,20,22,23
1586,3,2,3,4,5,6,7,12,13,14,15,18,19,21,23
1586,4,6,7,8,10,11,13,14,15,16,18,19,20,21,22
1586,5,1,5,6,9,11,12,13,15,16,17,18,21,23,25
1587,1,4,5,6,8,9,11,12,13,15,16,18,19,20,24
1587,2,1,3,5,7,10,11,12,14,15,16,17,18,22,23
1587,3,2,5,7,8,9,11,12,14,16,18,19,20,21,23
1587,4,1,2,3,5,6,7,8,13,14,16,17,19,21,23
1587,5,2,3,7,9,10,11,12,14,15,18,19,20,23,25
1588,1,4,6,7,8,9,10,12,13,15,18,20,21,22,24
1588,2,1,6,7,8,9,10,11,13,14,16,17,20,21,22
1588,3,2,4,5,6,7,8,9,15,16,20,21,22,23,24
1588,4,1,3,4,7,8,9,10,11,12,13,14,20,21,25
1588,5,2,6,8,11,12,13,14,15,16,17,19,20,22,23
1589,1,1,2,4,5,6,7,8,10,13,15,17,20,21,24
1589,2,3,5,6,10,12,13,15,16,17,19,21,23,24,25
1589,3,2,3,5,7,8,10,11,12,13,16,21,23,24,25
1589,4,2,3,4,5,6,8,10,11,12,13,16,21,23,25
1589,5,1,3,4,5,6,9,10,11,12,16,18,19,20,24
1590,1,4,5,6,8,9,11,12,13,14,15,17,18,21,25
1590,2,1,3,4,5,11,12,14,15,17,20,21,22,23,24
1590,3,1,2,6,9,10,12,14,15,17,19,20,21,22,23
1590,4,1,3,4,7,9,10,11,13,15,16,18,19,20,23
1590,5,1,3,4,6,12,15,16,17,18,19,21,23,24,25
1591,1,2,4,5,6,8,9,12,13,14,18,19,20,21,23
1591,2,1,3,4,5,7,8,9,11,12,16,17,20,24,25
1591,3,1,3,5,6,12,13,14,16,18,19,22,23,24,25
1591,4,2,4,6,8,9,10,11,12,13,14,16,17,19,24
1591,5,1,2,5,7,10,12,13,14,16,17,20,21,24,25
1592,1,1,3,4,5,6,7,9,13,14,15,19,23,24,25
1592,2,2,4,7,8,9,11,12,14,15,16,21,22,24,25
1592,3,1,2,4,5,7,8,9,11,12,15,16,18,21,25
1592,4,1,2,3,5,6,9,12,13,15,16,18,20,21,24
1592,5,1,2,4,5,7,8,9,10,11,13,17,18,20,25
1593,1,2,5,6,8,9,11,12,13,17,18,20,22,24,25
1593,2,4,5,6,7,9,10,15,17,18,19,20,21,23,24
1593,3,1,2,4,5,10,12,14,15,18,19,20,21,23,25
1593,4,1,2,3,5,6,7,8,9,10,11,14,17,18,23
1593,5,1,2,6,7,9,10,11,12,13,18,19,22,23,25
1594,1,2,4,5,6,7,8,9,10,12,13,17,18,20,25
1594,2,1,3,4,5,6,7,9,10,14,17,18,19,20,22
1594,3,1,2,5,8,10,12,13,15,17,20,22,23,24,25
1594,4,2,3,4,9,11,13,14,15,17,18,21,22,23,24
1594,5,5,6,7,8,11,12,14,15,18,19,20,22,24,25
1595,1,2,3,5,7,8,9,10,11,12,13,14,17,20,22
1595,2,1,2,3,6,7,8,11,14,15,16,18,19,23,24
1595,3,1,5,6,8,10,11,12,13,14,17,20,23,24,25
1595,4,1,2,3,6,8,9,11,12,14,16,19,21,22,23
1595,5,1,4,7,9,10,15,17,18,19,20,22,23,24,25
1596,1,2,3,4,5,6,9,11,13,14,15,19,21,23,24
1596,2,1,2,3,4,5,6,7,10,12,14,17,22,23,25
1596,3,1,2,3,4,7,10,11,12,13,15,16,17,19,25
1596,4,1,2,3,5,7,9,10,11,13,17,18,19,21,23
1596,5,2,4,5,6,7,8,10,11,13,14,16,17,21,23
1597,1,1,3,4,5,7,8,12,13,15,17,19,22,24,25
1597,2,1,7,8,9,10,11,12,13,15,18,21,22,23,24
1597,3,1,2,3,5,12,13,14,16,17,18,19,20,21,24
1597,4,1,2,3,5,7,10,13,17,18,19,21,22,23,24
1597,5,2,3,4,5,6,10,13,14,16,18,19,20,24,25
1598,1,1,2,4,7,9,10,11,12,16,17,20,22,23,24
1598,2,1,4,5,6,8,10,12,14,15,18,21,22,23,25
1598,3,1,4,5,7,8,9,10,11,12,15,17,19,20,25
1598,4,1,3,4,5,7,8,9,13,14,17,18,19,21,24
1598,5,1,8,9,11,12,13,14,16,18,20,21,22,23,24
1599,1,4,5,6,10,13,14,15,17,18,21,22,23,24,25
1599,2,3,5,6,7,9,10,11,12,13,14,16,19,22,24
1599,3,4,7,8,9,10,13,14,15,17,18,19,23,24,25
1599,4,3,7,8,9,10,12,14,15,16,17,18,20,21,23
1599,5,1,3,5,6,8,9,10,11,14,16,18,20,21,23
1600,1,3,4,5,8,9,10,12,14,16,17,21,22,24,25
1600,2,2,3,4,5,6,9,10,11,14,17,20,22,24,25
1600,3,2,8,9,10,12,14,16,17,18,19,20,21,24,25
1600,4,1,3,8,10,12,13,14,15,16,17,19,23,24,25
1600,5,1,2,3,4,6,7,9,10,14,16,17,18,19,25
1601,1,1,2,5,6,9,10,12,16,17,18,21,22,23,25
1601,2,1,3,4,6,9,10,11,13,15,16,17,18,22,23
1601,3,2,3,4,7,8,10,12,14,18,20,21,22,23,25
1601,4,1,2,7,9,11,12,14,15,17,18,20,23,24,25
1601,5,1,2,3,4,6,8,10,12,13,17,18,19,21,23
1602,1,2,4,5,6,7,10,12,13,14,16,18,19,23,25
1602,2,3,4,9,10,13,14,15,16,17,20,21,23,24,25
1602,3,1,4,5,7,8,9,10,11,15,16,17,18,19,20
1602,4,2,4,5,6,7,9,11,14,15,16,17,20,24,25
1602,5,5,6,7,8,10,11,12,13,16,17,18,19,21,23
1603,1,2,7,8,10,11,12,13,16,17,18,21,22,23,25
1603,2,2,3,4,5,10,11,12,14,15,19,20,21,24,25
1603,3,1,3,6,7,8,9,12,13,14,15,16,17,18,24
1603,4,1,3,4,5,9,10,12,13,14,15,17,21,22,25
1603,5,3,4,6,7,9,10,12,14,15,16,20,22,23,25
1604,1,1,2,4,5,9,10,11,14,16,18,19,20,22,23
1604,2,2,4,5,7,12,13,15,16,17,19,20,21,22,25
1604,3,1,3,4,5,8,9,10,11,14,16,20,21,23,24
1604,4,2,3,4,5,6,9,11,12,15,19,21,22,23,25
1604,5,1,3,6,8,9,12,14,17,18,19,20,22,23,24
1605,1,1,3,4,5,6,9,10,11,12,13,15,18,24,25
1605,2,3,5,7,10,13,14,15,16,18,20,22,23,24,25
1605,3,1,3,4,5,6,8,11,13,14,19,20,21,22,24
1605,4,3,4,6,7,8,11,12,16,18,19,20,21,23,24
1605,5,5,6,8,9,10,11,13,15,16,17,18,22,23,24
1606,1,1,4,7,10,11,13,17,19,20,21,22,23,24,25
1606,2,1,2,5,10,11,12,14,16,17,19,21,23,24,25
1606,3,1,2,5,6,7,8,9,10,14,15,18,22,23,24
1606,4,2,4,7,8,9,11,13,14,16,17,20,21,22,25
1606,5,2,3,5,7,8,12,13,14,17,20,21,22,23,25
1607,1,2,5,6,7,8,10,11,12,14,16,17,19,21,22
1607,2,1,2,4,6,9,11,12,13,14,16,19,21,23,25
1607,3,1,2,3,4,7,9,10,11,16,17,20,22,23,24
1607,4,5,6,7,9,10,12,13,14,16,17,19,22,24,25
1607,5,3,4,6,9,10,12,14,15,16,18,20,21,22,25
1608,1,3,4,5,6,7,8,9,13,15,16,18,21,22,24
1608,2,2,4,5,6,8,11,13,15,16,17,19,20,21,25
1608,3,1,3,4,7,8,9,10,12,15,19,20,21,22,24
1608,4,2,3,5,6,7,8,12,14,15,16,18,19,22,23
1608,5,1,2,3,6,7,10,11,13,15,17,18,22,23,24
1609,1,1,2,4,7,8,9,10,11,12,14,18,19,22,25
1609,2,4,6,7,9,10,11,13,14,15,17,18,20,22,25
1609,3,2,3,8,9,11,13,16,17,18,19,21,22,23,25
1609,4,1,2,4,5,11,13,14,16,18,19,20,21,23,25
1609,5,2,3,5,6,9,12,13,15,16,17,18,21,23,24
1610,1,1,5,6,7,8,9,11,12,13,14,17,18,19,22
1610,2,1,2,4,5,6,7,8,14,15,17,19,21,23,24
1610,3,2,4,7,9,10,11,12,13,14,16,19,21,22,24
1610,4,2,4,6,7,8,11,16,18,20,21,22,23,24,25
1610,5,4,6,8,11,12,16,17,18,19,20,21,22,23,24
1611,1,2,3,6,7,9,11,12,14,15,16,19,22,23,24
1611,2,1,3,4,5,7,8,9,11,12,14,15,16,17,18
1611,3,2,3,4,5,7,8,14,15,17,19,21,22,23,25
1611,4,3,7,8,9,10,11,12,16,17,18,19,20,22,23
1611,5,3,4,7,10,11,13,14,17,19,20,21,23,24,25
1612,1,1,2,3,5,6,11,12,13,15,16,19,21,23,24
1612,2,2,3,7,9,10,12,13,14,15,18,19,20,22,23
1612,3,2,3,5,7,8,10,12,13,14,15,17,20,22,24
1612,4,4,6,7,8,9,10,12,15,16,18,19,20,22,23
1612,5,1,2,8,9,11,12,17,18,19,20,21,23,24,25
1613,1,1,2,4,8,9,11,14,15,17,18,20,22,23,25
1613,2,1,4,5,8,9,13,14,17,18,20,21,22,23,25
1613,3,1,2,4,5,6,7,13,14,15,16,19,20,21,25
1613,4,4,6,8,12,13,14,15,16,17,19,21,22,24,25
1613,5,1,3,6,7,8,9,10,11,14,15,16,19,23,24
1614,1,4,6,7,8,9,10,14,15,17,19,22,23,24,25
1614,2,1,2,3,4,5,8,9,10,12,16,17,19,23,25
1614,3,4,11,12,13,14,15,16,17,18,20,22,23,24,25
1614,4,1,5,6,7,8,9,10,11,12,13,19,20,22,25
1614,5,1,2,5,7,9,10,11,12,14,15,16,19,21,24
1615,1,1,2,3,4,5,7,9,15,16,18,20,21,23,25
1615,2,2,3,9,10,11,12,16,18,19,20,21,22,24,25
1615,3,1,2,3,4,6,7,10,11,13,17,21,22,24,25
1615,4,1,4,6,7,8,9,10,12,13,14,19,22,23,25
1615,5,1,2,6,7,9,10,12,13,15,16,19,22,23,25
1616,1,1,2,4,7,8,9,10,13,14,15,17,19,22,24
1616,2,1,2,4,7,8,11,13,17,19,20,22,23,24,25
1616,3,1,2,3,7,8,10,11,12,14,15,18,20,21,25
1616,4,1,3,6,7,8,14,15,17,18,19,22,23,24,25
1616,5,1,3,8,11,12,13,14,18,19,20,21,23,24,25
1617,1,1,2,3,6,7,8,12,14,15,16,18,19,21,22
1617,2,3,4,6,7,10,12,13,18,19,20,21,22,23,24
1617,3,1,2,3,5,7,12,13,14,15,16,19,21,23,24
1617,4,3,6,7,8,13,14,15,16,17,19,20,21,24,25
1617,5,1,3,4,5,7,8,10,11,15,16,17,19,22,25
1618,1,2,4,5,8,9,10,12,13,15,18,22,23,24,25
1618,2,1,3,4,5,6,7,8,9,12,13,14,16,17,24
1618,3,1,3,4,5,7,8,9,10,13,16,17,21,23,24
1618,4,1,2,4,7,10,11,12,13,14,17,19,22,24,25
1618,5,1,2,4,6,7,9,11,12,13,14,17,18,21,23
1619,1,1,3,7,8,9,10,13,14,15,16,17,18,23,25
1619,2,1,2,6,9,10,12,15,17,18,19,20,22,23,25
1619,3,2,5,6,7,8,9,10,14,18,19,22,23,24,25
1619,4,4,6,7,9,10,11,13,14,15,16,20,22,23,25
1619,5,1,2,6,7,8,12,13,14,15,17,19,21,22,24
1620,1,1,2,3,6,7,9,10,11,16,17,18,21,22,23
1620,2,1,2,3,8,9,12,13,15,16,18,19,20,23,24
1620,3,1,3,5,6,7,10,12,13,14,19,21,22,23,25
1620,4,4,6,9,10,11,12,13,15,16,17,18,21,22,23
1620,5,2,4,5,6,7,8,10,12,13,14,15,18,20,25
1621,1,1,2,3,4,5,9,11,12,14,16,19,20,22,23
1621,2,2,5,6,7,8,11,12,14,15,18,20,21,22,24
1621,3,2,4,5,6,7,9,10,14,18,19,20,22,24,25
1621,4,2,3,8,10,12,14,15,16,18,20,22,23,24,25
1621,5,4,6,8,10,11,13,14,15,16,17,18,19,20,25
1622,1,1,2,4,7,8,10,12,13,19,20,21,22,23,25
1622,2,1,4,8,10,11,13,14,15,18,19,20,21,24,25
1622,3,3,4,8,9,10,11,12,13,14,15,18,20,22,25
1622,4,1,2,3,4,8,9,10,13,16,17,19,20,22,25
1622,5,1,2,4,6,7,12,13,14,16,19,20,23,24,25
1623,1,2,3,4,5,6,7,10,15,16,18,20,22,23,25
1623,2,1,2,3,7,9,10,11,13,15,16,17,19,23,24
1623,3,2,3,4,6,8,10,11,13,17,19,20,21,22,25
1623,4,1,2,3,8,10,11,12,15,16,19,20,21,23,25
1623,5,2,3,4,5,6,7,8,9,12,13,18,20,22,25
1624,1,2,3,5,9,10,11,13,14,17,18,20,21,23,24
1624,2,1,3,6,9,11,12,14,16,17,18,19,20,23,24
1624,3,1,2,3,4,5,6,9,10,13,16,17,18,19,25
1624,4,5,6,8,12,13,14,15,16,17,18,20,21,22,24
1624,5,1,3,6,7,8,9,10,11,12,13,15,16,17,25
1625,1,1,2,4,5,6,11,13,14,16,18,21,23,24,25
1625,2,1,3,4,8,9,10,11,17,18,20,22,23,24,25
1625,3,1,4,5,7,8,9,11,15,16,18,20,22,24,25
1625,4,2,4,5,6,7,10,13,15,16,18,19,20,22,25
1625,5,1,3,4,7,8,10,11,12,13,14,16,18,19,20
1626,1,1,3,4,7,8,9,10,12,13,15,17,21,23,24
1626,2,2,3,4,5,6,8,12,13,15,18,20,22,24,25
1626,3,3,7,9,11,12,14,15,17,18,19,20,23,24,25
1626,4,1,3,7,8,9,13,17,18,19,20,21,23,24,25
1626,5,2,3,4,6,9,13,15,16,17,18,19,20,23,25
1627,1,2,3,4,5,7,8,9,10,12,16,17,22,23,24
1627,2,2,3,4,6,8,9,10,11,15,17,21,23,24,25
1627,3,3,6,9,10,11,12,14,16,18,20,21,22,23,25
1627,4,1,3,7,8,9,10,11,13,16,17,20,23,24,25
1627,5,2,3,4,6,7,8,10,12,13,16,20,21,23,25
1628,1,3,4,6,7,11,12,15,16,17,18,19,20,23,25
1628,2,2,6,7,8,12,13,14,16,17,21,22,23,24,25
1628,3,1,5,6,7,8,9,15,16,17,18,19,23,24,25
1628,4,1,2,5,6,7,9,10,11,19,20,21,22,24,25
1628,5,1,2,4,5,8,10,13,14,15,16,19,20,23,25
1629,1,1,4,5,6,9,10,11,12,13,14,19,20,24,25
1629,2,1,2,3,4,7,9,10,12,13,14,15,18,19,24
1629,3,1,2,3,4,6,9,12,15,18,19,21,23,24,25
1629,4,3,6,7,10,13,15,17,18,19,20,21,23,24,25
1629,5,2,3,4,5,9,10,13,15,16,19,20,21,22,24
1630,1,2,5,7,8,9,10,11,12,13,14,17,19,20,23
1630,2,3,4,5,9,12,13,15,16,17,18,20,21,23,25
1630,3,2,3,4,5,6,11,12,13,14,15,17,18,19,22
1630,4,1,2,3,4,7,14,15,16,19,20,22,23,24,25
1630,5,1,3,5,7,8,12,13,15,16,17,18,19,23,24
1631,1,3,5,9,11,13,14,15,16,19,20,21,22,23,25
1631,2,1,4,5,8,9,11,12,13,14,15,18,19,22,23
1631,3,3,6,7,8,9,10,11,12,14,15,19,20,21,23
1631,4,1,3,5,6,9,10,13,17,18,21,22,23,24,25
1631,5,1,2,3,4,7,9,11,14,15,19,20,23,24,25
1632,1,2,4,5,7,8,10,11,12,14,16,20,22,23,24
1632,2,1,2,6,7,10,11,13,14,16,17,18,20,21,22
1632,3,1,3,5,6,8,9,10,13,15,17,18,19,20,25
1632,4,4,5,7,9,11,12,14,15,16,17,18,19,20,24
1632,5,1,2,3,4,5,6,8,12,13,14,16,17,18,24
1633,1,1,2,4,5,6,7,10,12,13,14,17,18,23,24
1633,2,3,6,10,11,12,13,14,16,17,18,20,21,22,24
1633,3,1,2,5,6,7,9,10,11,14,16,20,21,23,24
1633,4,4,7,8,9,11,12,14,15,19,20,21,22,24,25
1633,5,1,5,6,7,8,9,14,15,16,17,18,19,20,22
1634,1,1,2,4,6,7,8,10,12,13,17,20,23,24,25
1634,2,5,6,7,8,10,14,15,17,18,19,20,23,24,25
1634,3,2,3,5,7,11,13,15,17,19,20,21,22,23,25
1634,4,4,6,7,9,10,11,14,15,16,17,18,19,22,25
1634,5,2,3,4,6,10,11,12,13,17,18,20,22,23,24
1635,1,1,3,4,5,6,9,10,11,12,14,15,21,22,25
1635,2,1,2,3,6,12,13,14,15,16,17,21,22,24,25
1635,3,1,2,7,10,11,12,14,15,19,20,21,22,23,25
1635,4,1,3,4,6,7,8,12,14,16,20,22,23,24,25
1635,5,2,3,4,6,7,8,10,11,15,20,21,22,24,25
1636,1,1,2,4,5,10,11,12,15,17,19,21,22,23,25
1636,2,1,2,6,7,8,9,10,12,14,16,21,22,23,25
1636,3,3,4,7,9,11,12,13,14,16,17,18,20,23,25
1636,4,3,4,9,10,11,12,13,15,16,17,19,20,22,24
1636,5,1,4,7,9,12,14,15,18,19,20,21,22,24,25
1636,6,1,4,5,7,9,11,13,15,17,18,19,22,23,25
1636,7,2,4,6,7,8,10,12,13,14,15,19,20,22,25
1636,8,1,2,4,5,9,10,11,12,15,19,22,23,24,25
1636,9,1,2,4,5,7,10,14,15,19,20,21,22,23,25
1636,10,1,4,7,8,11,12,15,16,19,21,22,23,24,25
1636,11,1,2,4,5,6,8,12,13,15,16,19,21,22,23
1636,12,1,2,3,6,7,9,10,12,13,15,17,19,21,23
1636,13,1,3,4,5,7,8,10,13,14,16,17,19,20,24
1637,1,1,3,4,5,7,9,12,13,14,17,18,19,22,25
1637,2,2,5,6,7,9,10,12,15,16,17,20,22,24,25
1637,3,2,3,4,5,6,7,10,12,13,15,16,22,23,25
1637,4,2,5,6,7,8,10,11,14,15,19,20,22,24,25
1637,5,1,5,7,9,13,14,16,17,18,21,22,23,24,25
1637,6,2,5,6,7,9,11,12,13,15,17,19,22,24,25
1637,7,2,6,7,8,9,13,14,16,18,19,22,23,24,25
1637,8,2,3,4,5,6,7,8,9,14,18,20,21,22,24
1637,9,2,4,5,6,8,9,11,12,13,17,19,22,23,25
1637,10,1,3,5,6,8,9,12,14,16,18,20,21,23,24
1637,11,4,6,7,8,10,11,12,15,18,19,21,23,24,25
1637,12,1,2,3,5,6,9,12,14,15,17,18,21,23,25
1637,13,1,3,4,5,6,8,10,13,15,19,20,22,24,25
1638,1,2,3,6,9,11,13,14,15,16,17,18,19,21,25
1638,2,2,3,7,9,10,11,13,15,16,18,21,23,24,25
1638,3,2,3,5,6,7,8,10,11,17,18,20,21,24,25
1638,4,2,3,7,10,11,12,13,15,16,18,21,23,24,25
1638,5,1,3,4,5,6,7,8,12,13,14,16,19,23,25
1638,6,1,4,5,7,11,13,15,17,18,21,22,23,24,25
1638,7,4,6,7,9,10,14,15,16,17,18,19,21,24,25
1638,8,1,3,4,7,8,10,11,15,16,18,19,21,22,23
1638,9,1,3,4,7,13,15,16,17,18,19,22,23,24,25
1638,10,1,2,5,6,7,8,10,14,16,18,22,23,24,25
1638,11,6,7,8,10,12,13,14,16,18,19,21,23,24,25
1638,12,2,3,4,9,12,13,14,17,18,20,22,23,24,25
1638,13,1,3,4,5,10,11,13,16,17,19,20,22,23,25
1639,1,1,2,3,4,5,7,8,11,14,16,18,20,22,25
1639,2,1,2,4,6,7,8,10,12,16,18,19,20,21,23
1639,3,3,4,5,7,8,9,13,15,19,21,22,23,24,25
1639,4,2,3,5,6,7,12,13,16,17,18,20,21,24,25
1639,5,2,6,8,9,11,14,15,17,18,19,20,21,23,24
1639,6,1,5,7,8,9,10,11,13,15,16,17,19,21,23
1639,7,1,2,3,6,10,13,14,16,17,18,19,20,21,25
1639,8,2,4,5,6,8,9,13,16,17,18,19,21,22,24
1639,9,2,3,5,6,7,9,12,14,16,18,19,21,24,25
1639,10,6,9,10,11,12,13,15,17,18,19,21,22,23,24
1639,11,2,7,8,9,11,13,14,15,17,18,21,22,24,25
1639,12,1,6,8,9,11,12,13,14,15,18,19,20,21,25
1639,13,1,2,6,8,9,10,14,16,17,18,20,21,23,25
1640,1,1,3,6,7,9,13,14,15,17,20,21,22,24,25
1640,2,2,5,6,7,12,14,15,16,17,19,20,21,22,25
1640,3,1,2,4,7,9,12,15,16,17,19,20,22,24,25
1640,4,2,4,5,6,8,12,13,14,16,19,22,23,24,25
1640,5,1,2,6,11,12,13,14,16,17,19,20,22,23,24
1640,6,1,2,3,4,6,8,9,13,16,17,20,21,23,24
1640,7,1,2,3,4,7,8,11,14,16,19,21,22,23,25
1640,8,3,4,6,7,10,11,13,14,15,16,17,18,20,25
1640,9,3,5,6,7,9,10,12,16,18,19,20,21,23,25
1640,10,2,5,6,7,8,10,13,15,17,19,22,23,24,25
1640,11,2,3,6,7,8,10,13,15,18,19,20,22,23,25
1640,12,1,2,3,4,7,8,10,11,12,16,17,20,23,25
1640,13,3,5,6,9,10,11,13,14,15,16,17,19,22,24
1641,1,1,2,3,6,8,9,10,11,15,19,20,21,23,25
1641,2,1,2,5,6,11,12,14,16,18,19,20,23,24,25
1641,3,1,2,6,7,9,10,14,15,16,17,18,20,24,25
1641,4,2,3,6,8,10,11,12,15,16,20,21,23,24,25
1641,5,1,2,3,4,5,7,8,9,11,12,16,19,20,25
1641,6,1,2,6,7,8,9,10,11,12,15,16,17,22,23
1641,7,1,3,6,8,10,12,14,16,17,19,22,23,24,25
1641,8,3,7,9,10,11,14,15,16,17,18,20,21,23,25
1641,9,1,2,4,5,6,9,12,13,14,16,18,21,23,24
1641,10,1,4,5,7,9,10,12,13,15,19,21,22,23,25
1641,11,2,3,5,6,7,9,11,12,13,14,17,18,19,21
1641,12,3,4,6,8,10,11,14,16,17,19,20,21,23,25
1641,13,1,4,5,7,8,9,11,14,15,17,18,21,24,25
1642,1,2,3,4,6,7,8,10,11,14,16,18,20,21,24
1642,2,1,2,3,6,7,8,9,10,11,12,16,18,23,24
1642,3,4,7,9,10,11,15,16,19,20,21,22,23,24,25
1642,4,2,7,9,12,13,15,16,18,19,20,21,22,24,25
1642,5,1,7,8,10,11,12,13,18,20,21,22,23,24,25
1642,6,5,6,7,8,11,13,14,15,16,17,22,23,24,25
1642,7,3,6,9,10,12,13,14,15,16,17,19,20,23,24
1642,8,1,3,4,5,8,9,10,11,13,15,16,19,20,22
1642,9,1,2,4,5,8,10,12,15,16,17,18,22,23,25
1642,10,1,2,4,5,6,7,8,10,14,15,17,18,19,22
1642,11,1,4,6,10,11,12,16,17,18,19,21,22,23,25
1642,12,2,7,8,10,11,13,14,16,17,19,20,21,22,24
1642,13,1,2,8,9,10,11,13,14,15,18,19,21,22,23
1643,1,1,2,6,7,8,10,11,12,13,14,16,17,19,24
1643,2,1,3,4,5,6,8,10,11,15,17,18,19,23,25
1643,3,1,4,5,7,9,10,11,13,15,16,17,18,20,25
1643,4,1,2,5,11,12,13,14,15,16,19,21,22,23,25
1643,5,2,3,4,5,6,7,9,12,15,18,20,22,23,24
1643,6,1,3,4,5,7,11,12,13,15,16,17,18,21,24
1643,7,1,3,6,9,10,11,14,16,17,19,20,23,24,25
1643,8,1,3,4,7,9,11,12,13,15,17,19,22,24,25
1643,9,2,3,4,5,6,8,11,16,19,20,21,23,24,25
1643,10,2,6,8,9,10,11,13,14,16,17,19,21,23,24
1643,11,7,9,10,12,14,15,16,17,18,19,22,23,24,25
1643,12,1,3,5,7,8,9,12,13,15,16,17,21,24,25
1643,13,1,3,4,6,8,13,14,16,17,18,19,21,22,25
1644,1,1,2,3,4,6,7,8,12,13,15,16,17,21,23
1644,2,1,3,5,6,8,9,10,13,16,19,20,21,22,25
1644,3,4,5,6,8,10,11,12,13,14,15,20,23,24,25
1644,4,2,3,4,5,6,7,8,9,16,17,18,22,23,25
1644,5,1,2,3,5,6,7,8,13,14,16,17,22,24,25
1644,6,2,3,7,8,9,12,13,16,17,18,20,21,23,25
1644,7,1,4,5,6,7,9,13,14,15,19,21,22,24,25
1644,8,2,3,5,7,10,11,13,15,17,18,20,21,22,23
1644,9,1,2,3,5,7,9,10,14,15,17,20,21,23,24
1644,10,2,3,5,6,7,8,11,12,15,18,19,20,22,23
1644,11,1,4,6,8,9,10,11,12,13,15,18,21,22,25
1644,12,3,7,12,13,14,15,16,18,19,20,22,23,24,25
1644,13,2,3,5,6,7,8,11,12,14,15,16,17,18,21
1645,1,1,5,7,10,11,12,13,14,17,18,19,21,23,25
1645,2,1,2,3,4,5,8,9,14,15,16,20,22,23,24
1645,3,1,3,5,6,9,11,13,15,18,19,20,21,24,25
1645,4,1,4,5,8,9,10,14,17,18,20,21,22,23,24
1645,5,1,4,7,8,9,10,11,12,15,17,18,20,21,23
1645,6,3,4,5,6,8,9,10,11,13,14,16,18,20,22
1645,7,1,2,3,5,7,9,11,13,16,19,20,22,24,25
1645,8,1,6,9,10,11,12,13,14,16,18,19,22,23,24
1645,9,2,3,4,5,7,8,9,10,14,15,19,22,24,25
1645,10,1,2,5,6,8,10,11,13,14,15,16,17,19,24
1645,11,1,2,4,7,9,10,12,14,18,19,21,22,23,25
1645,12,1,3,5,6,8,9,11,12,15,16,17,21,22,24
1645,13,1,3,4,5,8,9,11,12,14,16,17,19,23,24
1646,1,2,3,5,6,7,9,10,11,12,14,17,21,23,25
1646,2,2,3,6,8,11,12,13,14,16,17,22,23,24,25
1646,3,1,5,7,8,9,11,13,14,16,18,19,20,22,24
1646,4,1,2,3,4,6,8,10,11,16,19,20,21,24,25
1646,5,1,2,3,4,5,8,11,13,17,19,20,21,22,25
1646,6,5,6,8,9,10,11,12,13,14,15,20,21,23,25
1646,7,2,4,6,8,9,10,12,13,14,15,17,19,23,25
1646,8,3,5,7,8,9,12,15,16,17,20,21,22,24,25
1646,9,1,4,6,9,11,14,16,17,18,20,21,22,23,24
1646,10,1,2,5,8,10,11,12,13,17,20,21,23,24,25
1646,11,1,3,5,6,8,9,10,13,14,16,20,21,22,25
1646,12,2,4,5,6,7,8,13,16,17,18,21,22,24,25
1646,13,1,2,3,7,8,11,13,14,15,17,19,20,22,23
1647,1,2,3,4,6,7,8,9,10,12,14,16,17,20,23
1647,2,6,8,9,10,11,12,16,17,18,19,21,22,23,25
1647,3,1,3,5,6,8,9,12,15,16,17,18,19,23,25
1647,4,1,2,7,8,9,10,11,13,15,19,21,22,23,25
1647,5,1,2,4,5,9,11,13,14,16,18,20,21,22,24
1647,6,2,3,5,7,9,10,12,13,15,18,21,23,24,25
1647,7,2,3,4,7,8,10,12,13,16,17,18,21,23,24
1647,8,1,2,5,7,8,10,12,14,18,19,20,21,23,25
1647,9,1,2,3,5,6,12,14,15,17,18,19,21,22,25
1647,10,1,2,3,8,9,10,11,12,16,18,21,22,24,25
1647,11,1,2,9,10,11,13,14,15,16,20,21,23,24,25
1647,12,1,2,3,4,5,7,11,13,16,17,21,22,23,24
1647,13,3,4,5,8,11,14,15,16,17,19,21,23,24,25
1648,1,3,5,6,7,8,9,10,11,13,14,15,16,17,22
1648,2,3,5,6,7,8,9,10,11,15,18,19,22,23,25
1648,3,1,3,4,7,8,9,11,12,16,17,19,20,21,22
1648,4,1,2,3,5,7,8,11,14,15,17,18,20,21,23
1648,5,1,3,4,5,8,9,11,13,14,15,16,20,22,24
1648,6,1,2,3,4,5,6,8,10,12,13,15,16,19,25
1648,7,1,2,3,4,5,6,7,13,14,15,21,22,23,24
1648,8,3,5,7,8,9,10,11,13,16,17,21,22,23,24
1648,9,2,6,9,10,11,12,16,17,19,20,21,22,24,25
1648,10,1,2,3,4,5,11,12,15,20,21,22,23,24,25
1648,11,1,4,5,7,8,13,14,15,16,17,19,20,22,25
1648,12,2,4,5,7,8,9,11,12,13,17,19,21,24,25
1648,13,3,5,11,14,15,16,17,19,20,21,22,23,24,25
1649,1,2,4,5,7,8,10,11,16,17,18,20,21,23,24
1649,2,3,5,6,9,10,11,12,14,15,16,17,18,20,23
1649,3,1,3,4,6,7,10,12,15,16,17,18,22,23,25
1649,4,2,4,6,7,8,10,12,15,18,20,21,22,23,24
1649,5,2,3,5,6,8,10,12,13,14,15,16,20,21,23
1649,6,3,4,5,7,10,12,13,15,16,19,20,22,23,24
1649,7,3,5,6,7,8,10,11,12,13,14,17,19,23,24
1649,8,5,6,10,11,12,13,14,15,16,19,20,21,23,24
1649,9,1,2,3,4,5,6,8,10,11,13,16,17,20,22
1649,10,2,4,5,8,9,10,11,12,13,14,19,23,24,25
1649,11,1,2,3,4,6,7,8,9,12,18,19,20,24,25
1649,12,1,2,3,4,5,7,10,12,13,14,15,16,19,20
1649,13,2,3,4,5,6,7,8,9,15,16,17,19,21,22
1650,1,1,3,4,6,7,8,10,11,13,15,16,18,20,21
1650,2,1,2,5,8,9,11,14,16,17,19,21,22,23,25
1650,3,1,2,3,5,6,7,11,12,14,15,18,19,20,21
1650,4,2,5,6,7,9,10,12,14,15,19,20,22,23,24
1650,5,1,2,4,6,8,14,15,16,19,20,21,22,23,24
1650,6,2,6,7,8,9,13,14,16,17,18,20,21,24,25
1650,7,4,5,7,8,10,11,12,13,16,17,18,23,24,25
1650,8,2,5,6,13,14,15,16,18,19,20,21,23,24,25
1650,9,1,2,4,7,8,9,11,15,16,19,20,21,24,25
1650,10,1,3,5,6,8,11,12,13,14,16,17,21,22,23
1650,11,3,7,10,11,13,14,16,18,20,21,22,23,24,25
1650,12,1,4,6,8,11,13,14,16,17,18,21,23,24,25
1650,13,1,2,7,8,10,11,12,13,17,18,19,21,22,23
1651,1,1,2,3,4,7,8,9,11,12,16,21,22,24,25
1651,2,1,4,5,6,7,10,13,14,15,17,20,21,22,23
1651,3,2,3,8,9,10,13,14,15,16,18,20,21,24,25
1651,4,3,5,7,8,9,10,12,15,16,17,18,21,22,25
1651,5,2,3,5,9,10,11,12,13,14,15,18,20,24,25
1651,6,1,2,3,4,6,8,11,12,13,16,17,20,21,22
1651,7,1,2,3,8,9,12,14,15,17,20,21,22,23,24
1651,8,2,3,4,6,9,10,11,13,15,16,17,18,22,25
1651,9,1,2,3,4,6,8,10,12,13,14,15,17,18,21
1651,10,1,2,3,7,13,14,15,17,18,21,22,23,24,25
1651,11,2,3,5,8,10,11,14,16,20,21,22,23,24,25
1651,12,2,5,6,7,12,13,14,16,17,19,20,22,23,24
1651,13,2,4,5,7,8,9,14,16,18,19,20,21,24,25
1652,1,2,3,4,6,7,8,9,11,12,13,14,17,18,21
1652,2,2,3,6,8,9,12,13,14,17,18,19,20,23,25
1652,3,1,2,4,5,6,8,9,12,14,17,19,20,24,25
1652,4,1,2,6,7,8,10,11,14,15,18,20,23,24,25
1652,5,1,3,5,6,10,11,13,16,17,18,19,20,23,25
1652,6,3,4,6,9,10,11,13,15,16,19,20,21,22,24
1652,7,2,3,4,8,9,10,14,15,16,17,18,21,23,25
1652,8,2,4,6,7,8,10,11,12,17,18,20,22,23,24
1652,9,2,3,5,6,8,11,15,16,17,18,19,20,23,25
1652,10,1,2,4,5,8,9,10,13,14,15,20,21,23,24
1652,11,5,6,7,11,14,17,18,19,20,21,22,23,24,25
1652,12,2,3,6,7,8,9,11,12,14,17,19,21,22,23
1652,13,2,4,5,6,7,10,12,13,14,17,19,20,22,25
1653,1,1,6,9,13,14,15,17,18,19,20,21,23,24,25
1653,2,2,5,6,7,8,9,10,13,14,16,17,18,19,24
1653,3,1,2,4,6,7,8,9,12,16,17,19,20,23,25
1653,4,1,2,3,5,7,11,13,14,15,18,19,20,21,22
1653,5,1,2,5,6,7,8,9,10,11,14,15,16,24,25
1653,6,3,6,8,9,10,11,14,17,18,19,20,21,22,23
1653,7,3,5,6,10,11,12,13,14,15,16,19,20,24,25
1653,8,2,4,5,6,7,9,10,11,13,14,20,21,23,24
1653,9,1,2,3,4,5,10,14,15,16,17,19,20,22,24
1653,10,2,4,5,6,7,8,9,10,12,13,15,18,21,25
1653,11,2,7,8,9,11,13,15,18,19,20,21,22,24,25
1653,12,2,4,7,8,10,11,12,13,14,15,16,21,23,25
1653,13,2,4,5,6,9,11,12,17,18,19,21,22,23,25
1654,1,1,4,5,6,8,9,12,13,14,16,17,21,22,23
1654,2,3,4,5,7,8,11,13,16,17,18,21,22,24,25
1654,3,1,2,3,7,10,12,15,16,17,19,20,21,24,25
1654,4,3,5,8,10,12,14,16,17,18,19,20,22,23,24
1654,5,1,4,5,6,8,9,10,12,13,14,17,18,19,24
1654,6,4,6,9,11,12,14,15,16,18,19,20,21,24,25
1654,7,3,4,6,7,11,12,14,17,19,20,21,22,24,25
1654,8,1,2,3,4,6,11,12,13,16,17,19,21,24,25
1654,9,2,3,4,6,8,10,11,14,15,16,17,18,19,20
1654,10,4,5,6,8,9,10,11,16,17,18,20,21,22,25
1654,11,1,2,4,6,8,9,11,12,15,16,18,21,22,25
1654,12,1,2,3,7,10,11,12,14,16,17,18,20,23,25
1654,13,2,4,5,6,10,12,14,17,18,19,20,21,23,25
1655,1,1,6,7,9,10,11,13,14,17,18,19,20,22,25
1655,2,1,4,5,9,10,11,12,14,17,19,22,23,24,25
1655,3,2,5,6,8,10,11,14,15,18,21,22,23,24,25
1655,4,1,2,3,5,6,7,8,9,11,14,19,23,24,25
1655,5,1,2,8,9,10,15,16,17,20,21,22,23,24,25
1655,6,1,2,10,11,15,16,17,18,19,20,21,22,23,24
1655,7,2,6,7,8,9,14,15,17,18,19,21,22,23,24
1655,8,1,2,7,8,9,10,11,12,13,15,16,17,19,24
1655,9,1,3,4,5,6,9,10,11,13,16,17,19,23,25
1655,10,2,4,5,7,9,10,13,14,18,21,22,23,24,25
1655,11,1,2,6,7,9,11,12,13,15,18,19,22,23,24
1655,12,2,6,7,8,9,12,14,15,16,19,20,21,23,24
1655,13,2,6,7,9,11,12,13,14,16,18,19,21,22,24
1656,1,6,7,8,9,10,11,13,16,17,19,20,23,24,25
1656,2,2,3,4,5,6,7,10,11,12,15,17,21,23,25
1656,3,1,2,3,4,5,7,10,11,15,16,18,21,22,24
1656,4,1,2,4,5,7,9,11,14,16,20,21,22,24,25
1656,5,1,2,4,6,8,10,11,13,14,15,16,17,19,24
1656,6,1,2,5,7,8,9,10,11,12,13,14,15,19,20
1656,7,1,4,6,7,8,9,10,11,13,18,19,20,23,25
1656,8,1,2,4,6,7,9,12,16,18,19,20,22,23,24
1656,9,3,5,6,7,10,11,13,14,15,16,19,20,22,24
1656,10,1,3,5,6,10,12,13,14,18,19,20,21,22,23
1656,11,3,4,5,6,8,10,12,16,18,19,20,21,24,25
1656,12,2,3,4,5,6,7,8,9,11,12,13,14,21,23
1656,13,1,6,8,10,12,15,16,17,19,20,21,22,24,25
1657,1,3,5,7,8,9,10,11,13,14,18,19,20,22,24
1657,2,1,2,3,5,7,9,12,13,15,18,20,22,23,25
1657,3,1,2,3,5,7,8,9,15,18,19,20,21,23,25
1657,4,2,4,5,8,9,10,11,12,13,14,15,19,20,24
1657,5,1,3,6,7,9,10,11,14,17,18,20,23,24,25
1657,6,1,3,4,5,8,11,12,13,14,16,17,18,21,22
1657,7,1,2,3,4,9,10,11,12,13,17,19,20,21,22
1657,8,2,3,4,6,7,9,14,15,17,18,19,20,23,24
1657,9,4,5,6,7,8,9,10,11,14,18,19,20,22,25
1657,10,7,8,9,10,12,13,14,15,16,17,20,21,24,25
1657,11,4,6,7,10,11,15,16,17,19,20,22,23,24,25
1657,12,1,2,4,5,8,10,11,12,13,14,19,22,23,25
1657,13,1,2,4,5,6,8,9,14,17,18,20,23,24,25
1658,1,1,2,4,5,6,8,10,11,14,17,20,22,24,25
1658,2,1,3,5,6,7,10,11,13,16,17,19,20,22,25
1658,3,1,2,7,9,10,11,14,18,19,20,22,23,24,25
1658,4,1,2,3,4,5,6,7,8,15,18,20,22,24,25
1658,5,2,3,5,7,9,11,14,15,17,19,20,22,23,24
1658,6,4,6,9,10,12,13,14,15,16,19,20,22,23,25
1658,7,1,2,4,7,8,9,11,13,15,16,18,19,20,23
1658,8,1,4,5,6,11,12,14,15,16,17,18,20,22,25
1658,9,3,4,5,6,7,8,9,11,13,16,17,22,24,25
1658,10,2,4,6,7,8,9,10,11,14,17,20,21,22,23
1658,11,1,2,5,6,8,9,10,11,17,18,19,22,23,25
1658,12,1,3,4,5,6,7,10,13,17,18,19,20,24,25
1658,13,1,3,5,6,9,12,13,15,16,17,18,19,24,25
1659,1,1,4,5,7,9,10,11,12,13,14,16,22,23,24
1659,2,4,5,6,7,10,12,14,15,16,18,19,20,21,24
1659,3,1,2,3,4,5,8,9,11,13,15,16,17,19,24
1659,4,1,2,4,5,7,8,9,12,14,19,20,21,22,24
1659,5,1,3,5,7,8,9,11,12,14,17,18,19,24,25
1659,6,2,4,6,9,10,12,13,14,16,18,20,21,24,25
1659,7,4,5,7,8,10,13,14,16,17,21,22,23,24,25
1659,8,1,3,5,6,7,9,12,15,16,18,19,21,22,24
1659,9,1,2,3,4,5,11,13,14,16,17,19,21,22,24
1659,10,3,4,9,11,12,14,15,16,18,19,21,22,23,25
1659,11,1,3,7,8,10,12,13,14,15,17,18,22,24,25
1659,12,1,3,6,9,10,11,12,13,16,17,19,20,21,24
1659,13,1,6,7,8,11,12,14,15,18,19,21,22,24,25
1660,1,1,2,8,9,10,11,12,13,14,15,17,19,20,23
1660,2,2,4,5,6,7,8,10,13,14,17,20,21,23,25
1660,3,5,6,7,9,11,12,13,14,18,19,21,23,24,25
1660,4,1,2,3,4,5,10,12,15,20,21,22,23,24,25
1660,5,1,4,5,6,7,8,11,12,13,15,18,19,24,25
1660,6,1,4,7,8,9,10,12,14,15,16,20,21,22,23
1660,7,3,5,6,7,9,12,14,16,17,19,20,21,22,23
1660,8,1,3,5,6,12,13,14,15,16,17,20,21,22,23
1660,9,1,4,5,9,12,13,14,17,18,19,20,22,23,24
1660,10,1,5,7,8,9,10,11,13,14,18,19,22,23,25
1660,11,1,2,3,7,8,12,13,15,16,17,18,19,20,21
1660,12,3,4,6,7,8,9,10,12,15,16,18,20,24,25
1660,13,3,4,6,7,12,15,16,17,18,20,21,22,23,24
1661,1,1,4,6,7,8,9,10,12,16,18,19,20,24,25
1661,2,2,4,5,7,8,12,14,15,16,18,20,21,22,25
1661,3,1,7,8,9,11,12,13,14,15,16,19,20,22,23
1661,4,5,6,8,9,10,11,14,15,16,17,21,23,24,25
1661,5,1,3,5,7,8,12,13,15,17,18,19,20,22,23
1661,6,1,3,4,5,6,8,9,12,13,16,17,18,19,24
1661,7,1,2,3,5,6,8,10,12,14,15,16,19,20,23
1661,8,2,5,6,8,10,11,12,13,15,18,19,21,24,25
1661,9,1,5,7,8,9,11,14,17,18,19,20,23,24,25
1661,10,1,5,7,8,9,10,14,15,17,18,20,21,22,25
1661,11,1,2,3,8,9,10,11,15,16,17,20,22,23,24
1661,12,1,2,3,5,9,11,12,13,15,17,18,19,20,23
1661,13,2,4,5,6,7,10,11,13,14,17,19,21,23,24
1662,1,1,3,5,6,7,9,12,13,14,19,20,22,23,25
1662,2,2,5,6,7,9,10,11,13,15,16,18,20,21,22
1662,3,2,4,5,6,10,12,13,17,18,19,22,23,24,25
1662,4,2,3,4,5,6,8,9,10,12,14,20,23,24,25
1662,5,2,3,7,10,11,12,13,15,16,18,19,21,23,24
1662,6,3,4,6,9,12,13,17,18,19,20,22,23,24,25
1662,7,1,5,7,8,12,13,14,16,17,18,20,21,23,25
1662,8,1,3,4,8,9,10,13,14,17,19,20,21,22,25
1662,9,3,5,6,7,9,10,11,12,17,20,22,23,24,25
1662,10,1,2,3,5,6,7,9,10,13,14,16,19,23,25
1662,11,1,3,6,9,12,13,15,17,18,20,21,23,24,25
1662,12,1,5,8,9,10,11,14,16,17,20,22,23,24,25
1662,13,1,3,4,5,11,13,14,15,17,19,20,21,22,25
1663,1,3,5,6,8,9,10,13,18,20,21,22,23,24,25
1663,2,1,4,6,7,8,9,14,15,16,20,21,22,24,25
1663,3,2,3,4,8,9,12,13,15,16,17,18,20,21,24
1663,4,2,3,4,7,8,9,10,12,13,14,15,16,23,24
1663,5,1,2,3,6,7,8,12,13,15,16,17,20,22,24
1663,6,1,2,4,7,11,12,13,15,16,19,22,23,24,25
1663,7,1,2,3,4,5,7,8,9,11,16,17,18,19,24
1663,8,6,8,9,11,12,13,14,15,18,19,20,22,23,25
1663,9,2,3,5,6,7,9,12,13,14,16,18,20,21,23
1663,10,1,4,5,8,9,11,14,16,17,19,20,21,22,23
1663,11,2,4,5,8,9,13,14,16,18,19,21,23,24,25
1663,12,1,3,4,5,7,10,14,16,17,18,19,20,24,25
1663,13,1,2,3,4,7,9,11,15,16,19,20,21,22,23
1664,1,3,4,6,7,9,10,11,12,13,15,18,19,21,24
1664,2,1,5,6,7,8,10,12,13,14,16,21,22,24,25
1664,3,1,2,3,6,8,9,10,13,14,18,19,21,22,23
1664,4,2,3,4,7,8,10,11,13,18,19,20,21,22,24
1664,5,2,3,4,7,10,12,14,15,16,18,19,20,21,24
1664,6,3,4,5,6,7,9,10,13,15,17,18,19,22,24
1664,7,2,3,4,5,7,9,10,11,13,17,18,19,22,24
1664,8,3,5,7,8,9,11,12,13,15,18,19,22,23,25
1664,9,1,2,5,6,7,8,9,11,13,14,17,21,23,24
1664,10,1,3,5,6,8,9,11,13,14,18,19,21,24,25
1664,11,1,3,5,7,11,14,15,16,17,19,20,23,24,25
1664,12,1,3,4,6,7,10,11,17,18,19,22,23,24,25
1664,13,1,3,7,10,15,16,18,19,20,21,22,23,24,25
1665,1,2,5,6,7,8,11,12,13,19,20,21,22,23,25
1665,2,1,3,4,8,10,13,15,17,18,19,21,23,24,25
1665,3,6,7,9,10,11,12,14,15,17,19,21,22,24,25
1665,4,4,7,8,10,11,12,14,17,18,20,22,23,24,25
1665,5,1,2,3,4,6,10,11,12,14,15,16,18,22,25
1665,6,2,5,6,7,8,9,10,14,15,18,19,20,23,25
1665,7,1,2,4,6,7,8,9,10,14,16,21,22,23,25
1665,8,1,3,5,6,8,10,11,13,14,17,20,22,23,24
1665,9,3,4,5,6,7,10,13,14,15,16,17,21,22,24
1665,10,4,5,7,8,10,11,12,14,15,16,17,21,22,23
1665,11,2,3,4,7,10,12,13,14,15,16,17,18,20,24
1665,12,4,8,9,10,11,13,14,16,18,19,20,21,24,25
1665,13,3,4,5,7,9,11,14,18,19,21,22,23,24,25
1666,1,1,2,4,6,8,9,13,14,18,20,21,22,23,25
1666,2,1,3,5,6,7,10,13,15,16,17,18,21,22,25
1666,3,1,2,3,5,6,8,10,16,17,18,20,22,23,25
1666,4,2,3,6,8,9,10,11,12,13,15,17,18,24,25
1666,5,2,4,7,9,13,14,15,16,17,20,22,23,24,25
1666,6,2,4,5,7,8,11,13,15,17,20,21,22,23,25
1666,7,2,4,5,6,7,8,9,11,12,13,17,20,23,24
1666,8,3,4,6,9,10,12,13,16,17,18,19,20,22,25
1666,9,1,3,4,6,7,9,12,16,17,19,20,23,24,25
1666,10,1,2,5,10,11,12,14,15,16,18,19,21,23,24
1666,11,3,5,7,8,9,10,11,13,14,16,18,21,23,24
1666,12,1,3,7,10,12,14,15,16,17,18,20,21,23,25
1666,13,1,2,5,6,10,11,12,14,16,17,20,22,23,25
1667,1,1,2,5,6,8,9,11,13,17,19,20,21,22,25
1667,2,1,3,4,5,6,7,10,12,14,19,20,22,23,24
1667,3,3,4,5,7,10,11,13,14,15,16,18,20,22,25
1667,4,2,4,5,6,10,11,14,17,19,20,21,23,24,25
1667,5,1,2,3,4,9,10,11,12,18,19,20,21,23,25
1667,6,2,3,7,8,9,11,16,17,19,20,21,22,24,25
1667,7,2,3,5,6,7,9,11,15,17,18,19,23,24,25
1667,8,2,4,5,7,8,9,10,11,12,13,17,18,21,23
1667,9,1,2,4,7,9,11,14,17,18,19,20,21,23,25
1667,10,1,2,4,5,8,10,13,14,18,19,20,23,24,25
1667,11,1,2,4,5,7,9,10,12,14,17,18,19,24,25
1667,12,2,3,4,6,7,10,12,13,15,17,18,19,20,22
1667,13,1,5,6,7,10,11,12,13,18,19,20,21,22,24
1668,1,1,2,7,8,10,13,15,16,17,19,20,21,22,25
1668,2,1,6,7,8,9,12,13,15,17,18,19,21,23,25
1668,3,1,2,4,5,8,9,10,11,13,15,17,18,21,22
1668,4,2,4,5,6,8,11,12,15,16,18,20,21,22,24
1668,5,1,2,3,6,10,11,12,14,18,19,20,22,23,24
1668,6,2,3,4,5,6,7,8,11,14,16,18,19,21,23
1668,7,2,4,6,7,9,10,13,16,17,19,21,23,24,25
1668,8,1,3,5,7,8,11,14,15,16,18,21,23,24,25
1668,9,1,3,5,7,9,11,12,13,15,17,18,21,23,24
1668,10,1,3,4,6,7,9,10,11,13,18,19,20,22,25
1668,11,1,2,4,5,8,9,10,15,16,18,21,23,24,25
1668,12,2,6,7,9,11,12,13,14,15,16,17,18,20,23
1668,13,1,2,4,5,7,9,11,14,15,16,17,18,24,25
1669,1,1,3,4,6,7,8,11,12,13,14,16,19,21,23
1669,2,3,4,5,8,10,11,13,14,16,18,19,20,22,25
1669,3,1,2,4,5,7,8,10,11,13,14,17,18,20,23
1669,4,4,5,6,9,10,14,18,19,20,21,22,23,24,25
1669,5,1,2,3,5,6,7,10,14,17,18,21,22,23,25
1669,6,3,4,7,11,13,14,15,16,17,18,19,21,23,25
1669,7,2,3,4,5,6,9,13,14,15,19,21,22,23,25
1669,8,3,5,6,7,10,11,12,13,14,19,20,23,24,25
1669,9,1,3,4,7,8,12,13,14,16,19,20,21,22,23
1669,10,1,5,7,8,9,11,12,14,17,18,20,21,24,25
1669,11,1,2,3,5,8,9,10,11,13,14,17,20,21,25
1669,12,1,2,4,7,8,9,10,11,14,16,19,20,22,23
1669,13,1,3,7,8,13,15,16,17,18,19,21,23,24,25
1670,1,1,2,4,5,6,7,8,10,12,13,17,18,21,23
1670,2,1,3,7,9,10,12,14,18,19,20,21,23,24,25
1670,3,4,5,6,7,8,9,10,11,18,19,20,22,23,24
1670,4,3,4,7,10,11,12,14,16,17,20,21,22,23,25
1670,5,2,3,4,5,6,9,11,13,14,15,16,17,19,21
1670,6,1,3,4,5,6,9,12,14,15,16,17,18,19,20
1670,7,4,5,7,9,10,11,12,13,15,16,18,20,21,22
1670,8,5,6,8,10,11,13,15,16,17,18,21,22,23,24
1670,9,1,2,4,5,7,10,11,13,15,18,22,23,24,25
1670,10,2,3,5,9,11,12,14,15,16,17,19,21,24,25
1670,11,2,3,7,8,9,10,13,16,17,20,22,23,24,25
1670,12,1,8,10,13,14,15,16,17,19,20,21,23,24,25
1670,13,2,5,7,10,12,13,14,15,16,17,19,20,22,25
1671,1,5,7,8,12,13,14,15,16,18,19,20,21,24,25
1671,2,1,2,3,4,6,9,10,16,17,20,22,23,24,25
1671,3,3,7,8,9,12,13,16,17,18,19,20,22,23,24
1671,4,3,5,6,7,8,9,11,15,17,18,21,22,23,24
1671,5,1,4,5,7,9,10,11,13,14,16,17,18,23,24
1671,6,1,3,4,5,6,7,8,9,10,15,16,18,21,24
1671,7,1,2,3,4,10,12,15,16,17,18,20,22,23,25
1671,8,1,2,3,6,7,8,9,11,17,19,21,22,24,25
1671,9,1,2,3,4,5,6,8,10,18,19,21,23,24,25
1671,10,1,2,3,5,6,11,14,15,17,20,22,23,24,25
1671,11,2,3,4,5,9,10,12,14,15,21,22,23,24,25
1671,12,1,3,4,5,6,7,12,15,17,18,20,22,23,25
1671,13,2,3,4,5,7,10,12,13,14,15,17,19,20,24
1672,1,3,4,6,9,11,14,16,17,18,19,20,21,22,24
1672,2,3,4,5,6,11,13,14,16,18,19,22,23,24,25
1672,3,1,4,5,6,7,14,17,18,19,21,22,23,24,25
1672,4,2,6,7,8,12,13,14,15,16,18,19,21,23,24
1672,5,3,4,7,8,11,12,14,17,18,19,20,21,22,23
1672,6,2,5,6,7,9,12,13,17,18,19,20,22,23,24
1672,7,1,3,4,5,6,9,10,16,17,18,19,21,22,24
1672,8,2,3,6,7,8,9,10,13,14,16,17,20,23,24
1672,9,1,2,3,5,6,8,10,11,12,13,16,18,19,24
1672,10,1,2,4,5,6,8,10,11,12,14,16,19,21,22
1672,11,2,3,7,8,9,10,11,12,15,16,18,19,21,24
1672,12,1,2,6,8,9,11,13,14,17,18,19,21,22,23
1672,13,3,5,6,9,10,11,13,14,15,16,18,19,24,25
1673,1,2,4,5,6,7,8,9,10,11,13,14,16,21,25
1673,2,1,2,4,6,7,9,12,15,17,21,22,23,24,25
1673,3,1,2,3,4,9,10,11,15,16,20,21,22,23,24
1673,4,1,2,3,4,5,6,8,9,10,12,13,17,21,22
1673,5,2,5,6,7,8,9,11,13,15,16,18,19,23,25
1673,6,1,3,5,7,11,12,14,16,20,21,22,23,24,25
1673,7,1,2,4,6,7,9,10,14,16,19,20,22,23,24
1673,8,1,3,5,7,8,11,14,15,16,17,18,21,22,23
1673,9,1,3,4,5,10,12,13,14,15,16,17,19,20,25
1673,10,1,6,7,8,9,10,12,13,15,16,18,21,23,24
1673,11,1,3,4,5,6,8,12,15,16,17,18,20,22,23
1673,12,2,7,8,9,10,11,14,17,19,20,21,22,24,25
1673,13,1,6,7,8,10,11,12,13,15,17,18,20,22,23
1674,1,1,4,5,8,9,10,11,12,13,14,16,18,20,25
1674,2,2,3,4,6,7,8,14,15,17,20,21,22,24,25
1674,3,4,7,8,10,12,14,15,17,19,21,22,23,24,25
1674,4,2,4,5,7,11,14,15,17,18,20,21,23,24,25
1674,5,1,2,3,4,6,7,10,11,12,13,17,18,21,23
1674,6,1,4,9,11,12,15,16,17,19,20,21,22,23,24
1674,7,1,3,4,5,7,10,13,15,16,17,18,20,22,23
1674,8,1,4,6,8,10,11,12,13,15,17,20,22,24,25
1674,9,1,3,5,7,8,10,13,14,16,17,19,20,21,22
1674,10,3,5,7,12,13,15,17,18,19,20,21,23,24,25
1674,11,3,4,8,9,10,11,12,14,16,18,20,21,23,25
1674,12,1,2,3,4,5,6,9,11,15,19,20,21,23,24
1674,13,1,3,5,6,8,9,10,11,19,20,21,23,24,25
1675,1,1,2,3,5,6,7,10,12,14,16,18,19,20,23
1675,2,2,5,8,10,11,13,14,15,16,19,22,23,24,25
1675,3,1,2,3,4,6,11,14,15,17,18,19,20,21,24
1675,4,3,4,5,7,8,10,12,14,15,17,18,21,22,23
1675,5,2,3,5,6,10,12,13,15,17,18,19,20,23,25
1675,6,1,3,5,6,7,8,9,10,12,14,16,20,21,25
1675,7,2,5,6,7,9,10,15,16,17,19,21,22,23,24
1675,8,1,2,3,4,9,10,12,14,15,18,20,22,23,24
1675,9,2,3,4,5,6,11,12,15,17,20,21,22,23,25
1675,10,1,2,5,11,13,15,16,17,18,19,20,22,23,24
1675,11,1,2,5,6,7,9,15,17,18,19,21,22,23,25
1675,12,1,2,4,7,8,9,10,12,14,17,20,22,23,25
1675,13,3,4,5,6,7,10,11,14,15,17,19,22,23,25
1676,1,1,4,7,8,10,12,14,16,17,19,20,21,23,25
1676,2,1,4,7,8,10,11,12,13,15,16,20,22,23,25
1676,3,1,2,3,4,5,6,8,10,11,12,19,20,22,24
1676,4,3,4,6,7,8,9,14,16,17,19,20,21,22,25
1676,5,5,6,7,8,11,12,15,17,19,20,21,22,23,25
1676,6,2,5,6,10,12,13,15,16,17,19,21,23,24,25
1676,7,3,4,5,6,9,10,12,13,16,17,18,19,21,25
1676,8,2,6,9,11,12,13,14,15,18,20,22,23,24,25
1676,9,1,3,4,6,8,9,10,11,12,13,15,17,22,24
1676,10,2,3,11,12,13,14,15,17,19,20,21,22,23,25
1676,11,2,3,4,5,9,10,11,12,15,17,18,22,23,25
1676,12,2,4,6,7,8,11,12,13,15,16,17,20,23,25
1676,13,1,2,3,5,6,7,8,12,14,16,19,23,24,25
1677,1,3,4,6,8,9,10,12,13,14,16,18,19,20,24
1677,2,2,4,5,6,9,11,12,14,16,20,21,23,24,25
1677,3,3,4,5,9,10,11,15,16,17,18,19,21,22,24
1677,4,1,2,9,10,11,14,16,17,18,19,21,22,23,24
1677,5,1,2,3,6,8,13,14,15,16,17,21,22,23,24
1677,6,1,2,7,9,11,12,13,16,17,20,21,22,24,25
1677,7,1,2,4,5,7,8,9,13,14,18,19,21,22,24
1677,8,1,2,5,6,7,9,11,12,15,18,19,20,23,24
1677,9,3,5,6,8,10,11,12,14,16,17,19,20,21,24
1677,10,2,3,5,6,7,8,9,10,14,15,16,17,19,20
1677,11,1,2,3,4,6,7,8,12,14,16,17,18,22,25
1677,12,6,7,8,11,14,15,16,17,19,20,21,23,24,25
1677,13,4,5,8,9,10,11,13,16,17,18,19,21,22,23
1678,1,2,3,4,8,10,11,12,13,14,15,16,18,20,24
1678,2,1,3,7,10,13,14,16,17,18,19,20,21,22,24
1678,3,1,2,7,8,11,12,14,15,17,18,20,21,22,23
1678,4,2,3,6,8,9,10,11,12,17,18,20,21,22,23
1678,5,2,5,6,7,9,11,12,14,16,17,19,21,22,25
1678,6,2,5,6,7,8,9,10,12,13,16,17,19,20,22
1678,7,2,3,4,6,8,11,12,13,14,17,18,22,24,25
1678,8,1,2,3,5,8,9,11,12,17,18,19,21,24,25
1678,9,1,2,3,4,6,7,13,18,19,20,21,22,24,25
1678,10,1,3,7,10,11,12,17,18,19,20,21,23,24,25
1678,11,2,3,5,6,7,8,9,10,12,14,15,16,23,24
1678,12,1,2,7,8,9,11,15,17,18,20,21,22,23,25
1678,13,1,2,5,6,7,8,10,11,13,15,16,21,22,25
1679,1,2,3,5,9,12,13,14,17,19,20,21,22,23,24
1679,2,3,4,5,8,9,13,15,16,18,19,22,23,24,25
1679,3,2,3,4,5,6,7,8,11,14,16,19,21,23,24
1679,4,1,2,5,7,9,10,11,13,14,17,19,21,22,23
1679,5,1,3,4,5,6,9,11,14,15,18,20,21,23,24
1679,6,3,4,7,8,10,11,12,13,14,17,19,20,21,23
1679,7,2,3,6,8,9,10,14,16,19,20,21,23,24,25
1679,8,5,6,7,9,11,12,13,14,15,16,18,19,20,21
1679,9,2,5,6,7,9,10,13,15,16,19,21,22,24,25
1679,10,2,3,5,6,7,10,13,14,15,16,21,23,24,25
1679,11,2,3,6,7,8,9,11,13,14,15,16,17,23,24
1679,12,1,2,4,6,8,10,11,15,16,20,21,22,23,24
1679,13,2,3,5,7,8,10,11,13,15,16,18,20,21,24
1680,1,2,3,7,8,10,11,15,16,17,18,19,21,23,24
1680,2,1,3,4,5,6,7,10,12,13,15,18,19,21,25
1680,3,3,6,8,10,13,14,16,17,18,19,20,21,22,23
1680,4,4,5,10,11,13,15,17,18,19,20,21,23,24,25
1680,5,1,2,3,10,11,13,16,17,19,20,22,23,24,25
1680,6,1,3,6,7,8,10,12,15,16,17,18,21,22,25
1680,7,6,7,8,13,15,16,17,18,19,20,21,22,23,25
1680,8,1,2,3,6,7,12,13,14,15,18,19,20,21,22
1680,9,2,8,9,10,11,12,13,14,15,16,20,21,22,24
1680,10,1,2,5,7,11,14,15,16,18,21,22,23,24,25
1680,11,1,2,5,6,7,10,11,12,14,15,16,17,18,22
1680,12,1,6,7,8,9,12,13,15,17,19,20,23,24,25
1680,13,5,6,7,9,12,13,16,17,18,20,21,22,23,24
1681,1,2,3,5,6,8,9,10,15,17,19,20,22,24,25
1681,2,1,3,4,5,7,9,10,13,16,17,20,21,24,25
1681,3,2,4,5,7,8,11,12,15,16,18,19,22,24,25
1681,4,1,3,4,6,7,8,10,11,14,16,20,22,23,24
1681,5,2,3,7,8,9,10,11,12,13,14,15,17,22,23
1681,6,1,3,5,6,7,9,10,12,13,15,17,18,24,25
1681,7,2,9,10,11,12,13,14,16,18,19,20,21,23,25
1681,8,1,2,3,4,6,8,10,11,15,17,19,20,22,24
1681,9,2,4,10,11,12,15,16,17,20,21,22,23,24,25
1681,10,3,5,6,8,9,10,13,16,17,18,20,21,23,25
1681,11,1,4,7,8,10,11,14,16,17,18,20,23,24,25
1681,12,2,4,6,7,8,11,12,14,15,16,17,18,21,24
1681,13,1,2,4,5,7,8,10,12,14,18,19,20,22,23
1682,1,1,2,3,4,9,10,13,14,19,20,21,22,23,24
1682,2,1,5,11,12,13,14,16,18,19,20,21,23,24,25
1682,3,1,4,5,7,9,10,12,14,15,16,19,23,24,25
1682,4,1,2,5,7,8,11,12,14,15,18,19,20,21,22
1682,5,2,3,4,5,6,7,9,10,12,17,20,23,24,25
1682,6,1,3,6,7,9,10,11,13,15,16,18,20,22,25
1682,7,1,3,4,5,6,7,9,10,11,17,18,19,22,23
1682,8,1,2,3,6,7,11,12,14,16,17,21,22,23,24
1682,9,1,4,5,6,9,11,12,13,17,18,19,21,22,25
1682,10,1,2,3,5,8,9,11,14,15,16,19,22,23,24
1682,11,1,2,4,7,12,13,14,15,17,18,20,21,22,25
1682,12,4,5,6,7,11,12,13,14,16,18,19,20,22,25
1682,13,1,4,5,6,8,11,12,13,14,19,21,22,24,25
1683,1,2,4,8,10,11,14,15,17,18,20,21,22,24,25
1683,2,1,4,5,7,9,10,12,14,15,16,17,18,24,25
1683,3,1,3,4,5,7,8,9,15,18,19,21,22,23,24
1683,4,3,4,6,8,9,11,14,16,17,19,20,21,22,23
1683,5,2,5,8,10,11,12,14,15,17,19,22,23,24,25
1683,6,3,4,5,11,12,15,17,18,19,20,21,23,24,25
1683,7,2,3,4,6,10,13,15,17,18,19,20,21,23,24
1683,8,1,3,4,5,8,12,14,15,16,17,18,21,22,24
1683,9,1,2,8,9,10,12,15,17,19,20,21,22,23,25
1683,10,4,5,6,8,9,11,12,14,15,18,19,20,21,22
1683,11,1,3,4,8,9,10,13,14,15,17,18,19,20,23
1683,12,1,2,4,5,6,7,8,9,12,13,14,17,19,22
1683,13,1,2,4,6,8,11,12,13,15,19,20,22,24,25
1684,1,1,7,8,9,10,11,12,14,15,16,17,18,20,25
1684,2,1,2,5,8,10,11,12,14,15,17,18,21,23,24
1684,3,1,2,3,4,5,8,9,13,14,16,17,18,20,22
1684,4,1,2,4,5,7,8,13,14,16,18,19,21,22,23
1684,5,1,3,4,5,7,8,9,12,13,14,16,18,19,21
1684,6,2,4,5,7,8,9,10,13,14,15,20,21,22,23
1684,7,1,3,4,7,8,9,11,13,14,15,18,19,23,24
1684,8,2,4,6,7,8,12,15,16,17,18,20,22,23,24
1684,9,1,5,7,8,9,12,14,16,19,20,21,23,24,25
1684,10,2,3,4,7,10,11,12,13,17,19,20,22,24,25
1684,11,3,4,5,7,9,12,13,15,16,17,18,20,21,25
1684,12,2,4,6,7,8,11,12,13,18,19,21,22,23,25
1684,13,3,4,5,6,8,9,11,12,14,16,19,20,22,23
1685,1,1,2,3,4,7,9,12,13,14,15,16,17,18,23
1685,2,4,5,6,7,8,9,10,12,14,15,17,19,21,25
1685,3,2,4,5,6,7,10,11,13,15,17,20,23,24,25
1685,4,1,2,3,7,9,10,14,15,18,19,21,22,24,25
1685,5,7,10,11,12,13,14,15,17,18,19,20,21,22,23
1685,6,3,5,6,8,9,10,11,12,18,21,22,23,24,25
1685,7,1,2,4,5,6,9,10,11,14,16,18,21,22,23
1685,8,1,2,3,4,10,11,12,13,14,17,18,19,22,23
1685,9,2,4,6,8,9,10,11,13,14,16,20,21,24,25
1685,10,1,2,4,5,6,7,9,11,12,16,18,19,23,25
1685,11,2,4,5,9,10,11,12,13,15,16,18,19,23,25
1685,12,1,2,4,10,11,12,13,15,18,19,21,22,23,25
1685,13,1,3,6,8,9,10,12,13,14,15,18,22,24,25
1686,1,1,3,5,6,7,8,11,13,17,18,19,21,22,25
1686,2,1,4,6,7,8,12,13,17,18,21,22,23,24,25
1686,3,1,2,6,8,12,14,15,16,17,20,21,22,24,25
1686,4,2,4,8,9,11,13,15,16,18,19,20,21,24,25
1686,5,1,6,7,10,11,12,13,14,16,17,18,21,22,24
1686,6,2,4,5,9,11,16,17,18,19,20,22,23,24,25
1686,7,1,3,4,6,7,10,11,14,15,17,18,21,23,25
1686,8,1,5,7,8,11,13,14,15,16,17,18,21,22,24
1686,9,1,2,3,4,5,7,8,9,11,13,16,20,21,23
1686,10,2,3,5,6,7,11,12,13,16,17,18,20,21,24
1686,11,1,3,6,7,11,12,15,16,17,18,19,20,23,24
1686,12,1,4,5,6,8,9,10,11,13,14,18,22,23,25
1686,13,1,3,6,7,8,11,13,15,16,17,18,19,23,24
1687,1,2,5,6,9,10,11,12,13,14,20,21,22,23,25
1687,2,1,3,4,6,7,8,10,11,12,13,17,18,19,20
1687,3,2,4,7,9,10,12,14,15,17,18,19,21,22,25
1687,4,1,2,4,5,6,8,10,11,15,17,18,19,21,25
1687,5,2,3,8,9,11,12,13,14,16,17,19,20,23,24
1687,6,3,4,7,9,10,11,14,15,17,18,20,21,24,25
1687,7,2,3,5,6,11,12,13,15,16,17,22,23,24,25
1687,8,3,5,6,9,13,14,15,18,20,21,22,23,24,25
1687,9,1,5,8,10,12,13,15,16,17,18,21,23,24,25
1687,10,2,3,4,6,7,8,10,15,16,20,21,22,23,24
1687,11,1,4,6,7,8,9,10,13,14,15,16,17,22,25
1687,12,2,3,4,8,12,13,15,17,18,19,20,21,22,23
1687,13,1,2,3,5,6,8,12,13,14,15,16,21,23,25
1688,1,6,7,8,12,13,14,15,16,18,19,20,21,22,24
1688,2,1,2,7,9,11,12,15,16,19,20,22,23,24,25
1688,3,1,2,4,5,8,9,11,15,17,18,20,22,23,24
1688,4,1,2,4,5,10,11,12,13,14,15,17,22,23,25
1688,5,2,3,4,5,8,9,10,11,13,15,17,18,20,22
1688,6,2,3,4,6,11,12,13,14,15,17,18,20,23,24
1688,7,1,2,4,6,7,9,10,14,15,17,19,21,22,24
1688,8,1,2,3,5,7,8,10,12,13,17,18,21,22,24
1688,9,2,3,4,5,6,8,9,10,11,12,16,21,24,25
1688,10,3,5,6,9,10,12,13,14,17,18,19,20,22,24
1688,11,3,4,5,6,8,10,11,15,18,19,21,22,23,25
1688,12,1,2,4,5,7,8,11,15,17,18,19,22,23,24
1688,13,1,3,5,9,10,15,16,17,18,19,21,22,24,25
1689,1,3,5,6,8,10,12,13,14,15,18,19,22,24,25
1689,2,1,3,4,9,11,13,14,16,17,18,20,21,23,25
1689,3,1,2,4,5,6,12,13,15,16,17,19,21,24,25
1689,4,1,3,5,10,11,12,13,16,17,19,21,22,24,25
1689,5,1,3,4,6,9,11,12,13,14,18,19,21,22,24
1689,6,1,2,3,4,7,9,11,12,14,17,19,23,24,25
1689,7,1,2,4,5,6,8,10,12,13,21,22,23,24,25
1689,8,1,3,5,7,8,10,11,12,13,14,20,21,23,24
1689,9,1,2,4,5,7,9,10,12,13,19,22,23,24,25
1689,10,1,7,8,11,13,14,16,17,18,19,20,21,22,23
1689,11,1,4,5,7,8,9,11,12,13,14,15,17,22,25
1689,12,1,2,4,7,8,9,10,12,13,16,17,19,22,25
1689,13,2,5,6,10,12,13,14,16,17,18,20,23,24,25
1690,1,3,4,5,6,13,14,15,16,18,19,22,23,24,25
1690,2,1,3,4,5,6,8,9,10,12,15,16,19,23,24
1690,3,1,3,4,7,10,13,14,15,17,19,20,21,23,24
1690,4,2,5,6,7,8,11,12,13,17,18,19,20,24,25
1690,5,1,4,5,7,8,9,10,14,17,18,20,21,22,23
1690,6,6,7,8,9,11,13,14,15,16,19,21,22,23,25
1690,7,1,4,7,10,11,13,14,15,18,19,20,21,22,24
1690,8,1,3,4,8,9,12,13,14,17,20,21,22,24,25
1690,9,6,7,9,11,12,13,14,15,16,17,18,21,22,23
1690,10,1,3,5,8,9,11,13,14,16,17,18,19,21,24
1690,11,1,2,4,6,7,11,12,13,15,16,19,22,24,25
1690,12,2,7,8,10,11,12,13,16,17,18,19,23,24,25
1690,13,4,7,9,11,12,14,15,16,18,20,22,23,24,25
1691,1,1,2,3,7,10,12,13,15,16,18,21,23,24,25
1691,2,1,2,4,5,7,8,12,13,14,15,16,19,21,23
1691,3,1,2,3,4,5,6,7,9,12,13,16,19,24,25
1691,4,1,2,9,10,12,14,16,17,18,19,20,23,24,25
1691,5,5,6,7,11,13,14,15,17,18,19,21,23,24,25
1691,6,2,3,4,5,8,11,12,14,16,18,19,20,23,24
1691,7,1,4,5,8,9,10,11,12,13,14,17,20,21,23
1691,8,2,5,6,7,8,10,11,13,17,18,20,21,23,25
1691,9,2,3,4,6,7,9,10,11,12,13,20,21,23,25
1691,10,1,5,7,8,9,10,12,15,17,19,20,21,22,23
1691,11,1,2,4,9,10,11,12,14,16,17,20,22,23,25
1691,12,5,6,9,10,12,13,15,17,18,19,20,21,22,23
1691,13,2,6,7,9,10,11,12,14,15,17,20,21,24,25
1692,1,1,4,5,6,8,9,12,13,14,17,18,20,23,25
1692,2,1,6,7,10,11,14,16,18,19,20,21,23,24,25
1692,3,3,4,6,11,12,13,16,17,18,20,21,22,23,24
1692,4,1,2,3,4,6,7,8,11,18,20,21,23,24,25
1692,5,6,8,9,12,13,16,17,18,19,21,22,23,24,25
1692,6,2,3,4,5,7,10,12,16,17,18,19,22,24,25
1692,7,1,2,4,7,10,12,14,17,19,20,21,22,23,24
1692,8,1,3,4,9,10,12,15,16,17,19,20,21,23,25
1692,9,3,6,7,8,10,11,12,15,16,19,20,22,24,25
1692,10,2,5,6,7,8,9,12,16,18,19,20,21,22,23
1692,11,1,2,4,5,6,7,8,9,12,17,18,19,21,24
1692,12,2,5,8,11,12,15,16,17,18,19,20,21,22,23
1692,13,1,2,3,4,5,7,8,11,15,16,17,18,19,21
1693,1,2,3,4,6,8,9,11,13,15,17,22,23,24,25
1693,2,1,2,3,4,5,7,9,10,11,14,16,18,20,23
1693,3,1,2,3,6,7,8,9,11,14,17,18,20,23,25
1693,4,1,2,4,8,9,13,15,17,18,20,21,22,23,25
1693,5,1,5,9,10,11,16,17,18,19,20,22,23,24,25
1693,6,2,4,5,10,13,14,15,16,17,18,19,20,22,24
1693,7,1,2,5,7,10,11,14,17,18,19,20,22,23,24
1693,8,3,5,8,9,10,12,15,16,17,18,19,20,21,22
1693,9,1,3,4,5,7,9,10,14,15,16,17,19,24,25
1693,10,2,4,6,7,8,11,12,13,16,17,18,22,24,25
1693,11,2,3,4,5,9,12,13,14,15,16,19,22,23,24
1693,12,1,2,4,6,8,9,12,13,16,17,18,21,23,25
1693,13,1,4,6,7,8,10,11,13,15,16,17,18,19,21
1694,1,1,3,4,5,6,11,14,15,19,20,21,22,24,25
1694,2,1,2,3,7,8,9,11,13,14,19,20,21,22,23
1694,3,4,5,6,9,13,15,17,18,19,20,21,22,23,25
1694,4,1,2,4,7,10,11,12,16,17,19,21,23,24,25
1694,5,1,2,3,4,5,6,8,9,10,13,14,18,22,23
1694,6,1,3,5,6,9,12,15,17,18,20,21,23,24,25
1694,7,1,3,4,5,12,13,14,15,16,18,19,21,24,25
1694,8,1,2,6,8,9,11,13,14,15,17,20,21,22,25
1694,9,2,3,4,9,10,11,12,13,15,16,19,21,22,24
1694,10,2,5,6,7,8,9,10,11,16,17,19,20,24,25
1694,11,2,4,5,6,7,13,14,15,16,17,19,21,23,24
1694,12,2,4,6,9,10,12,13,14,17,18,20,21,24,25
1694,13,2,3,4,7,8,11,12,14,15,18,20,22,23,24
1695,1,1,2,3,5,7,8,12,15,17,19,20,21,23,24
1695,2,2,3,5,6,9,13,14,16,17,19,20,22,23,24
1695,3,1,4,5,6,7,10,11,12,13,14,15,20,22,23
1695,4,3,4,5,6,7,9,10,12,13,15,20,21,23,25
1695,5,1,2,3,7,10,11,12,13,14,15,20,21,23,24
1695,6,1,2,7,10,11,12,13,14,17,18,20,21,23,25
1695,7,2,5,6,7,8,10,12,15,16,18,20,21,24,25
1695,8,1,4,5,9,11,12,14,17,19,20,21,23,24,25
1695,9,2,5,8,9,11,12,14,15,17,18,19,20,22,25
1695,10,1,2,3,4,5,6,8,9,12,14,15,20,21,25
1695,11,2,3,5,6,7,8,10,13,15,18,19,21,23,24
1695,12,2,4,11,12,13,14,16,17,18,19,21,23,24,25
1695,13,2,5,6,8,9,10,13,15,19,20,21,22,24,25
1696,1,1,4,5,6,7,9,10,12,14,15,17,20,21,22
1696,2,2,5,6,8,11,13,15,17,19,20,21,23,24,25
1696,3,2,3,4,6,8,9,11,12,15,17,19,22,23,24
1696,4,3,4,7,8,10,11,12,13,14,17,22,23,24,25
1696,5,3,4,5,6,8,10,12,14,16,17,18,22,23,25
1696,6,1,2,6,7,11,12,13,14,15,17,18,20,21,24
1696,7,1,5,6,8,12,15,17,18,19,20,21,22,23,24
1696,8,4,6,9,10,11,13,14,15,17,18,19,21,22,23
1696,9,1,5,8,10,11,13,14,15,16,19,21,22,23,25
1696,10,1,2,4,8,9,10,11,12,13,15,16,19,23,24
1696,11,1,3,4,5,8,9,10,12,16,17,20,21,22,25
1696,12,3,4,10,11,12,13,15,16,17,18,20,21,23,24
1696,13,2,3,7,8,9,10,11,15,18,19,20,21,23,24
1697,1,1,2,4,7,8,10,12,13,14,17,20,22,23,24
1697,2,1,3,4,6,7,9,10,11,13,15,16,17,18,24
1697,3,2,6,7,10,11,12,13,15,16,18,20,21,23,24
1697,4,1,4,6,7,8,9,10,12,13,14,15,17,20,21
1697,5,1,4,5,6,8,9,10,11,12,18,19,21,22,23
1697,6,1,2,5,7,11,13,14,16,19,20,21,22,23,25
1697,7,1,4,5,6,7,8,11,12,14,15,17,18,19,23
1697,8,1,2,3,6,8,9,11,13,14,15,16,18,22,23
1697,9,1,2,4,8,9,10,12,14,15,16,18,19,24,25
1697,10,1,3,4,5,6,7,9,10,12,13,15,21,22,25
1697,11,1,2,3,6,8,12,13,14,16,17,19,20,21,22
1697,12,2,3,4,6,7,10,11,13,14,16,17,18,20,21
1697,13,1,3,6,7,8,9,11,15,17,18,19,20,23,24
1698,1,3,4,5,7,9,10,11,12,15,16,22,23,24,25
1698,2,1,2,3,5,6,9,11,12,16,20,21,23,24,25
1698,3,1,2,6,8,9,10,13,15,16,17,19,20,22,23
1698,4,1,4,6,8,9,12,15,16,17,18,19,20,21,25
1698,5,2,3,4,5,6,7,8,10,11,15,17,19,22,23
1698,6,1,2,3,5,6,7,11,14,15,16,19,21,23,24
1698,7,1,2,5,7,9,13,14,16,17,18,20,21,23,25
1698,8,1,2,3,8,9,13,14,15,16,17,18,20,24,25
1698,9,3,4,6,7,8,10,11,12,16,17,18,23,24,25
1698,10,3,8,9,11,12,13,14,15,17,20,21,23,24,25
1698,11,2,6,7,8,10,12,13,14,15,16,17,20,22,24
1698,12,1,2,3,4,6,7,8,10,12,13,18,19,20,23
1698,13,1,2,5,7,9,12,13,14,15,17,18,21,23,25
1699,1,4,7,8,10,11,14,15,16,17,18,19,21,23,25
1699,2,2,3,5,7,8,10,12,14,16,17,18,22,23,24
1699,3,1,2,3,6,7,11,12,13,14,18,20,23,24,25
1699,4,2,3,4,5,6,10,11,12,14,15,18,20,24,25
1699,5,1,3,6,10,13,14,16,17,18,19,20,21,23,24
1699,6,1,2,3,12,13,14,16,19,20,21,22,23,24,25
1699,7,3,4,8,12,13,14,15,17,18,19,20,21,23,25
1699,8,1,4,5,6,7,10,11,12,13,14,16,21,23,25
1699,9,1,7,8,9,10,11,13,14,15,16,20,21,24,25
1699,10,1,3,5,6,8,9,14,16,17,20,21,22,23,25
1699,11,2,3,6,7,8,10,13,14,16,18,20,23,24,25
1699,12,1,5,7,9,10,11,12,14,15,18,19,23,24,25
1699,13,3,6,7,8,9,11,12,14,16,17,18,20,23,24
1700,1,6,9,11,12,13,14,16,17,19,20,21,22,23,25
1700,2,2,3,9,10,11,12,13,14,15,18,20,21,22,25
1700,3,1,5,7,8,10,11,13,15,18,19,20,22,23,24
1700,4,2,3,4,5,6,7,10,14,17,18,20,21,23,24
1700,5,1,2,3,7,10,12,13,17,18,21,22,23,24,25
1700,6,2,3,5,6,7,9,12,14,15,16,17,20,24,25
1700,7,1,4,5,6,7,8,9,10,11,14,15,16,20,25
1700,8,2,5,8,9,12,13,15,16,18,20,21,22,24,25
1700,9,3,5,6,7,8,11,13,14,16,17,19,22,23,24
1700,10,1,2,3,4,6,7,8,14,17,18,22,23,24,25
1700,11,4,6,7,8,9,11,12,13,15,18,19,22,23,24
1700,12,2,6,7,8,12,13,14,15,16,17,18,21,24,25
1700,13,5,6,7,10,13,14,15,16,18,19,20,21,22,23
1701,1,1,3,4,9,10,11,12,15,16,18,19,21,23,24
1701,2,1,3,5,6,8,9,11,12,13,17,18,19,21,22
1701,3,2,3,5,8,10,12,13,14,15,16,17,18,19,25
1701,4,1,2,3,6,7,8,9,11,15,16,17,18,22,23
1701,5,1,2,4,6,7,9,12,13,15,16,19,21,23,24
1701,6,2,4,6,8,10,11,12,13,15,16,17,19,24,25
1701,7,4,5,6,7,10,11,12,14,16,18,21,23,24,25
1701,8,1,5,6,7,9,10,13,14,15,16,18,21,23,25
1701,9,2,3,4,5,6,9,10,11,18,19,20,21,22,25
1701,10,1,3,4,5,8,10,11,12,13,14,16,19,21,23
1701,11,3,4,6,7,8,9,10,13,14,18,19,22,24,25
1701,12,1,8,11,12,13,14,15,18,19,20,22,23,24,25
1701,13,4,7,8,9,10,12,14,15,16,18,20,22,23,25
1702,1,1,2,6,7,8,9,11,14,15,17,18,22,24,25
1702,2,6,7,8,11,14,16,17,18,19,20,21,22,24,25
1702,3,2,4,5,7,9,11,12,13,14,15,17,19,22,23
1702,4,3,4,9,10,11,12,13,15,16,19,20,21,23,24
1702,5,1,3,4,5,6,7,12,13,14,16,19,20,22,23
1702,6,1,2,3,4,5,7,8,15,16,17,22,23,24,25
1702,7,2,3,4,9,10,11,12,14,18,20,21,22,23,25
1702,8,3,5,8,9,10,12,13,15,16,17,20,21,22,25
1702,9,4,5,9,10,11,13,14,15,20,21,22,23,24,25
1702,10,1,3,4,6,7,9,10,13,16,17,18,20,21,22
1702,11,3,4,5,6,8,12,13,15,16,18,19,21,22,23
1702,12,1,2,5,6,7,8,10,11,12,13,17,19,20,24
1702,13,1,2,3,7,8,9,11,13,14,16,17,18,20,24
1703,1,2,3,4,5,7,9,10,11,12,13,15,16,22,23
1703,2,2,3,4,6,9,12,14,16,17,18,19,20,21,23
1703,3,1,2,4,7,8,10,11,12,18,19,20,21,22,24
1703,4,1,5,6,8,9,13,15,16,19,20,21,23,24,25
1703,5,1,2,4,5,6,8,11,15,16,17,19,21,23,24
1703,6,1,2,5,9,12,14,15,16,17,18,19,21,24,25
1703,7,1,3,4,5,9,10,11,13,16,18,20,21,24,25
1703,8,1,2,3,4,6,7,11,14,15,18,20,22,24,25
1703,9,6,7,8,9,10,14,15,16,17,18,20,22,23,25
1703,10,1,2,3,6,7,8,9,10,13,15,19,20,21,24
1703,11,1,3,4,6,7,9,10,16,17,18,19,21,22,24
1703,12,1,2,3,4,5,8,9,11,13,14,15,21,22,25
1703,13,1,3,4,5,6,9,10,11,14,15,17,20,21,22
1704,1,1,3,4,6,8,10,12,16,18,19,20,21,22,24
1704,2,3,5,7,8,10,11,12,14,15,16,19,21,23,24
1704,3,1,2,8,9,12,14,15,17,19,20,21,23,24,25
1704,4,3,5,7,8,9,10,11,13,15,18,19,22,23,25
1704,5,1,2,6,7,9,10,12,13,17,18,21,22,23,24
1704,6,5,6,11,12,13,16,17,18,20,21,22,23,24,25
1704,7,5,6,7,8,9,13,16,17,18,19,20,22,24,25
1704,8,1,5,6,7,8,9,14,16,17,18,20,22,24,25
1704,9,1,2,4,6,11,13,16,18,19,21,22,23,24,25
1704,10,2,6,8,12,13,14,15,16,18,19,20,21,22,24
1704,11,3,4,6,8,9,11,12,13,14,16,17,21,23,24
1704,12,1,2,5,7,11,12,14,15,17,18,20,23,24,25
1704,13,1,2,5,12,13,14,15,17,18,19,20,21,23,25
1705,1,1,2,3,5,7,9,11,12,13,16,18,19,21,25
1705,2,1,2,4,5,9,10,12,13,16,18,19,21,23,24
1705,3,3,4,5,6,7,9,10,13,14,18,20,23,24,25
1705,4,2,3,4,5,6,9,11,13,14,16,17,21,24,25
1705,5,3,4,5,7,8,10,13,15,16,17,18,19,24,25
1705,6,1,4,5,6,7,13,14,15,18,20,22,23,24,25
1705,7,1,2,5,7,9,10,11,12,14,16,17,20,21,23
1705,8,1,4,5,7,8,9,12,15,17,19,20,21,23,24
1705,9,2,3,7,8,9,11,12,13,15,17,19,21,22,25
1705,10,1,2,3,5,8,12,15,17,18,19,20,21,24,25
1705,11,1,3,4,5,8,9,11,13,15,17,19,21,22,25
1705,12,7,8,9,11,12,15,16,17,18,19,20,21,23,24
1705,13,1,2,4,6,11,12,16,17,18,20,21,23,24,25
1706,1,2,3,5,6,9,11,12,13,14,15,18,21,22,24
1706,2,1,5,6,7,10,11,12,13,14,15,16,17,21,24
1706,3,2,6,7,9,10,11,13,14,17,18,21,22,23,25
1706,4,1,4,6,7,10,11,14,15,16,18,21,22,24,25
1706,5,3,4,6,7,12,13,14,15,17,18,19,21,22,23
1706,6,1,3,4,5,7,8,9,12,14,15,18,20,22,25
1706,7,1,2,3,4,5,6,8,9,14,15,16,23,24,25
1706,8,1,2,4,5,6,11,13,14,17,18,19,20,22,23
1706,9,1,2,4,5,6,8,11,14,16,18,19,21,22,23
1706,10,1,3,7,8,11,12,13,14,15,17,18,19,20,24
1706,11,2,3,4,5,6,11,13,14,15,16,19,21,23,25
1706,12,2,4,6,7,8,10,13,14,16,18,19,21,24,25
1706,13,1,2,5,6,8,9,14,17,18,20,21,22,23,24
1707,1,2,3,4,7,13,14,15,16,20,21,22,23,24,25
1707,2,2,3,4,6,7,8,10,11,12,13,14,19,21,24
1707,3,1,2,3,4,6,12,14,17,18,20,21,22,23,25
1707,4,1,2,5,6,7,8,10,11,13,14,17,19,23,25
1707,5,1,2,3,6,9,11,12,13,14,15,16,20,22,24
1707,6,3,4,5,7,9,10,12,13,14,16,18,20,23,25
1707,7,1,2,4,5,9,12,13,15,17,18,21,23,24,25
1707,8,1,4,7,8,9,10,11,12,13,15,17,18,22,23
1707,9,4,5,6,8,9,10,12,13,14,15,18,20,23,24
1707,10,5,8,11,12,13,14,15,16,17,19,20,21,23,25
1707,11,2,3,5,10,13,14,15,16,17,20,21,22,24,25
1707,12,2,3,4,6,9,10,11,12,16,18,19,20,23,24
1707,13,2,3,4,7,10,12,13,15,17,18,20,21,22,23
1708,1,1,2,5,6,7,13,14,15,16,17,18,19,23,25
1708,2,2,3,5,12,15,16,17,18,19,20,21,22,23,24
1708,3,2,3,4,5,7,8,9,12,13,14,19,22,24,25
1708,4,2,3,4,6,7,8,10,11,12,14,18,20,22,24
1708,5,1,5,8,12,13,14,15,16,17,18,19,22,24,25
1708,6,1,2,4,7,8,9,12,13,16,17,20,22,23,24
1708,7,2,3,4,7,9,10,11,13,15,17,18,20,21,22
1708,8,2,3,9,10,11,12,13,14,18,19,20,21,22,24
1708,9,1,2,3,6,7,8,9,11,13,18,22,23,24,25
1708,10,1,3,4,5,8,10,11,12,13,15,18,19,21,25
1708,11,4,5,8,10,12,13,14,16,18,19,21,22,23,24
1708,12,3,5,6,8,9,10,12,14,16,17,19,20,21,24
1708,13,1,2,4,6,7,8,11,13,15,16,19,21,22,23
1709,1,1,5,6,11,12,13,14,15,16,17,19,20,24,25
1709,2,1,2,3,6,7,8,10,12,14,15,20,21,22,24
1709,3,4,5,6,7,9,11,12,14,18,19,20,23,24,25
1709,4,1,2,3,5,7,8,13,15,17,19,20,21,23,25
1709,5,1,2,5,6,7,8,10,12,15,16,18,23,24,25
1709,6,1,2,4,5,6,7,10,13,14,15,20,22,24,25
1709,7,2,4,6,7,8,9,12,15,17,19,21,23,24,25
1709,8,1,6,7,8,9,10,12,13,14,17,19,20,22,23
1709,9,1,3,6,7,8,9,11,14,16,17,18,19,20,23
1709,10,1,5,6,7,8,10,11,13,14,16,18,19,24,25
1709,11,2,3,4,7,8,9,14,15,18,19,20,21,22,24
1709,12,2,3,4,5,8,10,12,16,17,20,21,22,23,25
1709,13,2,3,4,9,10,11,15,16,18,19,20,21,22,25
1710,1,6,8,9,10,11,12,13,14,15,16,21,23,24,25
1710,2,1,2,3,5,6,7,9,15,16,17,20,21,23,24
1710,3,2,5,7,8,12,15,16,17,18,19,21,22,24,25
1710,4,2,3,4,5,8,9,11,16,19,21,22,23,24,25
1710,5,1,2,4,6,9,10,11,12,16,17,18,21,23,24
1710,6,2,3,5,6,7,12,13,14,15,19,20,22,23,24
1710,7,1,2,6,7,10,11,12,13,14,16,17,19,22,25
1710,8,1,2,3,4,5,6,10,11,13,18,19,23,24,25
1710,9,1,2,3,5,8,9,10,11,17,18,19,20,21,24
1710,10,1,2,6,8,9,10,11,12,13,16,21,23,24,25
1710,11,1,3,4,5,7,9,10,12,13,15,16,17,22,23
1710,12,4,5,6,7,10,12,13,15,16,17,18,19,20,21
1710,13,1,2,3,5,7,9,10,11,13,14,17,19,23,24
1711,1,1,2,3,4,5,6,10,11,14,15,17,23,24,25
1711,2,1,3,6,8,9,13,15,16,20,21,22,23,24,25
1711,3,2,3,4,8,9,13,14,15,17,19,20,21,22,25
1711,4,1,3,4,7,9,10,12,15,16,17,19,20,22,25
1711,5,1,3,5,10,11,12,14,16,17,18,20,21,23,24
1711,6,2,3,4,5,8,10,14,15,16,18,20,21,23,25
1711,7,1,3,5,6,7,8,9,12,13,17,18,21,22,25
1711,8,3,5,7,9,10,12,13,14,15,18,19,21,22,24
1711,9,1,2,3,4,5,6,13,14,15,17,21,22,24,25
1711,10,1,2,3,6,7,8,10,13,15,17,18,19,21,22
1711,11,5,6,8,9,10,11,12,13,14,15,16,17,24,25
1711,12,1,4,6,7,8,9,12,13,15,16,17,19,21,22
1711,13,4,5,7,8,9,12,13,14,16,17,19,23,24,25
1712,1,2,4,7,9,11,12,13,14,16,17,18,20,21,24
1712,2,1,2,5,9,10,11,12,13,15,16,19,21,22,23
1712,3,1,3,5,6,7,12,15,18,19,20,21,22,23,25
1712,4,1,2,4,6,7,9,10,13,14,17,18,20,21,24
1712,5,1,2,5,7,12,13,14,16,20,21,22,23,24,25
1712,6,3,5,6,9,10,12,13,14,15,16,17,19,21,23
1712,7,1,3,4,10,11,12,13,16,17,18,19,22,23,25
1712,8,1,5,6,7,8,11,14,16,17,18,20,21,23,24
1712,9,1,2,3,7,8,12,13,15,16,17,18,20,22,25
1712,10,1,2,6,11,12,13,15,17,18,20,21,22,24,25
1712,11,1,2,7,10,14,15,16,17,19,20,21,22,23,24
1712,12,1,2,5,9,11,13,14,15,16,17,18,20,21,25
1712,13,2,5,6,7,11,12,16,17,18,19,20,21,23,25
1713,1,2,5,6,8,10,12,13,16,17,20,21,22,23,25
1713,2,1,2,4,8,9,11,12,16,18,19,22,23,24,25
1713,3,1,2,4,6,7,8,10,11,15,16,19,21,23,24
1713,4,1,6,7,8,9,10,13,15,17,18,19,20,22,23
1713,5,4,5,7,8,10,12,14,15,16,17,20,22,24,25
1713,6,3,4,5,8,9,11,12,14,16,17,18,21,23,25
1713,7,4,5,6,7,8,9,10,11,12,13,14,15,16,22
1713,8,3,5,6,10,12,14,15,16,17,19,20,23,24,25
1713,9,1,3,4,5,6,7,10,11,12,13,16,17,20,23
1713,10,1,5,6,8,10,11,13,14,16,21,22,23,24,25
1713,11,1,3,4,7,8,9,10,11,12,13,15,18,23,25
1713,12,1,2,4,6,9,11,12,13,15,16,19,20,22,23
1713,13,1,4,5,6,7,8,11,14,15,16,17,19,20,21
1714,1,2,3,4,7,8,9,10,11,12,13,18,19,21,23
1714,2,2,5,7,8,10,12,13,14,15,16,20,21,23,25
1714,3,2,3,5,6,7,8,9,15,16,19,20,21,23,24
1714,4,2,6,7,8,9,11,12,14,16,17,19,20,23,25
1714,5,1,2,3,6,9,11,12,13,14,17,19,22,24,25
1714,6,2,3,5,6,8,11,12,13,14,15,18,19,20,22
1714,7,3,4,5,7,8,9,11,12,13,15,16,17,18,22
1714,8,3,5,10,11,12,13,14,15,17,18,22,23,24,25
1714,9,6,7,8,10,11,13,15,16,17,19,20,22,24,25
1714,10,1,2,3,4,5,6,11,12,14,15,18,19,22,24
1714,11,2,4,6,7,9,11,12,13,16,17,19,20,21,23
1714,12,5,7,8,10,11,13,14,16,18,19,20,21,24,25
1714,13,1,3,4,6,10,11,12,13,16,17,19,20,22,25
1715,1,1,2,3,4,5,8,9,10,13,15,17,18,20,23
1715,2,1,3,4,7,10,12,14,15,17,18,20,22,24,25
1715,3,1,2,4,5,6,7,8,9,10,12,15,18,20,25
1715,4,3,6,7,10,11,15,16,17,18,19,20,21,23,25
1715,5,1,4,7,8,11,12,14,15,17,19,20,21,23,24
1715,6,1,2,3,4,7,8,11,12,13,14,16,18,21,25
1715,7,1,2,4,7,8,9,11,13,14,15,16,19,24,25
1715,8,3,4,5,6,8,10,12,15,17,18,19,20,21,22
1715,9,1,4,5,7,9,12,13,15,16,19,21,22,23,25
1715,10,1,3,4,5,6,9,11,13,15,17,21,23,24,25
1715,11,4,5,6,9,10,11,12,16,18,19,21,22,24,25
1715,12,1,2,3,4,5,9,10,13,17,20,22,23,24,25
1715,13,1,2,3,4,6,7,11,14,15,17,19,20,23,25
1716,1,1,2,8,10,11,13,14,15,16,17,19,20,22,24
1716,2,3,4,5,8,10,11,14,16,17,18,19,22,24,25
1716,3,1,3,7,11,12,13,16,17,18,19,21,23,24,25
1716,4,1,2,6,7,8,10,12,13,15,18,20,22,23,25
1716,5,1,2,3,6,7,9,10,12,15,17,18,20,22,25
1716,6,3,4,6,7,8,9,12,14,15,17,18,19,22,25
1716,7,1,2,3,5,6,7,9,10,11,13,14,15,16,20
1716,8,1,2,3,4,5,6,7,8,14,15,21,22,24,25
1716,9,1,3,7,9,10,11,12,17,18,19,21,22,23,25
1716,10,1,4,5,6,12,13,16,17,19,21,22,23,24,25
1716,11,4,7,8,10,12,13,14,15,16,18,19,20,22,25
1716,12,3,4,5,6,7,9,10,14,16,17,18,20,21,23
1716,13,2,3,5,8,9,11,14,15,16,19,21,22,23,25
1717,1,1,2,4,6,7,10,11,13,14,16,18,19,21,22
1717,2,1,3,4,5,8,10,13,15,16,17,19,20,21,24
1717,3,1,2,4,5,7,9,10,15,17,18,20,21,23,25
1717,4,1,4,5,6,9,12,13,14,16,19,21,22,23,25
1717,5,1,3,6,7,8,9,11,14,17,20,21,22,23,24
1717,6,1,3,4,6,8,10,11,13,14,15,20,22,24,25
1717,7,2,3,5,6,7,8,9,11,12,16,19,21,24,25
1717,8,1,4,5,6,7,8,9,10,11,17,18,21,23,25
1717,9,1,4,5,12,13,14,15,16,17,18,19,21,23,24
1717,10,2,3,6,7,8,9,11,14,17,18,20,21,23,24
1717,11,1,2,4,6,8,10,11,12,13,16,17,21,23,24
1717,12,1,4,5,6,8,9,10,11,15,16,18,21,22,24
1717,13,2,5,7,8,9,11,13,14,16,18,19,22,23,25
1718,1,2,3,5,7,10,12,13,14,15,18,19,21,22,23
1718,2,1,2,4,5,10,11,12,13,15,18,19,20,23,25
1718,3,1,3,4,5,6,9,12,14,17,18,19,22,23,25
1718,4,3,4,5,7,8,11,13,14,15,16,18,19,21,22
1718,5,1,3,6,7,10,11,13,14,15,21,22,23,24,25
1718,6,1,7,9,11,13,14,15,17,18,20,21,23,24,25
1718,7,3,5,7,8,9,11,12,13,15,16,17,21,22,24
1718,8,1,2,6,8,10,11,14,15,17,19,20,21,22,25
1718,9,2,4,6,9,10,12,14,15,18,19,20,21,23,24
1718,10,1,4,5,7,8,9,10,11,12,15,16,19,23,25
1718,11,1,5,9,10,11,13,14,15,16,17,19,20,22,25
1718,12,3,5,6,8,9,10,11,12,13,18,19,20,22,25
1718,13,4,7,9,11,12,13,15,16,19,20,21,22,23,25
1719,1,1,4,5,7,8,9,10,11,12,14,16,17,18,19
1719,2,3,5,7,11,12,13,14,15,16,18,19,21,22,24
1719,3,1,3,7,8,9,10,11,13,15,17,19,21,22,24
1719,4,1,2,7,8,9,13,15,16,17,19,21,22,23,24
1719,5,3,5,6,8,11,14,16,17,19,20,21,22,24,25
1719,6,1,6,7,8,11,14,16,17,18,20,21,22,24,25
1719,7,1,2,6,7,8,10,12,13,14,16,17,22,23,24
1719,8,1,4,5,7,8,9,10,12,15,16,18,20,22,23
1719,9,3,4,5,6,7,8,9,10,12,13,14,17,18,20
1719,10,1,3,4,10,13,15,16,17,18,19,21,22,23,25
1719,11,3,4,6,7,11,12,13,14,15,17,19,20,22,23
1719,12,1,2,4,5,6,8,9,10,13,16,17,19,23,24
1719,13,5,6,8,9,10,12,13,14,15,19,20,23,24,25
1720,1,2,3,7,9,10,16,17,18,19,20,21,22,24,25
1720,2,1,2,4,5,6,9,10,11,14,17,21,22,24,25
1720,3,2,3,6,7,8,9,12,13,14,15,18,19,20,21
1720,4,1,5,8,9,10,11,13,15,17,18,21,22,23,25
1720,5,3,4,5,6,7,8,9,12,15,16,18,19,20,25
1720,6,1,4,6,11,12,13,15,16,18,19,21,22,23,25
1720,7,2,4,6,7,10,13,15,17,18,19,21,23,24,25
1720,8,2,3,5,6,9,10,11,13,17,18,19,21,23,24
1720,9,1,3,4,6,9,11,12,13,15,17,18,19,23,24
1720,10,1,3,4,5,7,8,10,11,12,13,15,19,21,25
1720,11,2,3,5,8,9,13,14,15,16,18,19,22,23,24
1720,12,1,2,3,7,8,10,11,12,13,15,17,18,21,23
1720,13,2,3,4,6,12,14,15,16,18,19,20,22,23,24
1721,1,1,4,6,7,8,10,11,16,18,19,21,22,23,25
1721,2,1,2,4,5,8,10,11,13,14,16,17,21,24,25
1721,3,3,4,5,6,7,9,10,11,12,14,19,20,22,23
1721,4,2,4,5,8,9,11,12,14,16,17,18,20,22,23
1721,5,2,3,8,9,12,13,15,16,17,19,20,22,23,24
1721,6,3,4,6,7,9,12,13,14,15,18,20,21,22,23
1721,7,1,2,3,5,6,9,12,13,14,16,19,20,21,22
1721,8,1,4,6,7,9,10,11,12,13,15,16,18,20,25
1721,9,2,3,4,5,6,10,13,14,15,16,17,21,22,24
1721,10,3,4,5,7,8,9,13,15,16,17,19,20,21,24
1721,11,2,3,5,6,8,10,11,13,14,17,22,23,24,25
1721,12,1,2,8,11,12,14,15,16,17,18,21,22,23,25
1721,13,1,2,3,8,9,10,11,12,13,14,15,16,21,25
1722,1,3,4,5,6,7,9,11,16,17,19,20,21,23,25
1722,2,2,3,4,5,6,7,11,13,15,17,18,20,22,23
1722,3,1,3,5,6,7,9,10,11,12,15,17,18,19,25
1722,4,1,4,5,7,9,13,15,17,18,20,21,22,23,24
1722,5,2,3,4,5,6,9,13,14,16,17,19,20,23,25
1722,6,3,4,6,9,11,12,14,15,17,19,21,22,23,24
1722,7,1,2,4,5,7,11,13,15,17,19,20,21,22,23
1722,8,5,6,7,8,9,11,12,14,16,17,19,20,23,24
1722,9,1,4,6,7,9,10,13,15,16,17,18,19,21,25
1722,10,1,2,5,6,7,9,10,14,15,16,19,20,23,25
1722,11,3,4,6,7,9,10,11,12,14,16,18,21,24,25
1722,12,1,3,5,9,10,15,16,17,19,20,22,23,24,25
1722,13,1,3,5,6,7,8,9,11,18,21,22,23,24,25
1723,1,1,3,5,6,7,8,9,11,12,13,16,19,22,25
1723,2,1,6,7,9,10,11,12,13,14,20,21,22,23,25
1723,3,2,6,7,8,12,13,14,16,17,18,19,21,22,23
1723,4,1,2,4,9,11,12,16,17,18,19,20,21,22,23
1723,5,1,2,4,5,6,10,12,14,15,16,17,18,19,20
1723,6,3,4,5,8,9,10,13,14,16,18,22,23,24,25
1723,7,1,2,3,4,7,8,9,10,12,16,17,23,24,25
1723,8,1,2,3,5,7,9,10,14,16,19,20,21,22,23
1723,9,1,2,4,5,6,8,9,10,11,14,17,19,21,25
1723,10,1,5,6,7,8,10,11,12,13,14,15,20,23,25
1723,11,1,3,6,7,9,11,13,14,17,18,20,22,23,24
1723,12,1,2,3,7,8,9,10,11,13,14,17,18,21,22
1723,13,1,2,6,8,12,15,16,17,18,19,20,21,24,25
1724,1,3,4,5,6,7,8,10,11,13,15,18,20,21,23
1724,2,1,2,4,6,7,10,12,16,17,18,19,21,23,25
1724,3,6,8,9,10,11,12,13,15,17,18,19,21,23,24
1724,4,4,6,8,9,10,13,14,17,19,20,21,22,23,24
1724,5,2,3,4,7,8,9,11,14,18,19,20,21,23,25
1724,6,1,2,4,6,7,9,11,14,15,17,20,21,22,23
1724,7,2,5,6,7,8,10,12,13,15,16,17,18,21,22
1724,8,3,5,6,7,9,12,14,15,16,17,18,20,21,22
1724,9,2,3,7,9,10,13,14,16,18,19,20,21,23,25
1724,10,1,2,3,4,6,10,11,13,14,15,18,20,22,24
1724,11,1,4,5,6,9,10,11,13,14,15,16,17,22,23
1724,12,2,3,4,5,7,12,13,14,15,17,22,23,24,25
1724,13,2,3,5,10,13,16,17,18,19,20,21,22,24,25
1725,1,1,3,4,6,8,9,13,18,19,20,22,23,24,25
1725,2,1,2,3,4,5,6,8,9,14,16,17,20,21,25
1725,3,1,2,4,8,11,12,13,14,15,16,17,21,23,25
1725,4,3,7,9,10,11,14,15,16,19,20,21,22,24,25
1725,5,2,3,6,7,9,10,13,16,17,18,19,20,21,25
1725,6,2,5,6,8,9,12,14,15,16,17,19,21,22,25
1725,7,1,4,9,10,12,14,16,17,18,19,20,22,24,25
1725,8,1,2,4,8,10,11,12,14,15,19,20,21,22,25
1725,9,4,6,9,11,12,13,14,17,18,19,20,21,22,23
1725,10,2,3,4,8,9,10,12,13,15,17,19,20,23,25
1725,11,3,5,9,11,12,13,14,18,19,20,22,23,24,25
1725,12,2,3,5,7,8,10,11,12,17,19,22,23,24,25
1725,13,1,2,3,4,8,12,14,15,16,17,18,19,21,23
1726,1,1,2,3,4,5,6,7,9,10,11,18,19,20,21
1726,2,1,3,6,7,9,10,11,15,17,18,20,21,23,24
1726,3,1,2,4,7,8,9,12,13,14,15,16,19,22,24
1726,4,1,2,3,4,7,10,11,13,15,17,18,19,22,25
1726,5,1,2,4,5,6,9,14,15,17,18,19,20,24,25
1726,6,4,5,9,11,12,14,15,16,19,20,21,22,23,25
1726,7,2,3,5,6,8,9,10,11,12,15,18,19,21,23
1726,8,3,5,6,8,9,10,11,12,14,15,16,22,24,25
1726,9,1,4,5,6,11,12,14,15,16,20,21,22,23,25
1726,10,1,2,3,4,7,8,12,14,18,19,21,22,23,24
1726,11,1,2,4,7,8,13,15,16,18,19,20,21,23,25
1726,12,1,3,6,8,10,11,12,14,15,17,18,19,22,24
1726,13,1,2,5,6,8,10,11,13,15,16,19,21,22,25
1727,1,2,3,4,6,7,9,10,11,12,17,20,22,23,24
1727,2,1,3,5,6,7,9,11,13,14,17,18,20,24,25
1727,3,2,3,6,8,10,12,13,14,16,17,18,21,22,24
1727,4,1,5,6,10,11,12,13,14,15,16,17,19,22,23
1727,5,3,4,5,6,7,10,12,13,14,15,17,21,22,24
1727,6,1,3,4,6,7,9,11,14,17,18,20,21,23,25
1727,7,1,2,3,6,9,10,12,15,17,19,21,22,23,24
1727,8,1,2,3,4,5,7,9,10,11,12,13,18,20,21
1727,9,1,5,7,8,9,10,11,12,13,14,17,20,22,24
1727,10,1,3,4,6,7,9,10,12,13,21,22,23,24,25
1727,11,1,4,6,7,8,9,10,13,14,16,19,23,24,25
1727,12,2,3,4,5,6,7,10,11,18,19,21,22,24,25
1727,13,1,2,5,7,10,13,14,16,17,19,20,22,23,24
1728,1,1,3,4,5,8,9,10,13,16,18,20,21,22,25
1728,2,3,4,8,10,12,13,14,15,17,20,22,23,24,25
1728,3,3,4,5,8,9,12,13,14,15,17,18,21,22,23
1728,4,2,3,5,6,9,10,12,13,14,15,17,19,21,25
1728,5,1,3,4,7,11,12,13,15,16,17,19,23,24,25
1728,6,3,4,5,6,8,9,12,17,19,20,21,23,24,25
1728,7,2,4,5,7,9,10,11,12,16,17,19,21,22,23
1728,8,2,4,6,7,9,11,12,14,15,16,18,20,21,23
1728,9,1,4,6,7,8,10,12,14,16,18,20,21,22,25
1728,10,1,5,6,9,10,12,14,15,16,19,20,21,24,25
1728,11,2,3,5,6,7,9,10,14,15,18,20,21,22,25
1728,12,1,2,4,6,7,9,10,14,15,19,20,21,23,25
1728,13,1,2,6,7,8,12,13,14,15,16,19,22,23,25
1729,1,1,2,3,4,6,7,9,10,12,14,17,18,19,24
1729,2,1,2,4,5,6,7,9,14,16,17,18,19,23,25
1729,3,1,2,3,4,5,7,9,11,13,14,17,19,24,25
1729,4,2,4,5,9,10,11,12,16,17,18,19,20,24,25
1729,5,1,4,6,9,13,14,15,17,18,19,22,23,24,25
1729,6,2,6,8,9,10,11,13,14,15,18,19,21,22,25
1729,7,1,2,5,6,7,9,12,15,16,19,21,22,24,25
1729,8,2,3,4,5,8,10,12,13,14,16,17,20,21,25
1729,9,1,5,6,7,8,9,11,12,15,17,18,21,24,25
1729,10,1,2,4,5,6,10,11,16,17,20,21,23,24,25
1729,11,1,2,3,4,8,9,10,13,14,15,18,22,23,25
1729,12,1,3,5,6,9,10,11,15,18,20,21,23,24,25
1729,13,2,3,4,6,7,8,12,14,15,16,17,20,23,25
1730,1,3,4,8,9,11,15,17,18,20,21,22,23,24,25
1730,2,1,2,4,6,7,8,10,11,13,14,18,22,23,25
1730,3,3,4,5,8,11,13,14,15,16,17,18,19,21,25
1730,4,1,4,7,8,13,14,15,16,18,19,20,21,23,24
1730,5,1,4,5,6,8,9,10,11,14,15,19,22,23,24
1730,6,1,3,4,5,6,7,8,9,13,17,18,22,24,25
1730,7,1,4,6,8,9,10,11,12,14,17,18,20,23,24
1730,8,4,5,6,8,10,12,15,16,17,20,21,22,23,24
1730,9,3,4,5,6,9,11,13,14,15,17,19,21,22,23
1730,10,4,6,8,9,10,12,14,15,18,21,22,23,24,25
1730,11,2,5,7,8,9,10,12,14,15,17,22,23,24,25
1730,12,1,3,4,5,8,10,11,13,14,15,16,17,21,23
1730,13,3,5,6,9,10,11,13,15,16,19,21,22,24,25
1731,1,1,3,4,6,7,8,9,10,11,13,15,16,19,22
1731,2,1,2,4,5,7,8,9,10,11,15,17,19,22,25
1731,3,1,2,5,7,9,10,12,13,17,19,20,22,23,24
1731,4,1,2,3,4,6,8,11,12,18,19,22,23,24,25
1731,5,2,3,9,10,11,12,13,14,16,17,18,22,23,24
1731,6,1,2,3,5,8,9,11,12,13,15,18,20,21,25
1731,7,3,4,5,7,8,9,10,11,13,17,18,19,20,22
1731,8,2,3,5,6,7,8,9,11,14,16,18,19,22,23
1731,9,3,4,7,9,11,12,13,14,18,19,20,22,23,25
1731,10,2,3,4,5,9,15,16,17,18,20,21,22,24,25
1731,11,1,4,6,7,11,13,14,16,17,19,20,23,24,25
1731,12,1,2,4,5,6,8,11,14,16,18,20,22,23,25
1731,13,1,3,4,7,8,11,14,16,17,21,22,23,24,25
1732,1,1,4,6,7,9,12,13,14,15,18,19,20,22,24
1732,2,3,4,5,6,10,12,13,14,17,19,20,22,23,24
1732,3,1,2,3,7,8,10,15,19,20,21,22,23,24,25
1732,4,1,2,3,8,9,10,12,13,17,19,20,22,23,24
1732,5,2,4,5,6,7,10,11,13,15,19,21,22,23,24
1732,6,1,3,5,6,9,10,11,12,17,18,19,21,23,25
1732,7,1,2,3,4,6,7,13,14,17,18,20,23,24,25
1732,8,1,3,4,5,7,8,10,11,13,17,18,19,21,24
1732,9,2,3,8,10,11,12,13,14,15,16,17,20,22,24
1732,10,4,9,10,13,14,15,16,17,18,21,22,23,24,25
1732,11,3,6,7,9,10,11,13,15,16,17,18,21,22,23
1732,12,2,3,4,8,11,13,14,15,17,18,19,23,24,25
1732,13,1,2,4,6,10,11,14,16,17,19,21,23,24,25
1733,1,1,2,3,4,8,10,11,12,14,16,17,20,22,24
1733,2,1,2,7,9,10,12,13,14,15,18,21,22,23,24
1733,3,3,6,7,9,12,14,16,17,19,20,21,22,24,25
1733,4,1,3,4,7,8,10,11,12,14,16,17,20,22,23
1733,5,2,5,6,7,9,10,12,14,16,17,18,19,21,24
1733,6,2,4,6,7,8,9,10,11,13,14,16,22,23,24
1733,7,1,2,6,7,8,9,12,14,15,18,20,21,22,23
1733,8,1,3,5,7,9,10,11,12,15,18,21,22,24,25
1733,9,1,2,3,4,5,9,10,11,13,14,17,19,20,25
1733,10,4,5,6,7,9,10,12,13,14,15,18,19,20,21
1733,11,2,4,5,8,9,10,11,12,14,15,17,18,23,24
1733,12,1,2,3,4,7,8,10,11,12,13,19,22,23,25
1733,13,2,3,6,8,10,11,12,13,16,17,20,21,24,25
1734,1,2,4,6,9,11,12,13,14,15,16,17,19,21,23
1734,2,1,2,4,8,9,10,12,14,15,16,17,18,23,25
1734,3,1,3,4,5,6,7,9,10,11,14,17,18,20,22
1734,4,1,4,6,7,8,9,11,12,17,19,21,23,24,25
1734,5,1,3,5,7,8,9,11,12,17,18,19,21,24,25
1734,6,4,6,7,9,10,12,13,14,16,18,20,22,23,24
1734,7,1,2,3,4,5,6,8,10,11,12,16,19,22,24
1734,8,1,3,4,8,9,12,13,15,16,19,20,21,23,25
1734,9,6,7,8,12,13,14,15,16,17,18,19,20,22,23
1734,10,1,2,4,9,11,12,14,16,17,18,19,21,22,23
1734,11,2,3,4,5,9,10,11,12,13,15,16,19,21,25
1734,12,2,5,7,8,9,10,12,13,14,15,16,17,21,24
1734,13,1,2,3,4,6,8,11,14,15,17,20,21,22,25
1735,1,1,2,3,6,7,11,12,13,17,18,19,20,21,23
1735,2,1,3,7,8,10,12,15,16,17,18,21,23,24,25
1735,3,2,3,5,7,9,10,11,14,16,18,19,21,22,24
1735,4,2,4,6,10,12,15,16,18,19,21,22,23,24,25
1735,5,1,2,3,5,6,8,12,13,15,17,18,19,21,24
1735,6,2,4,8,9,10,11,12,13,14,16,17,18,20,25
1735,7,3,4,5,6,9,10,13,14,15,17,19,20,22,24
1735,8,2,3,4,5,9,10,12,14,16,17,18,22,23,25
1735,9,1,2,5,7,9,10,12,13,15,16,17,18,21,25
1735,10,1,4,5,6,11,12,14,16,17,18,21,22,23,24
1735,11,3,4,5,6,10,11,16,17,18,19,20,21,24,25
1735,12,4,5,6,9,10,11,12,13,16,18,19,20,21,22
1735,13,1,4,7,8,9,12,13,16,17,19,20,21,24,25
1736,1,1,2,3,8,9,10,11,12,17,20,21,22,24,25
1736,2,1,2,5,6,8,10,13,14,17,19,20,21,22,24
1736,3,1,2,6,7,8,9,12,13,14,17,18,19,20,21
1736,4,1,3,7,11,13,14,15,17,18,19,20,21,23,24
1736,5,3,5,6,7,8,10,13,14,16,17,18,19,20,25
1736,6,1,3,4,7,8,9,10,11,15,20,22,23,24,25
1736,7,1,3,8,9,10,11,12,14,17,18,19,20,21,22
1736,8,1,2,3,7,8,9,11,12,15,17,18,20,23,25
1736,9,1,2,4,5,8,12,14,15,17,19,21,22,23,24
1736,10,1,5,6,11,12,13,14,16,17,18,19,21,24,25
1736,11,1,2,6,7,8,9,10,14,15,17,19,21,22,24
1736,12,1,4,7,8,12,13,14,15,16,17,18,21,22,25
1736,13,1,2,3,4,5,8,9,10,11,17,19,21,22,23
1737,1,1,3,4,6,8,9,14,17,18,21,22,23,24,25
1737,2,1,3,6,9,10,11,13,14,16,18,19,20,21,25
1737,3,1,2,6,7,8,11,12,14,16,17,18,19,21,22
1737,4,1,4,6,7,8,10,12,13,16,19,20,21,22,25
1737,5,4,6,8,9,10,16,17,18,19,20,21,23,24,25
1737,6,1,2,3,4,5,9,11,12,14,15,20,21,24,25
1737,7,1,2,3,7,8,9,11,12,16,19,20,21,22,23
1737,8,2,5,6,8,12,13,14,15,17,18,21,22,23,25
1737,9,1,2,6,9,10,11,12,13,14,15,19,20,22,25
1737,10,1,6,7,9,10,11,12,14,16,17,18,22,24,25
1737,11,1,5,8,10,11,13,14,16,17,19,20,21,23,24
1737,12,1,3,7,8,9,10,12,14,16,17,20,22,24,25
1737,13,1,6,10,13,15,16,17,18,19,21,22,23,24,25
1738,1,1,4,7,10,12,14,15,16,17,21,22,23,24,25
1738,2,3,4,7,8,9,13,15,16,17,18,19,20,22,25
1738,3,1,2,3,6,8,11,13,15,18,19,20,21,22,24
1738,4,1,4,7,9,11,13,15,17,18,20,21,22,23,24
1738,5,2,4,5,6,7,8,9,11,12,13,15,16,19,21
1738,6,4,5,6,7,9,11,12,13,14,15,17,18,22,25
1738,7,1,2,3,4,6,8,9,16,18,19,20,21,22,23
1738,8,1,2,7,8,10,11,13,15,16,18,19,20,23,24
1738,9,1,2,4,6,8,9,10,11,13,17,18,19,20,25
1738,10,2,3,4,6,7,9,10,12,14,16,18,19,24,25
1738,11,2,3,4,6,7,9,13,14,15,16,20,21,23,24
1738,12,4,6,9,14,15,17,18,19,20,21,22,23,24,25
1738,13,1,3,4,6,7,10,14,16,17,18,19,21,22,23
1739,1,1,2,4,6,7,9,11,13,14,16,20,22,23,25
1739,2,1,2,3,4,5,6,9,11,12,14,15,21,23,24
1739,3,2,5,7,8,9,11,13,15,16,18,20,21,23,25
1739,4,1,2,7,8,10,11,12,15,16,17,18,19,21,22
1739,5,3,5,6,7,8,10,11,13,14,19,20,22,23,25
1739,6,1,2,3,4,5,6,8,13,14,15,17,18,19,20
1739,7,4,7,8,9,10,12,13,14,18,19,20,21,24,25
1739,8,2,3,4,6,10,11,12,13,17,18,19,20,22,23
1739,9,1,3,6,8,10,11,12,13,16,18,21,22,23,25
1739,10,1,3,4,5,6,8,11,12,13,15,20,21,22,25
1739,11,1,3,4,8,9,11,12,13,15,16,18,19,23,24
1739,12,2,3,4,6,7,11,12,13,15,19,20,22,23,25
1739,13,7,8,10,11,14,15,16,17,18,19,21,23,24,25
1740,1,2,3,4,5,8,9,10,11,13,14,18,21,23,24
1740,2,1,2,5,6,8,9,11,12,14,15,19,20,23,24
1740,3,2,4,7,9,11,13,14,15,20,21,22,23,24,25
1740,4,4,7,8,10,11,14,15,16,18,20,21,22,24,25
1740,5,3,4,6,8,11,12,13,15,16,18,19,20,23,25
1740,6,1,3,4,7,8,10,12,14,16,17,18,20,21,23
1740,7,2,3,5,6,7,9,10,12,13,14,17,19,21,25
1740,8,4,7,8,9,10,11,12,15,16,17,19,22,23,24
1740,9,1,2,3,5,6,7,11,12,13,15,18,20,21,22
1740,10,3,4,6,7,8,12,14,15,17,18,19,20,22,24
1740,11,1,3,6,7,8,9,12,13,15,17,18,19,20,22
1740,12,1,2,3,5,6,7,8,11,12,14,15,21,24,25
1740,13,2,4,5,6,7,8,10,12,13,14,16,20,21,25
1741,1,1,3,6,9,10,12,13,14,15,16,17,18,21,25
1741,2,1,2,6,7,10,12,14,15,16,19,21,22,23,25
1741,3,3,4,6,10,11,14,15,17,18,19,21,22,23,25
1741,4,3,4,6,7,8,9,11,12,16,18,21,22,24,25
1741,5,1,6,8,9,11,12,14,15,18,19,20,21,23,24
1741,6,1,4,6,7,10,13,14,15,16,17,19,21,23,25
1741,7,1,3,4,6,7,8,13,14,15,16,18,20,23,24
1741,8,1,3,5,8,11,13,14,16,17,19,21,23,24,25
1741,9,2,3,4,10,11,12,13,15,17,20,21,22,23,25
1741,10,1,4,6,9,10,12,13,14,15,17,19,20,23,25
1741,11,2,3,5,7,8,9,13,14,15,19,20,21,22,24
1741,12,1,2,3,6,7,8,9,10,14,18,20,21,22,24
1741,13,1,3,6,7,8,10,11,12,13,14,15,22,23,24
1742,1,3,4,5,7,8,9,10,11,12,16,17,20,22,23
1742,2,5,8,9,10,11,12,13,16,17,20,22,23,24,25
1742,3,2,4,6,7,8,11,12,14,15,18,19,21,22,25
1742,4,1,3,5,8,9,11,12,13,18,19,20,21,24,25
1742,5,2,5,6,7,11,13,14,15,16,18,20,21,24,25
1742,6,2,5,9,11,13,14,15,16,17,18,19,20,24,25
1742,7,2,3,4,7,9,10,11,12,15,17,19,22,23,25
1742,8,2,3,5,6,8,9,10,11,16,17,18,19,20,24
1742,9,1,2,3,5,9,10,11,15,17,18,19,20,22,24
1742,10,1,2,3,4,7,9,12,13,17,18,19,22,23,25
1742,11,1,2,3,5,6,7,8,11,13,15,16,22,24,25
1742,12,3,4,5,8,9,10,13,15,16,18,19,21,22,25
1742,13,1,3,4,5,6,10,11,12,13,14,15,19,20,24
1743,1,2,3,4,5,7,9,11,14,16,17,18,22,23,25
1743,2,1,3,7,9,10,12,13,15,16,17,19,22,23,24
1743,3,2,4,5,6,7,9,10,12,13,16,17,20,21,25
1743,4,1,2,4,7,8,9,11,13,14,17,18,20,22,23
1743,5,1,2,3,4,6,7,9,12,13,14,19,21,22,25
1743,6,2,3,6,7,8,9,12,14,17,18,21,22,23,24
1743,7,2,4,5,7,8,9,10,12,14,15,19,21,22,25
1743,8,1,2,3,5,8,13,14,15,17,18,21,22,23,25
1743,9,1,3,5,6,8,10,11,12,15,19,20,21,23,25
1743,10,3,7,10,11,13,15,16,17,18,19,22,23,24,25
1743,11,3,5,7,10,11,12,15,16,17,18,19,20,24,25
1743,12,1,2,3,4,7,9,16,17,18,19,20,21,22,23
1743,13,1,2,3,4,7,8,12,13,14,15,16,21,23,24
1744,1,1,6,7,8,9,10,11,12,17,18,20,21,23,25
1744,2,1,2,3,4,5,6,9,12,13,14,18,20,21,24
1744,3,1,2,7,8,9,10,12,13,15,16,17,20,21,24
1744,4,4,5,7,8,10,11,13,14,16,17,19,22,23,24
1744,5,2,6,7,8,9,10,12,14,18,19,20,21,22,24
1744,6,1,2,4,8,9,10,12,13,14,15,16,17,18,19
1744,7,2,5,6,7,8,10,12,13,14,15,16,22,23,24
1744,8,1,6,7,8,9,10,11,12,13,17,21,23,24,25
1744,9,1,2,4,5,7,8,12,13,14,19,20,21,23,24
1744,10,2,4,5,6,7,8,9,12,15,16,17,22,23,24
1744,11,1,3,4,6,7,9,10,12,13,17,18,20,22,25
1744,12,1,3,5,6,10,11,13,14,15,20,22,23,24,25
1744,13,2,3,8,10,11,14,16,19,20,21,22,23,24,25
1745,1,1,4,6,7,8,9,10,16,17,18,20,21,22,23
1745,2,2,3,4,5,7,9,10,12,15,16,17,19,20,24
1745,3,1,3,8,9,10,12,13,14,15,16,17,21,22,24
1745,4,3,4,5,6,7,8,10,11,12,13,15,17,22,24
1745,5,6,8,9,10,11,13,14,15,16,19,21,22,23,25
1745,6,1,2,3,5,6,7,9,11,16,17,20,21,23,24
1745,7,2,4,5,6,8,9,10,11,12,17,18,20,22,23
1745,8,2,3,4,7,8,10,11,12,13,15,17,21,22,23
1745,9,3,4,5,8,14,16,17,18,19,21,22,23,24,25
1745,10,2,3,5,6,12,15,16,18,19,20,21,22,24,25
1745,11,1,3,4,5,6,10,12,13,15,17,18,19,21,25
1745,12,1,3,4,5,7,8,9,10,11,12,19,20,21,25
1745,13,1,4,5,6,9,11,12,13,15,19,21,22,24,25
1746,1,1,2,3,6,7,9,10,11,12,15,16,17,18,21
1746,2,1,2,3,4,5,9,12,13,14,16,18,19,22,23
1746,3,2,4,5,7,8,10,11,13,14,15,16,19,22,23
1746,4,3,5,6,8,9,12,13,14,15,17,18,22,24,25
1746,5,1,6,9,10,11,12,13,15,16,19,20,22,23,24
1746,6,1,2,3,4,5,8,9,11,13,14,15,19,20,24
1746,7,2,3,4,5,7,8,10,15,16,17,18,19,23,24
1746,8,3,4,5,6,10,11,12,13,17,18,21,22,24,25
1746,9,1,2,4,5,7,9,15,17,18,19,20,21,22,23
1746,10,1,3,4,5,8,9,13,14,15,16,19,21,22,24
1746,11,1,6,7,8,9,13,14,16,17,18,20,21,22,25
1746,12,1,2,4,5,7,8,9,12,15,18,19,21,22,24
1746,13,2,3,4,5,6,7,9,10,14,19,20,22,23,25
1747,1,1,2,3,5,6,8,9,13,15,16,20,21,23,24
1747,2,3,6,7,8,9,10,11,14,16,18,20,22,23,25
1747,3,3,4,6,7,8,9,10,12,14,15,17,18,23,25
1747,4,2,3,5,6,7,11,12,13,14,15,16,18,20,24
1747,5,1,3,5,8,9,11,12,13,16,17,19,20,23,24
1747,6,2,3,4,7,9,13,14,15,16,17,19,22,24,25
1747,7,1,4,5,6,9,10,12,13,18,19,20,21,22,25
1747,8,3,5,7,10,11,12,13,14,15,17,19,20,21,23
1747,9,2,7,9,10,12,14,16,17,18,20,21,23,24,25
1747,10,1,2,5,6,10,11,12,13,14,17,19,20,24,25
1747,11,1,2,3,4,5,6,7,11,12,16,17,22,23,25
1747,12,1,3,4,6,8,11,12,13,16,20,21,23,24,25
1747,13,1,3,6,7,8,10,12,13,14,17,18,20,22,23
1748,1,1,4,6,7,11,12,14,15,17,19,20,22,24,25
1748,2,1,3,4,5,8,10,11,12,13,16,20,21,23,24
1748,3,2,3,4,5,7,8,9,11,15,18,19,20,23,24
1748,4,2,4,5,8,10,11,14,16,18,19,20,21,24,25
1748,5,1,2,4,6,10,11,13,14,16,17,18,20,22,24
1748,6,2,5,8,9,10,11,12,14,17,18,19,20,23,25
1748,7,1,2,4,5,6,7,8,10,11,15,21,23,24,25
1748,8,2,3,6,9,10,11,12,14,16,17,19,21,22,25
1748,9,2,6,9,12,13,15,16,18,19,20,21,22,23,25
1748,10,2,3,4,5,7,8,9,11,15,17,18,20,23,25
1748,11,4,5,7,11,12,13,14,15,16,17,18,21,23,25
1748,12,1,3,4,5,7,8,10,11,12,17,18,19,23,25
1748,13,2,3,4,5,6,9,12,13,14,16,18,19,20,21
1749,1,1,2,4,9,10,11,12,13,16,17,18,19,21,23
1749,2,1,4,5,6,7,9,11,12,14,15,19,22,23,24
1749,3,2,3,4,5,6,11,12,14,19,20,22,23,24,25
1749,4,1,2,4,6,8,9,14,16,17,18,19,20,21,22
1749,5,1,2,3,6,7,9,11,13,15,17,18,20,22,24
1749,6,3,4,7,9,10,11,14,15,17,19,20,22,24,25
1749,7,3,4,6,8,9,11,12,17,18,19,22,23,24,25
1749,8,1,2,4,5,8,12,17,18,19,20,21,23,24,25
1749,9,1,3,5,8,9,10,13,14,16,17,20,21,22,25
1749,10,2,3,5,6,7,11,12,13,14,15,17,18,21,23
1749,11,1,2,3,5,6,8,10,12,13,16,17,18,19,21
1749,12,1,2,5,6,7,9,12,16,17,18,19,21,22,25
1749,13,1,2,3,5,7,8,12,16,18,19,20,22,23,25
1750,1,1,2,3,4,6,9,12,14,15,16,17,20,21,24
1750,2,1,3,4,5,6,9,10,11,13,14,18,20,21,24
1750,3,1,4,5,6,7,9,10,11,16,17,18,19,21,25
1750,4,1,2,5,7,8,9,10,12,15,16,17,22,23,24
1750,5,3,5,7,8,9,10,12,14,15,16,17,19,20,23
1750,6,3,6,7,8,11,12,13,14,15,16,17,18,22,24
1750,7,1,2,4,6,7,9,10,11,16,18,19,22,24,25
1750,8,2,4,7,9,10,11,14,16,17,19,20,23,24,25
1750,9,2,3,5,6,7,8,9,10,11,13,20,21,22,23
1750,10,2,3,4,8,9,12,15,16,17,18,19,23,24,25
1750,11,1,2,3,4,9,10,13,14,15,16,19,22,23,25
1750,12,1,3,5,6,7,8,9,10,12,13,18,19,21,22
1750,13,1,2,8,10,11,12,13,14,15,17,20,21,23,25
1751,1,1,2,3,6,7,8,10,12,14,15,16,19,22,23
1751,2,2,3,4,6,8,9,10,11,15,17,18,21,23,25
1751,3,2,5,6,7,8,9,11,12,14,16,17,19,21,23
1751,4,5,6,7,9,10,11,12,13,14,16,18,19,21,24
1751,5,2,3,4,5,7,10,13,14,15,16,17,18,22,24
1751,6,2,4,6,7,9,10,13,14,15,16,17,19,20,25
1751,7,1,2,3,8,9,12,14,16,18,20,21,23,24,25
1751,8,1,2,3,4,5,7,9,10,12,16,18,21,23,25
1751,9,1,2,4,5,9,10,11,15,16,17,18,19,20,22
1751,10,1,2,3,4,7,10,12,14,15,16,21,23,24,25
1751,11,2,3,7,8,12,13,14,15,16,17,18,21,23,24
1751,12,3,5,7,8,11,13,14,15,18,21,22,23,24,25
1751,13,1,4,5,6,7,8,9,10,17,19,20,23,24,25
1752,1,2,3,4,5,10,11,12,13,15,16,17,19,22,24
1752,2,1,3,4,7,8,9,10,12,14,15,16,19,20,21
1752,3,1,2,3,5,7,9,10,13,15,17,18,19,21,24
1752,4,1,3,4,5,6,8,12,15,16,17,18,20,21,23
1752,5,3,4,6,7,8,9,10,11,15,17,19,20,22,24
1752,6,1,3,4,6,8,9,11,12,13,14,15,18,22,23
1752,7,1,5,6,7,8,10,11,12,14,15,18,19,20,25
1752,8,1,5,6,7,8,9,15,16,19,20,21,22,24,25
1752,9,3,6,8,9,11,12,16,17,19,20,21,22,23,24
1752,10,1,2,4,6,7,8,9,12,13,14,15,17,20,25
1752,11,1,2,3,5,6,7,10,11,12,13,14,17,20,22
1752,12,1,3,5,7,8,10,13,14,15,17,19,23,24,25
1752,13,1,2,5,7,8,9,11,12,13,14,18,19,20,23
1753,1,2,3,4,6,11,15,16,17,18,19,20,21,22,23
1753,2,1,3,6,8,9,10,15,16,17,18,19,21,24,25
1753,3,1,2,5,7,8,15,17,18,19,20,21,22,23,25
1753,4,1,4,6,8,10,11,12,13,14,15,16,20,23,24
1753,5,2,5,6,7,8,9,11,12,13,17,19,21,22,23
1753,6,1,2,3,6,10,12,13,14,15,16,18,19,20,22
1753,7,2,3,9,11,12,13,16,17,19,20,21,22,23,25
1753,8,1,2,5,6,7,8,9,11,13,14,18,19,22,25
1753,9,1,4,6,8,9,14,15,16,17,18,19,22,23,25
1753,10,2,3,7,8,12,13,16,18,19,20,21,23,24,25
1753,11,1,2,4,6,7,9,10,11,14,16,17,20,21,25
1753,12,3,4,5,6,7,11,12,15,16,18,19,20,24,25
1753,13,2,5,6,7,13,14,15,16,17,19,21,22,23,24
1754,1,1,2,3,4,6,7,9,11,12,14,15,18,21,22
1754,2,5,7,9,11,12,13,15,16,17,18,19,21,24,25
1754,3,2,3,4,5,6,7,8,12,13,19,21,23,24,25
1754,4,1,3,5,6,8,10,15,17,18,19,20,23,24,25
1754,5,1,3,4,8,13,14,15,17,18,21,22,23,24,25
1754,6,1,2,3,4,5,7,9,11,12,13,16,17,19,22
1754,7,5,6,7,9,10,11,12,15,16,17,20,21,23,25
1754,8,1,2,4,5,6,7,8,9,10,16,17,20,23,25
1754,9,1,2,3,5,6,7,9,10,17,18,20,21,23,25
1754,10,2,5,6,7,10,11,12,15,16,21,22,23,24,25
1754,11,1,2,3,4,6,7,8,9,12,14,17,18,20,21
1754,12,2,4,5,6,7,8,10,11,15,16,17,19,20,25
1754,13,1,3,6,8,10,11,13,14,15,16,17,18,20,23
1755,1,3,4,5,6,8,9,11,15,16,17,18,20,21,24
1755,2,2,3,4,5,7,8,9,10,12,13,14,15,18,25
1755,3,4,5,6,9,10,11,12,13,14,15,16,18,21,23
1755,4,1,3,6,7,8,9,11,12,16,17,19,20,23,25
1755,5,1,3,4,7,8,9,13,15,18,19,20,21,24,25
1755,6,3,5,6,7,12,13,14,16,17,18,20,21,22,24
1755,7,1,2,4,5,10,14,15,16,18,21,22,23,24,25
1755,8,1,2,3,5,6,9,11,12,13,14,16,22,23,24
1755,9,1,5,7,9,10,12,15,17,18,19,20,22,23,24
1755,10,3,7,9,10,11,12,13,14,16,17,20,22,24,25
1756,1,1,2,3,4,6,11,13,14,15,17,18,20,21,23
1756,2,1,2,5,7,9,10,12,13,14,20,22,23,24,25
1756,3,4,5,8,9,11,12,13,16,18,19,20,22,23,25
1756,4,2,3,7,8,10,11,12,13,16,18,19,21,23,24
1756,5,1,3,5,8,9,10,11,14,15,16,18,20,23,25
1756,6,2,3,6,8,9,12,13,15,16,17,21,22,23,25
1756,7,1,3,4,5,7,8,10,11,14,15,17,18,20,22
1756,8,2,4,6,7,10,11,15,16,17,19,22,23,24,25
1756,9,1,3,7,8,9,11,12,13,14,19,21,22,24,25
1756,10,1,6,11,12,14,15,16,17,19,20,21,22,24,25
1757,1,1,2,4,6,8,9,12,14,16,19,20,21,23,25
1757,2,1,3,5,6,9,10,13,14,16,17,19,20,21,22
1757,3,3,4,5,8,9,10,11,13,14,17,19,21,23,25
1757,4,1,3,4,5,8,9,11,13,14,16,18,19,24,25
1757,5,1,3,6,7,8,10,11,15,16,19,21,23,24,25
1757,6,1,2,5,7,8,11,12,13,15,18,20,23,24,25
1757,7,1,3,4,5,7,11,14,15,17,18,19,22,23,25
1757,8,1,3,4,6,8,9,13,16,19,20,21,22,24,25
1757,9,1,2,5,6,9,10,13,15,17,18,20,21,22,23
1757,10,2,4,5,6,7,9,10,14,15,19,20,21,23,25
1758,1,3,5,6,8,9,10,11,13,14,16,18,21,22,23
1758,2,1,3,4,6,10,11,12,15,17,18,19,21,23,24
1758,3,1,3,6,7,10,11,14,15,18,19,20,22,23,25
1758,4,1,2,3,5,6,10,13,14,15,17,18,19,23,24
1758,5,1,2,5,6,9,10,11,13,15,17,19,20,23,24
1758,6,3,8,9,11,12,14,15,16,19,20,21,23,24,25
1758,7,1,3,5,6,7,11,14,18,19,20,21,23,24,25
1758,8,1,3,4,5,6,8,9,12,13,14,15,16,20,21
1758,9,2,4,6,7,8,9,11,12,15,16,18,19,20,25
1758,10,2,6,7,8,11,12,13,14,15,18,19,20,21,23
1759,1,1,2,3,4,5,8,11,13,14,15,20,22,23,24
1759,2,4,5,6,7,8,9,13,14,17,18,20,21,22,24
1759,3,1,6,8,9,10,11,12,18,19,20,21,23,24,25
1759,4,1,3,5,8,9,10,11,12,13,15,17,19,22,25
1759,5,1,3,5,7,9,11,13,14,16,17,19,20,23,25
1759,6,1,3,4,6,7,9,11,12,13,14,19,21,22,25
1759,7,2,6,8,9,10,11,12,13,15,19,21,22,24,25
1759,8,1,3,4,6,7,8,9,10,11,12,18,19,24,25
1759,9,2,3,4,8,9,10,11,13,15,18,19,21,23,24
1759,10,1,5,6,7,10,11,13,14,16,18,19,21,22,25
1760,1,2,3,4,5,7,11,15,16,17,18,21,22,23,24
1760,2,2,8,9,11,12,13,14,15,17,18,19,22,23,24
1760,3,1,2,3,6,8,12,13,14,16,18,19,20,21,25
1760,4,1,3,5,8,9,10,15,16,17,19,20,21,22,25
1760,5,1,3,6,7,9,11,13,14,15,16,17,18,21,22
1760,6,1,2,3,4,5,6,10,11,13,14,15,17,20,23
1760,7,1,4,6,9,12,14,15,16,17,18,20,21,23,24
1760,8,4,7,9,10,11,12,13,15,16,17,18,19,22,23
1760,9,1,2,3,6,8,10,11,12,13,15,19,22,24,25
1760,10,1,2,4,5,6,7,14,15,17,18,20,21,22,25
1761,1,1,2,4,5,7,8,10,12,13,14,15,19,21,23
1761,2,2,3,5,7,12,13,14,15,18,19,21,23,24,25
1761,3,1,2,3,6,9,10,11,16,17,18,20,22,23,25
1761,4,1,3,5,6,7,11,14,15,16,17,18,21,22,25
1761,5,4,5,6,7,8,9,14,16,17,18,20,23,24,25
1761,6,2,3,7,8,9,11,14,18,19,20,21,23,24,25
1761,7,2,3,5,6,8,9,10,11,12,14,15,18,21,24
1761,8,2,5,6,7,8,10,11,12,14,15,16,18,22,24
1761,9,1,2,4,6,7,8,10,16,17,19,20,21,24,25
1761,10,1,2,7,8,10,12,13,16,17,18,20,21,24,25
1762,1,1,3,4,5,7,9,11,12,16,17,19,20,21,24
1762,2,1,2,3,7,9,12,15,16,17,18,20,21,24,25
1762,3,1,4,5,8,9,10,11,12,13,14,16,17,19,24
1762,4,1,2,4,6,8,9,10,13,15,17,18,19,20,24
1762,5,2,3,7,8,9,10,15,18,19,20,21,23,24,25
1762,6,2,4,5,6,8,10,11,13,16,17,19,20,21,25
1762,7,1,2,3,4,6,12,13,14,16,19,20,21,22,24
1762,8,3,4,5,6,8,9,14,15,16,17,18,19,21,25
1762,9,3,6,7,9,11,12,13,14,15,16,17,19,21,24
1762,10,2,4,5,8,9,10,11,13,14,20,21,22,24,25
1763,1,2,3,5,7,9,11,12,13,15,16,17,20,21,24
1763,2,1,2,3,5,6,7,8,12,13,19,20,21,22,25
1763,3,3,4,5,7,9,12,13,14,16,18,19,20,21,24
1763,4,2,3,4,6,8,9,11,13,16,17,18,22,23,25
1763,5,1,2,3,4,8,9,12,13,16,17,19,20,21,23
1763,6,2,3,4,7,11,12,14,15,16,17,19,20,21,24
1763,7,2,4,5,6,8,9,11,13,16,17,18,20,24,25
1763,8,1,2,3,4,8,9,11,12,13,14,21,22,24,25
1763,9,1,2,3,4,10,11,12,13,14,20,22,23,24,25
1763,10,1,2,3,5,6,8,9,11,12,13,14,16,22,25
1764,1,1,3,5,6,11,12,13,14,16,17,20,21,23,25
1764,2,1,2,3,4,5,10,11,14,15,16,19,21,22,24
1764,3,3,4,5,6,11,13,15,16,17,19,20,22,24,25
1764,4,2,4,5,7,9,11,13,15,16,19,20,21,22,23
1764,5,1,2,6,7,10,11,12,17,18,19,22,23,24,25
1764,6,2,3,4,6,8,9,10,12,15,19,21,23,24,25
1764,7,1,2,3,5,6,7,9,11,14,15,16,20,22,23
1764,8,2,3,5,6,7,9,11,14,16,19,20,23,24,25
1764,9,2,3,4,5,7,9,10,11,12,15,17,18,20,24
1764,10,2,3,4,5,8,9,10,12,13,15,18,21,22,23
1765,1,2,3,5,7,8,10,12,14,15,16,17,20,23,24
1765,2,1,2,3,6,7,8,10,13,17,20,22,23,24,25
1765,3,1,2,5,6,9,10,11,12,13,14,17,18,23,24
1765,4,3,4,5,6,7,10,12,14,15,16,17,19,22,24
1765,5,3,4,5,6,8,9,10,11,17,18,19,22,23,25
1765,6,2,4,6,7,9,10,12,13,14,15,16,18,21,25
1765,7,3,4,7,8,10,11,12,14,15,18,20,21,22,24
1765,8,1,3,4,5,8,11,12,14,15,17,18,19,20,24
1765,9,2,4,5,8,11,12,13,15,16,18,19,21,23,24
1765,10,1,2,4,5,7,10,12,13,16,17,18,21,22,25
1766,1,1,2,3,4,5,6,7,15,16,18,21,22,23,24
1766,2,1,2,3,4,7,11,13,14,15,17,18,21,22,25
1766,3,1,2,3,4,5,10,11,12,13,17,18,19,21,24
1766,4,2,3,4,5,7,8,9,11,18,19,20,21,22,24
1766,5,2,3,5,6,7,8,11,12,13,16,18,19,23,24
1766,6,2,3,6,7,9,10,15,16,19,21,22,23,24,25
1766,7,1,2,4,6,7,8,11,12,13,14,19,20,21,22
1766,8,2,5,6,7,8,9,10,11,12,13,14,16,20,25
1766,9,2,3,4,9,12,13,15,17,18,19,20,21,22,23
1766,10,4,6,7,8,9,10,11,16,17,19,20,23,24,25
1767,1,2,4,5,6,8,10,11,12,15,18,21,22,23,24
1767,2,2,4,5,6,7,8,9,10,11,19,20,22,23,25
1767,3,1,2,4,5,7,10,11,12,15,16,19,21,22,24
1767,4,2,3,7,8,9,10,11,13,14,15,18,20,23,25
1767,5,1,3,4,6,8,9,11,12,15,16,20,22,24,25
1767,6,1,4,7,8,9,10,11,12,15,16,19,20,22,23
1767,7,3,5,6,7,8,9,12,14,15,19,20,21,22,25
1767,8,4,5,7,8,9,13,14,16,17,18,19,20,21,22
1767,9,1,2,3,4,6,8,10,12,14,15,17,18,20,24
1767,10,2,4,5,6,9,11,12,13,15,16,19,22,24,25
1768,1,1,2,4,5,6,7,9,11,12,13,18,20,22,24
1768,2,3,4,7,8,9,12,14,15,16,17,18,19,22,25
1768,3,1,3,5,6,7,8,11,15,18,19,20,21,23,25
1768,4,1,4,8,9,12,13,15,16,17,18,20,22,23,24
1768,5,1,2,3,5,7,8,14,17,18,20,21,22,23,25
1768,6,1,2,5,6,8,9,10,11,12,14,15,19,22,24
1768,7,1,2,5,11,13,14,15,16,17,19,20,21,22,25
1768,8,2,3,5,6,7,8,10,12,13,16,18,19,20,24
1768,9,1,2,5,8,9,10,14,17,18,19,20,21,22,24
1768,10,2,4,6,8,9,11,14,16,17,18,19,20,23,25
1769,1,2,3,5,7,9,10,13,16,17,18,21,22,24,25
1769,2,2,5,6,7,8,10,12,13,16,20,21,22,24,25
1769,3,1,3,5,6,7,8,9,10,11,12,13,14,18,25
1769,4,1,2,3,4,6,7,10,15,16,18,19,20,24,25
1769,5,1,3,5,6,8,10,13,14,17,18,19,20,21,23
1769,6,2,6,7,10,12,14,15,17,18,19,20,21,24,25
1769,7,1,3,6,8,9,10,13,15,17,18,19,22,24,25
1769,8,2,3,4,5,7,11,12,13,14,18,20,23,24,25
1769,9,3,7,8,10,11,12,13,14,16,17,19,21,22,23
1769,10,2,3,6,7,8,9,11,12,15,16,19,21,22,23
1770,1,3,6,7,8,9,10,11,12,15,19,22,23,24,25
1770,2,2,3,4,8,9,11,12,13,14,18,19,20,21,25
1770,3,1,2,3,5,6,9,10,11,12,15,19,21,23,25
1770,4,1,2,6,7,8,9,11,14,15,17,18,19,20,21
1770,5,1,2,6,9,11,12,13,15,16,18,19,21,23,24
1770,6,4,5,7,8,9,10,12,14,16,18,19,20,21,23
1770,7,2,3,4,5,7,9,13,14,15,17,18,20,22,25
1770,8,2,3,4,5,6,7,8,9,11,12,18,20,21,24
1770,9,2,4,5,7,8,11,12,14,15,16,17,18,24,25
1770,10,2,4,5,7,9,13,16,17,19,20,21,22,23,25
1771,1,3,5,7,9,10,13,16,17,19,21,22,23,24,25
1771,2,1,2,3,4,5,7,10,13,14,16,20,22,23,24
1771,3,1,3,7,8,10,11,12,13,15,16,17,18,21,22
1771,4,1,3,4,5,7,8,10,11,12,13,17,20,21,24
1771,5,1,2,4,5,8,9,10,15,16,18,19,20,22,23
1771,6,1,3,5,6,7,8,9,10,15,16,18,20,24,25
1771,7,5,6,7,8,10,12,15,18,19,20,21,22,23,25
1771,8,1,3,4,5,6,7,8,10,12,13,17,19,20,23
1771,9,1,6,7,8,9,10,11,12,14,17,18,19,20,21
1771,10,1,4,5,6,7,12,13,14,18,19,21,22,23,24
1772,1,3,4,5,8,9,13,14,15,17,18,21,22,23,25
1772,2,1,2,5,6,9,11,13,14,16,18,19,20,24,25
1772,3,1,2,4,5,7,9,10,12,15,16,17,18,22,24
1772,4,2,3,4,7,11,12,14,16,17,18,19,22,23,24
1772,5,1,3,4,6,7,8,14,15,17,18,19,20,22,25
1772,6,1,3,6,7,8,9,12,15,18,19,20,21,23,24
1772,7,1,2,3,4,5,8,9,10,12,16,17,20,21,25
1772,8,1,4,6,7,9,10,11,13,14,18,19,20,24,25
1772,9,1,3,5,6,7,10,12,13,14,16,17,18,20,23
1772,10,1,4,5,6,8,11,12,14,15,18,19,22,23,25
1773,1,1,5,6,7,8,10,12,15,16,17,18,20,21,22
1773,2,2,3,5,10,13,14,15,16,17,19,20,21,22,25
1773,3,2,3,5,6,7,9,10,11,13,15,17,22,24,25
1773,4,5,6,10,11,12,15,16,17,18,19,20,21,24,25
1773,5,2,3,5,6,7,9,10,15,16,18,19,20,21,25
1773,6,1,5,6,7,9,12,13,16,17,18,19,21,24,25
1773,7,1,3,4,5,6,7,8,10,13,14,15,18,20,22
1773,8,1,6,7,8,9,10,11,12,15,16,18,20,21,22
1773,9,1,2,4,5,8,9,14,16,19,20,21,22,24,25
1773,10,1,3,5,8,9,11,15,16,18,19,20,21,22,25
1774,1,1,2,5,9,10,12,14,15,16,20,21,22,24,25
1774,2,2,3,5,8,9,10,11,13,16,17,18,22,23,25
1774,3,2,3,8,9,10,11,12,15,16,17,18,19,23,24
1774,4,2,3,9,10,12,13,14,15,18,19,21,22,23,25
1774,5,2,4,5,6,9,10,11,14,18,20,22,23,24,25
1774,6,1,2,4,6,8,9,10,11,12,15,18,21,22,24
1774,7,3,6,9,10,11,13,14,17,18,19,20,23,24,25
1774,8,2,6,7,12,15,16,17,18,19,20,22,23,24,25
1774,9,2,5,6,7,8,13,15,16,18,20,21,23,24,25
1774,10,2,3,4,9,10,11,16,17,18,19,20,21,23,24
1775,1,3,5,6,7,8,9,10,11,14,16,17,21,23,25
1775,2,2,3,5,7,8,9,10,12,13,18,19,20,23,25
1775,3,1,4,7,8,9,10,14,15,17,19,20,21,23,24
1775,4,4,5,7,8,9,10,11,12,13,14,17,18,21,24
1775,5,1,2,4,5,6,8,10,11,13,14,19,20,21,23
1775,6,2,3,4,6,9,10,11,17,18,20,22,23,24,25
1775,7,1,3,5,6,7,8,13,17,18,19,20,21,22,25
1775,8,1,2,3,5,10,11,13,16,17,19,20,21,22,23
1775,9,2,3,5,6,8,10,13,14,15,17,18,19,24,25
1775,10,2,3,5,6,7,8,10,11,12,15,17,18,21,25
1776,1,3,5,6,7,9,10,16,18,19,20,21,22,23,24
1776,2,3,4,5,7,8,10,12,13,16,19,22,23,24,25
1776,3,1,2,3,4,10,13,14,15,16,17,19,22,23,24
1776,4,1,3,5,6,8,9,10,11,17,18,19,20,22,24
1776,5,1,4,6,9,11,12,14,15,16,19,20,21,23,25
1776,6,1,3,4,7,9,10,11,15,16,17,19,21,23,24
1776,7,4,5,7,8,9,10,12,13,14,16,18,19,23,25
1776,8,1,2,5,6,8,9,11,12,14,16,19,22,23,24
1776,9,2,5,6,7,8,9,10,13,15,18,19,22,24,25
1776,10,2,7,8,9,10,12,13,15,16,19,20,23,24,25
1777,1,3,4,6,8,9,11,12,13,15,16,17,19,22,25
1777,2,1,4,6,7,10,12,14,17,18,19,20,21,23,25
1777,3,1,2,3,4,6,7,8,10,11,16,19,22,24,25
1777,4,2,4,5,7,10,11,12,13,14,15,17,18,19,21
1777,5,4,7,9,14,15,16,17,18,19,21,22,23,24,25
1777,6,3,8,10,11,12,13,15,16,18,19,20,21,24,25
1777,7,1,2,4,7,10,11,13,15,17,19,21,22,24,25
1777,8,1,2,5,8,9,10,12,14,15,16,19,20,22,25
1777,9,1,2,3,4,7,12,13,14,15,16,19,22,23,24
1777,10,2,3,8,10,11,12,13,14,15,19,20,22,23,24
1778,1,2,3,4,6,10,11,14,17,18,19,21,22,23,24
1778,2,2,3,5,6,8,10,12,14,15,17,20,22,23,25
1778,3,2,8,9,10,11,13,14,15,17,18,22,23,24,25
1778,4,1,7,8,10,12,13,14,15,16,17,18,20,22,24
1778,5,2,3,4,5,6,7,8,11,12,14,19,22,23,25
1778,6,4,5,6,7,10,11,12,13,14,17,18,21,24,25
1778,7,4,5,6,7,8,9,11,15,16,20,21,22,24,25
1778,8,2,3,5,6,7,8,13,15,17,18,19,21,23,24
1778,9,2,3,6,8,9,10,12,15,18,20,22,23,24,25
1778,10,1,2,5,6,7,10,12,14,17,18,20,21,22,25
1779,1,2,3,5,8,11,14,16,17,19,20,21,23,24,25
1779,2,5,7,8,9,10,12,13,15,17,18,19,21,22,25
1779,3,1,4,5,7,10,11,12,15,17,19,21,23,24,25
1779,4,6,7,8,9,10,11,14,15,16,18,19,23,24,25
1779,5,4,6,7,9,10,11,12,13,16,18,19,21,22,23
1779,6,3,5,6,9,11,12,13,14,16,18,20,21,22,24
1779,7,1,3,5,6,8,9,10,11,14,16,17,20,22,23
1779,8,1,4,5,6,7,9,11,13,14,15,17,18,19,22
1779,9,3,8,9,10,11,14,18,19,20,21,22,23,24,25
1779,10,2,3,5,6,7,8,12,13,14,15,16,17,18,19
1780,1,1,4,5,8,10,11,12,14,15,18,19,22,24,25
1780,2,1,3,7,8,10,11,14,15,16,17,20,22,24,25
1780,3,1,2,6,7,8,9,12,13,14,17,21,22,24,25
1780,4,1,2,7,9,12,14,15,16,17,18,20,21,24,25
1780,5,1,2,3,5,8,10,11,13,16,17,19,23,24,25
1780,6,3,5,6,11,12,13,14,15,16,17,20,21,24,25
1780,7,1,5,7,9,10,11,12,14,15,17,18,19,21,22
1780,8,1,4,8,11,13,14,15,16,17,19,21,22,24,25
1780,9,4,5,6,7,8,9,11,13,16,17,20,21,22,25
1780,10,1,4,5,12,14,15,16,17,19,20,21,22,23,24
1781,1,2,3,4,7,8,11,13,14,15,16,21,23,24,25
1781,2,4,6,7,11,12,13,14,15,17,18,19,20,22,24
1781,3,3,4,5,7,8,9,14,15,17,18,19,21,22,23
1781,4,1,2,3,6,7,9,12,14,15,16,17,21,24,25
1781,5,2,3,4,5,6,10,11,13,18,19,22,23,24,25
1781,6,1,3,4,9,10,12,13,15,16,17,18,23,24,25
1781,7,1,3,4,5,8,9,10,11,13,14,18,21,23,25
1781,8,1,2,3,4,5,6,10,12,13,16,18,23,24,25
1781,9,1,2,3,8,9,12,14,16,18,19,20,22,23,25
1781,10,1,3,6,8,10,11,12,13,17,19,20,21,23,25
1782,1,1,2,4,5,6,10,11,12,17,18,20,21,22,23
1782,2,3,7,8,9,11,12,14,15,17,18,20,21,23,24
1782,3,1,3,5,7,8,10,11,14,18,21,22,23,24,25
1782,4,4,5,8,10,11,12,13,16,17,19,20,21,22,24
1782,5,1,2,5,6,7,8,11,12,13,14,15,18,21,24
1782,6,1,2,6,8,13,14,15,16,20,21,22,23,24,25
1782,7,1,4,5,6,7,8,12,15,16,17,20,21,22,24
1782,8,1,2,3,4,6,7,9,11,13,17,19,20,21,25
1782,9,3,4,6,7,9,10,11,12,13,16,21,23,24,25
1782,10,2,3,6,7,8,9,10,12,13,15,16,20,21,25
1783,1,2,3,6,7,9,10,14,15,16,17,20,21,22,24
1783,2,2,3,4,5,6,7,10,14,15,16,17,18,21,23
1783,3,1,2,4,5,7,9,10,11,13,17,19,22,23,24
1783,4,1,2,4,5,6,9,10,14,15,19,22,23,24,25
1783,5,2,3,4,6,9,11,12,13,14,15,18,21,23,24
1783,6,2,3,6,8,10,11,15,16,17,18,19,20,21,22
1783,7,1,2,3,5,7,8,9,11,16,18,20,23,24,25
1783,8,1,5,6,8,9,10,11,12,14,16,18,20,23,25
1783,9,2,3,6,9,11,12,13,14,15,16,17,21,22,23
1783,10,2,5,8,9,10,11,14,15,16,17,21,23,24,25
1784,1,1,3,4,8,11,12,13,15,17,20,21,22,24,25
1784,2,1,3,4,9,10,11,15,16,18,19,20,22,24,25
1784,3,1,2,3,4,5,8,9,12,13,15,17,18,20,23
1784,4,1,2,8,9,10,11,13,14,15,18,19,21,22,25
1784,5,1,2,5,7,8,11,12,18,19,20,21,22,23,25
1784,6,1,3,4,5,6,7,8,13,15,16,20,23,24,25
1784,7,1,2,8,9,10,11,13,15,16,21,22,23,24,25
1784,8,1,2,3,4,6,7,8,9,12,13,16,18,24,25
1784,9,1,2,3,4,5,6,9,13,14,16,17,21,22,25
1784,10,1,3,5,7,8,9,12,13,14,18,19,21,22,23
1785,1,1,4,5,7,8,9,10,14,15,16,19,20,21,23
1785,2,1,2,3,4,7,8,9,11,13,20,21,22,23,24
1785,3,3,4,5,7,8,10,11,13,14,15,16,17,21,25
1785,4,3,7,8,9,10,12,13,14,15,19,21,22,23,25
1785,5,1,2,3,5,9,11,12,14,15,18,19,21,24,25
1785,6,2,3,4,8,11,12,13,14,15,18,19,20,21,24
1785,7,2,5,7,8,9,10,12,13,16,17,19,20,21,22
1785,8,2,4,5,6,7,8,9,14,16,17,18,19,22,25
1785,9,1,4,5,6,7,8,12,14,15,17,18,21,22,23
1785,10,1,4,5,8,9,10,11,15,18,19,20,22,23,24
1786,1,1,3,4,5,8,9,11,14,15,17,21,22,24,25
1786,2,1,6,7,9,10,12,14,15,16,18,20,21,22,24
1786,3,1,3,4,8,12,15,16,17,18,21,22,23,24,25
1786,4,1,2,4,5,6,7,8,9,10,14,17,20,21,25
1786,5,1,2,3,4,5,6,8,9,10,14,19,22,23,24
1786,6,4,6,7,8,9,10,11,14,16,17,18,20,23,24
1786,7,1,3,4,5,9,10,11,14,15,16,20,23,24,25
1786,8,2,3,6,7,8,10,11,12,14,15,21,22,23,25
1786,9,1,2,3,8,9,11,12,14,16,20,21,23,24,25
1786,10,5,6,11,12,13,15,17,18,19,20,22,23,24,25
1787,1,2,3,6,7,8,9,10,11,14,18,21,22,23,25
1787,2,2,3,4,6,12,13,15,19,20,21,22,23,24,25
1787,3,2,3,4,5,8,9,12,13,15,16,21,23,24,25
1787,4,4,7,8,9,10,12,13,14,16,17,18,20,21,23
1787,5,2,3,4,5,6,9,10,12,13,14,15,19,23,25
1787,6,1,7,8,10,13,14,18,19,20,21,22,23,24,25
1787,7,1,3,4,5,7,10,12,13,16,17,18,21,22,25
1787,8,1,4,5,6,8,9,11,12,14,15,16,17,20,25
1787,9,1,2,5,7,8,13,14,15,17,18,20,21,22,24
1787,10,1,2,3,5,7,8,10,11,12,13,16,17,20,22
1788,1,1,2,3,5,6,9,10,11,12,13,17,20,21,24
1788,2,1,2,3,4,5,6,7,10,14,16,17,20,23,24
1788,3,1,6,7,9,11,13,14,15,17,19,21,23,24,25
1788,4,1,2,3,4,5,6,10,11,14,15,16,18,19,24
1788,5,1,2,8,9,12,13,14,17,18,19,20,22,23,25
1788,6,1,2,4,6,8,10,11,13,15,16,20,22,23,24
1788,7,1,3,6,7,11,12,13,15,17,20,21,22,23,25
1788,8,2,3,4,5,7,8,9,10,12,14,17,19,20,21
1788,9,1,3,4,7,8,9,11,13,15,18,20,21,23,24
1788,10,2,4,5,8,12,15,16,17,19,20,21,22,23,24
1789,1,2,3,4,5,6,9,10,13,15,16,17,20,22,23
1789,2,1,3,5,7,8,9,11,13,14,15,17,20,21,23
1789,3,2,3,4,5,6,11,13,14,15,16,19,21,22,23
1789,4,2,4,6,8,9,10,11,14,15,17,19,21,24,25
1789,5,1,2,4,6,7,8,9,11,12,13,14,15,20,22
1789,6,1,4,5,6,7,8,11,13,15,20,21,22,23,24
1789,7,1,3,4,5,6,8,10,11,13,15,20,21,24,25
1789,8,3,4,5,8,9,10,11,12,15,17,20,22,23,24
1789,9,1,3,4,6,7,8,9,13,14,15,16,18,20,25
1789,10,2,3,4,5,7,8,11,12,13,14,17,19,20,25
1790,1,1,2,4,8,9,11,12,13,15,17,18,20,21,25
1790,2,1,6,7,8,9,10,11,14,16,20,22,23,24,25
1790,3,3,4,5,10,12,14,16,17,19,21,22,23,24,25
1790,4,1,2,3,5,9,10,11,12,14,17,19,22,24,25
1790,5,3,4,7,8,9,10,11,12,16,18,21,23,24,25
1790,6,2,3,4,6,7,13,14,15,18,19,20,22,24,25
1790,7,2,4,7,9,10,12,13,15,17,18,21,22,23,25
1790,8,1,3,6,7,8,9,13,15,17,18,19,20,23,25
1790,9,1,4,6,8,9,11,13,15,17,18,19,20,23,24
1790,10,1,2,3,4,6,7,8,9,11,14,16,21,22,24
1791,1,3,4,7,9,12,13,16,17,18,19,20,21,22,23
1791,2,1,2,3,7,9,10,13,16,17,19,21,22,23,25
1791,3,1,2,3,5,7,9,12,13,14,16,18,20,21,22
1791,4,1,2,4,5,7,8,10,13,15,18,20,21,23,24
1791,5,1,2,3,4,6,8,10,11,13,14,21,22,24,25
1791,6,2,3,4,6,7,9,10,12,14,16,18,21,22,25
1791,7,4,6,9,12,13,14,15,17,18,19,21,22,23,24
1791,8,1,2,3,5,7,8,12,13,15,17,21,22,24,25
1791,9,2,3,8,10,11,12,14,19,20,21,22,23,24,25
1791,10,2,4,5,7,10,12,13,15,18,19,20,21,23,25
1792,1,3,5,6,7,8,10,11,12,13,15,20,22,23,24
1792,2,1,3,4,6,8,14,15,16,18,19,20,23,24,25
1792,3,2,4,5,7,9,11,12,15,16,18,20,21,23,25
1792,4,1,4,6,8,9,11,14,15,16,18,19,20,24,25
1792,5,2,3,5,6,7,11,13,16,17,18,19,22,23,24
1792,6,1,2,3,4,5,8,11,14,17,18,20,21,24,25
1792,7,1,5,6,7,9,11,13,14,16,17,18,19,20,25
1792,8,1,3,4,5,6,7,10,14,15,16,18,20,21,22
1792,9,1,4,5,6,13,15,16,17,18,19,20,21,23,25
1792,10,1,5,7,10,13,14,15,16,17,19,20,21,22,24
1793,1,3,4,6,9,10,12,13,14,15,19,20,21,22,23
1793,2,2,3,4,5,8,9,12,15,17,18,20,22,23,25
1793,3,1,4,5,7,8,9,10,11,17,18,20,23,24,25
1793,4,3,4,5,7,9,13,14,15,17,18,20,21,22,23
1793,5,2,6,7,8,10,11,13,14,18,19,20,22,23,24
1793,6,2,4,7,8,10,11,12,13,14,15,16,19,20,21
1793,7,1,2,3,5,7,10,11,12,14,15,16,18,22,24
1793,8,1,3,4,5,6,7,8,9,10,12,13,17,18,25
1793,9,1,3,4,6,9,10,12,15,16,17,18,19,21,23
1793,10,1,6,10,11,12,13,15,17,19,20,21,22,23,24
1794,1,1,3,4,6,8,9,11,16,17,20,21,22,23,25
1794,2,1,3,4,5,6,7,8,10,11,17,18,21,22,25
1794,3,2,4,6,8,9,13,15,16,19,20,22,23,24,25
1794,4,1,2,5,6,8,10,11,12,14,17,18,21,23,25
1794,5,1,2,7,8,10,12,15,18,19,20,21,22,24,25
1794,6,1,2,3,5,7,8,10,11,14,17,20,22,23,25
1794,7,1,2,3,4,5,8,9,12,15,18,19,22,24,25
1794,8,1,2,4,5,6,7,8,9,10,11,19,21,23,24
1794,9,2,5,6,7,8,9,10,13,14,17,18,20,23,24
1794,10,1,3,4,6,7,10,15,16,17,18,19,22,23,24
1795,1,1,2,5,7,8,11,13,14,17,18,19,20,22,25
1795,2,1,2,3,5,6,7,11,12,14,15,16,19,24,25
1795,3,1,2,3,4,6,7,8,10,11,13,15,17,19,23
1795,4,1,6,9,10,11,12,13,14,15,18,19,21,23,24
1795,5,1,3,5,6,7,8,10,11,12,13,15,18,22,23
1795,6,2,3,7,8,9,11,12,13,14,17,18,19,21,25
1795,7,1,3,7,9,10,11,13,14,15,17,20,21,24,25
1795,8,1,3,4,6,11,13,15,16,19,21,22,23,24,25
1795,9,1,5,6,8,9,10,11,12,16,17,18,22,23,24
1795,10,1,5,6,7,9,10,11,12,13,15,16,17,21,23
1796,1,2,3,4,6,11,12,13,14,15,19,20,21,22,24
1796,2,2,4,5,6,9,10,13,14,15,16,19,20,23,25
1796,3,1,2,4,6,7,8,10,12,15,17,18,20,24,25
1796,4,1,4,5,7,11,12,15,17,18,20,21,22,23,25
1796,5,1,3,6,7,9,10,11,12,13,14,16,19,20,21
1796,6,2,4,5,7,8,9,11,12,13,14,18,20,22,25
1796,7,2,3,4,7,10,12,14,15,16,18,19,20,24,25
1796,8,2,4,5,8,9,10,12,14,17,18,19,22,23,24
1796,9,1,2,4,6,7,8,11,17,18,19,20,23,24,25
1796,10,1,3,5,6,8,9,10,12,14,15,19,21,22,25
1797,1,1,2,5,6,8,9,10,11,12,14,16,20,21,25
1797,2,4,5,9,10,12,13,14,15,18,19,20,21,23,24
1797,3,1,2,4,5,6,8,10,12,13,14,20,21,22,23
1797,4,1,5,6,8,12,13,14,16,17,19,20,23,24,25
1797,5,1,2,4,6,7,8,9,12,13,15,16,18,21,23
1797,6,1,2,6,7,10,12,13,14,19,21,22,23,24,25
1797,7,2,4,5,6,8,9,13,16,17,18,19,20,21,22
1797,8,1,2,3,6,11,12,16,17,19,20,21,22,23,25
1797,9,1,3,4,6,7,8,9,11,13,14,19,22,23,25
1797,10,1,3,4,5,8,9,13,14,15,18,19,21,23,25
1798,1,3,4,6,9,10,11,13,15,16,17,20,21,23,24
1798,2,3,4,6,7,8,9,10,12,13,14,17,19,22,23
1798,3,3,7,9,10,12,13,14,16,17,18,19,20,22,24
1798,4,4,6,7,8,9,12,13,14,16,17,19,20,22,25
1798,5,1,2,3,4,5,7,10,11,14,15,16,17,21,23
1798,6,2,3,4,5,11,13,14,16,17,18,19,20,22,25
1798,7,1,2,3,4,5,7,8,9,11,15,16,17,21,24
1798,8,3,4,6,8,9,10,14,17,18,19,20,21,22,25
1798,9,2,5,6,7,8,9,11,12,13,15,16,19,21,22
1798,10,1,3,4,5,7,8,10,13,14,16,19,20,21,25
1799,1,3,4,5,6,7,9,11,12,15,17,18,20,24,25
1799,2,1,2,4,8,9,12,13,15,16,18,19,22,24,25
1799,3,2,3,5,8,12,14,16,17,18,19,21,22,24,25
1799,4,1,4,5,7,8,9,10,14,17,19,22,23,24,25
1799,5,2,3,4,5,9,10,13,16,17,18,19,21,22,25
1799,6,2,4,5,6,10,11,12,14,15,17,18,19,23,24
1799,7,2,3,4,8,9,10,12,13,17,19,20,22,23,25
1799,8,2,3,4,6,11,12,14,15,16,17,19,20,23,24
1799,9,1,2,3,4,6,11,13,15,16,18,20,22,23,24
1799,10,1,4,5,6,7,8,10,13,14,18,19,20,22,24
1800,1,3,4,8,10,11,13,14,15,17,20,21,22,23,25
1800,2,2,3,4,7,8,11,12,13,16,17,18,21,24,25
1800,3,2,4,5,6,9,10,11,12,15,17,20,23,24,25
1800,4,3,7,8,9,10,12,13,14,15,16,17,19,20,22
1800,5,1,3,5,6,7,11,12,13,16,20,21,22,24,25
1800,6,3,5,6,8,9,10,13,14,16,18,20,21,24,25
1800,7,2,4,5,10,12,13,14,15,16,19,20,21,22,23
1800,8,2,3,6,8,11,15,16,17,18,19,20,21,22,23
1800,9,1,3,4,6,7,8,12,17,18,20,21,22,23,25
1800,10,2,3,7,8,12,13,14,15,16,18,20,21,22,25
1801,1,2,7,8,9,12,14,16,17,18,19,20,21,22,23
1801,2,1,3,4,5,9,11,13,16,17,18,19,20,21,25
1801,3,3,5,7,9,10,11,12,13,14,17,18,21,24,25
1801,4,2,4,5,8,11,12,13,14,16,17,20,21,22,24
1801,5,1,2,4,5,8,9,10,12,15,18,20,21,23,24
1801,6,1,4,6,7,9,10,12,13,14,16,19,21,23,25
1801,7,2,4,6,7,11,12,14,15,17,18,20,21,22,23
1801,8,2,3,4,6,9,11,12,15,18,19,21,22,23,24
1801,9,1,4,5,7,8,14,16,17,18,20,21,22,23,25
1801,10,2,3,5,6,7,8,9,12,14,16,20,21,23,24
1802,1,1,2,4,6,11,12,13,14,16,17,18,19,21,24
1802,2,1,2,3,7,8,9,11,12,13,14,15,22,23,24
1802,3,1,2,4,7,10,11,13,14,17,18,20,21,24,25
1802,4,1,3,5,6,7,8,10,12,13,15,18,20,23,24
1802,5,1,2,4,6,7,10,15,16,17,19,22,23,24,25
1802,6,7,8,9,10,11,12,13,14,20,21,22,23,24,25
1802,7,4,6,7,12,14,15,17,18,19,20,21,23,24,25
1802,8,4,5,6,7,8,13,14,16,17,18,19,20,21,23
1802,9,4,7,8,10,11,17,18,19,20,21,22,23,24,25
1802,10,1,2,4,6,7,8,11,12,13,14,16,20,21,24
1803,1,1,3,5,6,7,9,10,12,13,14,16,21,24,25
1803,2,2,4,6,7,8,9,13,14,15,16,19,21,22,25
1803,3,1,2,3,4,6,7,8,10,11,13,21,22,24,25
1803,4,1,2,3,4,6,7,12,16,17,19,22,23,24,25
1803,5,2,3,5,6,7,8,10,11,13,14,18,19,20,24
1803,6,6,9,10,11,12,13,15,17,18,19,20,21,22,23
1803,7,4,5,6,7,8,11,12,14,18,19,21,23,24,25
1803,8,3,4,7,9,11,14,15,16,17,18,20,22,24,25
1803,9,1,2,3,7,8,10,13,14,15,16,20,21,22,24
1803,10,3,4,7,8,11,12,13,14,15,16,18,22,23,25
1804,1,1,2,4,6,7,11,14,15,16,17,20,21,23,24
1804,2,1,2,4,5,9,10,11,15,17,18,20,22,23,24
1804,3,2,3,4,5,6,7,11,12,15,16,18,20,22,25
1804,4,1,2,3,4,9,10,11,12,13,16,17,19,21,22
1804,5,1,4,8,10,11,12,13,18,19,20,21,22,24,25
1804,6,1,3,4,5,10,12,13,16,17,19,20,22,23,24
1804,7,2,3,7,8,9,12,14,15,18,19,20,21,22,25
1804,8,1,2,4,5,6,7,11,13,15,16,18,19,21,25
1804,9,1,3,6,10,11,12,15,16,18,19,20,21,23,24
1804,10,2,3,5,7,9,10,14,17,18,19,21,23,24,25
1805,1,1,3,4,5,6,8,9,11,13,17,19,20,23,24
1805,2,2,3,5,6,7,11,13,14,17,18,21,22,24,25
1805,3,2,5,6,7,8,9,10,11,12,14,15,16,17,25
1805,4,3,4,5,8,9,10,11,14,16,17,18,23,24,25
1805,5,2,7,8,9,11,13,15,16,17,19,20,23,24,25
1805,6,3,9,13,14,15,16,17,18,19,20,21,22,23,25
1805,7,1,2,3,4,5,8,10,11,12,13,14,17,18,25
1805,8,3,4,5,7,9,10,11,12,13,17,18,19,20,24
1805,9,3,4,5,6,10,11,13,16,17,18,19,20,23,24
1805,10,1,2,3,4,5,6,8,14,15,16,17,22,24,25
1806,1,1,2,5,8,9,10,11,15,17,18,21,22,23,25
1806,2,1,2,3,9,10,11,14,15,16,18,20,23,24,25
1806,3,2,3,7,9,10,13,14,16,18,19,21,22,24,25
1806,4,1,3,4,5,9,11,15,17,18,19,20,21,23,24
1806,5,1,3,6,7,8,12,13,14,15,18,19,20,22,25
1806,6,1,4,9,10,11,12,14,15,16,17,19,21,23,24
1806,7,1,2,3,4,6,9,15,16,18,19,21,23,24,25
1806,8,2,5,6,7,8,9,10,12,13,14,17,22,24,25
1806,9,1,2,3,8,9,11,12,13,17,18,19,22,23,24
1806,10,2,5,7,11,12,13,14,15,16,17,19,21,22,24
1807,1,1,6,8,9,11,12,14,18,19,20,22,23,24,25
1807,2,3,5,6,7,8,10,11,13,15,16,18,20,23,24
1807,3,2,3,8,9,11,13,15,16,18,19,21,22,23,24
1807,4,1,3,4,5,6,8,11,12,15,17,18,22,23,25
1807,5,1,6,7,8,9,11,12,13,16,17,19,20,24,25
1807,6,1,2,3,4,5,6,7,9,12,15,19,20,23,24
1807,7,3,4,6,7,9,10,11,12,13,14,15,21,23,25
1807,8,2,5,6,7,9,11,12,13,14,15,16,18,19,21
1807,9,2,3,4,6,10,12,13,14,18,20,21,22,24,25
1807,10,1,4,5,6,7,8,9,10,11,13,15,16,19,23
1808,1,2,6,8,10,11,12,14,15,17,19,20,21,23,25
1808,2,6,8,9,11,12,16,17,18,19,20,22,23,24,25
1808,3,4,5,8,9,11,12,13,14,15,17,18,19,21,23
1808,4,1,3,4,6,7,9,11,13,15,19,20,22,23,24
1808,5,1,2,4,5,6,7,11,13,16,17,18,20,22,23
1808,6,2,3,4,5,9,10,12,17,18,20,21,23,24,25
1808,7,2,4,8,9,10,12,15,18,19,20,21,23,24,25
1808,8,2,3,5,7,8,9,10,12,13,15,17,18,19,20
1808,9,1,2,3,5,7,8,9,10,15,17,19,20,21,22
1808,10,1,2,4,6,7,9,11,12,13,14,15,17,22,24
1809,1,1,2,7,9,14,15,16,17,19,20,21,22,24,25
1809,2,2,4,5,6,7,9,10,12,13,14,17,19,23,24
1809,3,1,2,4,5,7,11,12,13,14,16,18,20,21,23
1809,4,1,4,5,6,7,9,11,12,14,15,16,22,23,25
1809,5,1,5,8,9,10,11,14,15,16,19,21,23,24,25
1809,6,3,5,6,7,10,11,12,14,15,18,20,21,23,25
1809,7,4,7,9,10,11,13,14,16,17,18,20,21,22,25
1809,8,2,4,5,7,8,10,11,13,14,16,17,18,20,23
1809,9,2,3,4,5,8,10,11,12,13,14,15,17,20,25
1809,10,1,5,6,7,10,11,13,16,18,20,22,23,24,25
1810,1,2,3,4,9,11,12,14,15,17,18,19,20,22,23
1810,2,2,3,6,8,11,14,15,19,20,21,22,23,24,25
1810,3,2,3,4,6,7,8,12,13,17,18,20,22,23,25
1810,4,3,6,9,10,11,13,14,16,17,19,20,21,24,25
1810,5,1,2,3,4,6,8,11,12,14,20,21,22,23,25
1810,6,1,3,4,6,7,8,10,11,13,17,18,19,21,23
1810,7,1,2,3,6,7,8,9,11,13,16,18,21,23,25
1810,8,1,3,5,6,8,9,11,12,13,14,17,19,23,25
1810,9,1,2,5,6,7,8,9,10,11,12,13,16,22,24
1810,10,1,2,6,9,11,12,16,18,19,20,21,22,23,25
1811,1,1,2,3,4,5,8,11,12,15,16,17,18,19,25
1811,2,2,3,4,6,9,10,12,13,14,16,18,23,24,25
1811,3,2,3,4,5,10,11,12,13,15,17,19,22,23,24
1811,4,1,2,4,7,9,10,13,15,16,17,18,22,24,25
1811,5,1,2,4,5,6,9,10,11,13,15,16,18,19,23
1811,6,1,3,5,7,10,12,13,15,16,20,21,22,23,25
1811,7,1,2,5,9,10,12,14,15,18,19,20,23,24,25
1811,8,2,4,5,8,9,10,12,14,15,20,21,22,23,24
1811,9,2,3,4,6,8,11,14,16,19,20,21,23,24,25
1811,10,2,3,6,11,13,15,17,18,19,21,22,23,24,25
1812,1,1,2,3,4,5,8,9,11,15,19,20,21,22,24
1812,2,1,4,6,8,9,10,12,13,14,16,17,22,23,24
1812,3,1,2,6,7,8,10,11,13,14,15,16,19,21,23
1812,4,1,2,6,7,8,9,10,12,16,18,19,21,22,24
1812,5,1,5,6,7,9,11,12,14,15,16,17,19,22,25
1812,6,3,5,6,7,8,9,12,13,18,19,20,21,22,24
1812,7,2,4,7,8,10,11,13,16,17,18,22,23,24,25
1812,8,1,3,6,10,14,15,16,17,18,19,20,21,23,25
1812,9,2,4,7,8,9,11,14,15,16,17,18,19,21,24
1812,10,2,3,4,6,10,11,12,13,14,16,19,22,23,25
1813,1,2,4,6,7,8,9,10,11,13,14,17,20,21,23
1813,2,2,3,4,5,6,9,10,16,17,19,20,21,24,25
1813,3,1,4,5,6,10,12,13,14,15,19,21,22,24,25
1813,4,1,2,8,9,10,12,13,14,16,18,19,20,21,25
1813,5,4,7,8,9,10,11,14,16,17,18,19,20,23,25
1813,6,3,4,6,12,14,15,16,17,19,21,22,23,24,25
1813,7,1,2,4,5,7,8,9,10,12,13,22,23,24,25
1813,8,2,3,5,6,8,9,14,15,16,18,20,21,23,25
1813,9,3,5,6,7,8,11,12,15,17,18,21,22,23,24
1813,10,3,4,5,6,7,8,9,13,14,17,20,23,24,25
1814,1,5,9,10,11,12,14,15,16,17,20,22,23,24,25
1814,2,1,4,5,6,7,9,10,12,16,18,19,20,22,25
1814,3,1,3,5,6,8,9,11,12,14,16,17,18,22,24
1814,4,2,4,7,8,10,11,12,14,15,16,18,21,22,23
1814,5,2,3,5,6,7,11,14,15,17,19,20,21,23,24
1814,6,1,2,3,5,8,11,12,13,16,17,19,20,21,22
1814,7,2,4,5,8,9,10,14,15,16,17,18,19,20,22
1814,8,2,4,6,7,9,10,13,14,15,16,21,22,24,25
1814,9,2,4,6,7,8,12,14,15,17,18,21,22,23,24
1814,10,3,4,5,7,9,10,13,14,15,18,20,22,23,25
1815,1,1,3,5,8,9,11,12,13,15,16,18,19,22,23
1815,2,1,2,5,6,7,12,14,15,16,18,20,22,23,25
1815,3,2,3,6,7,10,12,14,16,17,20,21,23,24,25
1815,4,1,4,7,8,9,11,12,13,14,16,17,18,20,22
1815,5,2,3,4,5,6,7,12,16,17,18,19,20,22,24
1815,6,2,4,5,6,8,13,15,16,18,19,22,23,24,25
1815,7,1,2,4,8,10,11,12,13,15,17,19,22,23,24
1815,8,2,3,4,6,10,14,15,16,17,18,19,20,21,22
1815,9,3,5,6,10,13,14,15,16,17,19,21,23,24,25
1815,10,1,2,4,6,7,8,11,12,18,20,21,22,23,24
1816,1,1,2,3,4,5,6,8,10,12,13,18,19,23,25
1816,2,3,5,6,7,8,9,11,13,14,15,17,18,23,25
1816,3,1,4,6,7,9,13,14,15,17,18,19,22,24,25
1816,4,1,3,4,5,8,9,10,11,12,13,14,15,23,24
1816,5,3,5,8,13,14,15,16,17,18,19,20,21,22,25
1816,6,1,2,3,5,7,11,15,17,18,20,21,23,24,25
1816,7,2,5,6,8,9,10,13,14,15,18,21,22,23,25
1816,8,1,2,3,4,5,6,8,9,10,17,21,23,24,25
1816,9,2,4,6,7,8,10,11,12,13,15,18,20,21,23
1816,10,1,2,3,4,6,9,11,14,15,16,18,19,20,22
1817,1,1,2,3,4,6,7,12,13,14,17,22,23,24,25
1817,2,2,4,7,8,10,13,14,17,18,19,20,22,24,25
1817,3,1,2,3,4,7,9,10,12,14,16,18,20,21,25
1817,4,1,2,3,5,6,9,12,14,16,18,19,22,24,25
1817,5,1,6,7,8,10,11,13,15,16,18,19,20,21,24
1817,6,1,2,6,8,9,10,14,16,17,18,20,22,23,25
1817,7,3,6,8,9,10,13,14,16,17,18,21,22,24,25
1817,8,1,3,4,6,7,8,11,13,15,16,18,21,22,25
1817,9,1,5,8,9,12,16,17,18,19,21,22,23,24,25
1817,10,1,5,7,9,10,11,14,16,19,20,21,22,23,25
1818,1,3,4,5,6,7,8,9,11,13,17,19,20,21,24
1818,2,2,3,5,6,7,8,9,10,12,13,15,16,19,23
1818,3,1,2,4,5,6,10,11,12,13,14,17,21,24,25
1818,4,4,6,7,8,10,11,14,15,17,18,19,20,21,23
1818,5,1,2,7,10,11,13,15,16,17,19,20,22,23,24
1818,6,2,4,5,6,8,10,12,14,16,17,18,21,22,23
1818,7,2,4,5,8,11,14,15,18,19,20,21,23,24,25
1818,8,1,2,3,8,9,10,11,13,15,16,20,22,24,25
1818,9,1,3,5,6,8,9,13,15,17,18,19,20,22,25
1818,10,2,6,7,10,11,12,13,16,17,19,22,23,24,25
1819,1,2,4,6,8,12,13,14,15,16,17,19,22,24,25
1819,2,3,5,6,8,9,11,13,14,15,17,18,19,22,24
1819,3,1,2,3,5,6,7,8,11,13,15,16,17,18,25
1819,4,1,3,4,6,8,11,14,16,17,18,19,20,21,22
1819,5,4,6,7,9,10,11,13,14,17,18,19,20,21,23
1819,6,1,3,4,7,8,9,10,11,12,13,16,17,21,24
1819,7,4,5,6,7,8,9,12,13,15,16,17,20,24,25
1819,8,1,2,3,5,7,8,11,13,14,17,19,20,22,23
1819,9,3,4,5,6,8,10,11,15,16,17,19,20,22,24
1819,10,1,2,3,8,9,12,14,16,17,18,19,21,22,24
1820,1,2,4,5,6,10,11,13,15,16,17,19,21,22,25
1820,2,1,2,4,5,6,9,13,14,15,20,22,23,24,25
1820,3,1,2,5,6,7,8,9,12,15,17,18,22,24,25
1820,4,1,2,5,8,9,10,12,14,18,20,21,22,23,24
1820,5,2,4,5,7,8,9,11,12,13,16,19,21,24,25
1820,6,3,6,8,9,10,11,15,17,19,21,22,23,24,25
1820,7,2,3,4,5,6,8,9,11,12,13,17,20,21,25
1820,8,2,7,8,10,12,14,16,17,18,19,21,22,24,25
1820,9,1,2,4,5,6,7,11,12,14,15,17,18,19,22
1820,10,1,5,6,7,8,10,11,12,15,16,17,18,21,22
1821,1,1,2,3,4,5,7,8,9,11,12,14,15,19,25
1821,2,1,2,4,5,6,9,13,15,16,18,19,21,22,25
1821,3,2,3,4,5,8,10,12,15,16,18,19,20,23,25
1821,4,2,3,9,10,11,12,13,14,19,20,21,22,24,25
1821,5,3,4,5,6,7,8,9,10,12,13,16,21,22,23
1821,6,1,4,5,9,10,13,14,16,17,18,20,21,23,24
1821,7,6,7,8,10,11,12,13,17,19,20,21,22,23,25
1821,8,1,3,4,6,8,11,12,15,16,17,19,20,24,25
1821,9,2,5,8,11,12,13,14,15,16,20,21,23,24,25
1821,10,1,2,3,4,5,6,11,12,13,16,17,19,23,25
1822,1,1,3,4,6,7,8,9,15,17,18,19,22,24,25
1822,2,1,2,3,4,6,8,9,13,16,17,21,22,23,25
1822,3,1,3,4,5,9,10,14,15,16,18,19,21,22,24
1822,4,1,2,3,5,7,9,11,12,13,15,16,18,20,23
1822,5,1,3,5,6,7,8,10,17,19,20,22,23,24,25
1822,6,1,3,4,5,6,9,10,13,14,17,20,21,23,24
1822,7,1,3,4,6,11,13,15,17,19,20,21,22,23,25
1822,8,1,2,4,5,6,10,11,12,14,15,16,20,21,22
1822,9,2,3,4,6,7,10,12,13,14,15,19,20,23,24
1822,10,3,4,6,8,10,12,13,16,17,19,20,21,22,23
1823,1,1,3,4,7,8,9,10,11,12,13,15,19,20,23
1823,2,3,5,7,9,13,14,15,16,18,20,22,23,24,25
1823,3,1,2,4,5,6,7,8,10,11,15,18,20,22,25
1823,4,1,5,6,7,8,9,11,12,13,14,15,16,17,23
1823,5,1,3,4,5,8,12,13,15,16,17,19,20,21,22
1823,6,2,3,4,6,8,9,10,12,16,21,22,23,24,25
1823,7,1,2,4,5,7,8,9,10,11,13,15,16,18,21
1823,8,1,4,8,9,11,13,14,16,17,18,19,20,22,23
1823,9,2,3,4,5,6,7,8,10,12,15,17,20,23,25
1823,10,1,2,3,4,6,9,10,11,15,16,17,19,20,25
1824,1,3,4,8,11,12,13,15,16,18,19,20,21,22,25
1824,2,3,5,7,10,11,12,14,15,17,19,21,23,24,25
1824,3,1,5,6,8,12,13,14,17,19,20,21,22,23,25
1824,4,2,4,6,7,9,12,13,14,15,17,19,20,21,24
1824,5,3,5,6,8,9,10,11,14,16,17,20,21,23,24
1824,6,1,2,4,5,6,7,11,12,13,14,16,18,24,25
1824,7,2,4,5,6,7,9,10,13,15,17,20,23,24,25
1824,8,1,3,4,5,6,8,9,11,14,15,17,21,24,25
1824,9,3,6,7,9,13,14,16,17,18,19,21,22,23,24
1824,10,2,3,5,8,10,11,14,15,16,17,18,19,20,21
1825,1,1,2,3,7,9,10,11,12,15,16,21,22,24,25
1825,2,1,5,8,9,10,13,14,15,16,17,18,19,22,25
1825,3,1,2,7,10,12,13,14,15,17,18,21,23,24,25
1825,4,1,3,4,5,7,8,12,14,16,17,19,20,22,25
1825,5,2,4,5,6,7,8,11,12,14,16,17,19,21,22
1825,6,1,2,4,7,8,10,11,12,15,16,22,23,24,25
1825,7,1,4,5,6,7,10,12,15,16,17,18,20,21,24
1825,8,1,3,4,10,11,12,13,14,15,19,20,22,23,24
1825,9,1,3,6,7,8,9,10,11,12,14,15,16,18,24
1825,10,1,2,3,4,5,6,7,9,11,13,15,19,23,25
1826,1,1,2,3,4,7,8,9,10,16,18,19,20,22,23
1826,2,1,2,3,4,7,9,10,13,15,16,17,19,21,25
1826,3,1,2,4,5,6,7,10,12,14,17,18,20,21,23
1826,4,1,4,5,6,7,8,11,13,14,16,17,19,20,22
1826,5,1,2,3,5,9,11,13,15,17,18,19,20,23,25
1826,6,1,2,3,4,5,8,13,16,17,18,20,22,24,25
1826,7,2,3,4,8,9,11,12,16,18,19,20,21,22,23
1826,8,1,3,4,7,8,9,11,12,14,16,17,18,20,22
1826,9,1,2,4,6,8,9,11,13,14,18,22,23,24,25
1826,10,2,4,5,7,8,12,14,15,17,19,20,21,24,25
1827,1,1,2,3,4,6,9,11,14,17,18,19,20,22,23
1827,2,1,3,5,6,8,9,10,12,16,19,20,21,23,24
1827,3,2,5,7,8,10,11,14,15,16,18,20,21,22,25
1827,4,1,3,6,7,8,11,12,13,16,17,18,20,24,25
1827,5,1,2,3,4,5,11,12,18,19,20,21,22,24,25
1827,6,3,4,5,6,7,8,11,12,13,15,16,17,18,20
1827,7,1,2,5,7,8,10,11,12,13,16,17,18,21,25
1827,8,2,5,6,7,8,9,10,12,18,19,20,22,23,24
1827,9,3,4,8,10,11,13,15,16,17,19,21,22,23,24
1827,10,1,2,5,6,9,10,11,13,15,19,21,22,24,25
1828,1,2,4,5,6,7,12,14,16,17,19,20,21,24,25
1828,2,3,5,7,8,10,11,14,16,18,19,20,22,24,25
1828,3,3,4,7,9,10,11,12,13,14,15,20,21,22,24
1828,4,1,2,3,6,7,9,13,15,16,17,18,19,21,23
1828,5,1,3,4,6,11,13,16,17,18,19,20,23,24,25
1828,6,2,6,8,10,11,12,14,17,19,21,22,23,24,25
1828,7,1,4,5,8,10,11,12,14,16,17,20,21,24,25
1828,8,3,4,5,6,10,11,13,16,18,19,20,22,23,24
1828,9,1,2,4,5,6,7,10,13,15,17,19,20,22,24
1828,10,1,6,11,12,13,15,16,18,19,20,21,22,23,24
1829,1,3,4,6,7,9,10,11,12,14,15,16,18,19,24
1829,2,1,2,5,6,8,12,13,14,17,19,21,23,24,25
1829,3,3,4,5,6,11,12,13,15,18,19,20,23,24,25
1829,4,1,3,5,8,10,12,13,16,18,19,21,23,24,25
1829,5,1,2,4,5,6,7,10,11,12,14,17,18,19,25
1829,6,3,4,6,9,10,11,12,14,15,17,18,20,22,25
1829,7,1,5,8,9,11,12,13,14,15,20,21,23,24,25
1829,8,1,4,5,6,8,9,12,13,15,17,20,22,23,25
1829,9,1,2,4,5,8,13,14,16,17,18,19,21,22,25
1829,10,1,3,5,7,8,14,15,16,17,19,21,23,24,25
1830,1,1,4,8,9,11,14,15,18,19,20,21,22,24,25
1830,2,2,5,6,7,8,10,11,12,15,16,18,19,20,21
1830,3,1,2,4,5,7,8,9,10,13,15,17,18,20,22
1830,4,1,2,4,9,10,12,13,14,15,17,19,20,22,23
1830,5,1,2,5,7,8,10,12,14,15,17,20,21,23,24
1830,6,4,5,6,7,13,14,16,17,18,19,22,23,24,25
1830,7,1,2,3,4,6,7,9,12,13,15,18,21,24,25
1830,8,1,2,7,9,10,11,12,14,15,19,21,22,24,25
1830,9,2,3,4,5,6,10,12,14,15,16,17,18,21,23
1830,10,1,2,3,7,10,11,12,13,15,16,17,20,21,24
1831,1,1,2,4,5,7,9,11,12,13,18,19,21,23,25
1831,2,1,3,5,7,11,14,15,16,17,18,20,21,24,25
1831,3,1,3,5,6,8,9,10,12,15,18,19,20,21,24
1831,4,1,2,3,5,7,9,10,13,14,16,17,22,23,25
1831,5,1,2,3,6,7,8,9,13,14,17,19,20,24,25
1831,6,2,4,5,6,7,8,9,10,13,16,17,20,22,23
1831,7,1,2,4,5,6,7,8,11,15,17,20,23,24,25
1831,8,1,2,3,4,5,6,8,9,11,13,19,20,21,24
1831,9,3,4,5,6,7,8,9,10,13,14,19,20,21,25
1831,10,1,5,6,7,8,10,11,12,16,17,18,20,23,25
1832,1,1,2,3,7,9,10,11,13,15,16,17,20,21,23
1832,2,2,4,6,10,12,14,15,17,19,20,21,22,23,25
1832,3,2,5,8,12,13,15,16,18,19,20,22,23,24,25
1832,4,1,2,3,5,10,11,14,16,18,19,20,21,22,23
1832,5,1,4,6,8,10,11,12,15,16,18,20,23,24,25
1832,6,1,2,3,4,8,9,10,16,17,20,22,23,24,25
1832,7,2,3,4,5,6,9,12,14,16,17,20,23,24,25
1832,8,1,2,7,8,9,10,12,13,14,19,20,21,23,24
1832,9,2,4,8,9,10,11,12,14,15,16,18,22,24,25
1832,10,1,3,4,5,7,9,11,12,14,15,17,19,23,24
1833,1,1,2,5,6,7,8,13,17,18,20,21,22,23,24
1833,2,1,2,3,8,9,10,13,15,16,19,20,22,23,25
1833,3,1,3,5,6,7,14,15,16,17,18,20,22,23,25
1833,4,1,2,3,4,6,8,10,11,12,17,18,22,23,25
1833,5,2,4,5,6,9,11,12,14,19,20,21,22,23,25
1833,6,4,7,8,9,10,14,15,16,19,20,21,22,23,24
1833,7,1,5,7,9,11,12,13,14,15,18,19,22,24,25
1833,8,4,6,7,8,9,13,14,15,16,17,18,19,22,23
1833,9,8,11,12,13,14,15,16,17,18,19,20,22,23,24
1833,10,1,3,4,8,9,10,11,12,17,18,19,20,22,24
1834,1,1,4,5,9,11,12,13,14,16,17,18,20,22,25
1834,2,1,2,3,4,8,11,12,15,17,20,21,22,23,25
1834,3,1,4,8,11,12,13,15,18,19,20,21,22,24,25
1834,4,2,3,5,6,7,10,12,14,15,16,17,18,24,25
1834,5,1,2,6,9,10,12,14,16,17,19,20,21,22,25
1834,6,1,2,3,4,7,9,12,13,14,17,18,19,20,25
1834,7,1,4,6,7,8,9,11,14,16,18,20,21,22,23
1834,8,1,4,6,7,8,10,12,13,14,16,18,21,22,25
1834,9,2,5,7,8,9,10,12,14,17,18,21,23,24,25
1834,10,3,4,5,7,8,10,11,15,16,17,18,19,22,24
1835,1,1,2,3,4,5,6,8,10,11,18,19,21,23,24
1835,2,1,2,3,5,7,10,11,12,16,18,19,20,21,23
1835,3,1,2,5,7,13,14,15,16,18,19,20,21,22,25
1835,4,2,3,4,5,8,9,11,12,14,15,20,23,24,25
1835,5,4,6,7,8,9,14,16,17,18,19,20,21,23,25
1835,6,5,6,7,9,10,11,12,14,18,19,20,21,23,25
1835,7,2,5,7,9,11,13,14,15,16,18,19,21,22,23
1835,8,1,2,3,5,6,7,8,9,16,17,18,19,20,22
1835,9,1,4,6,7,10,11,12,13,14,15,16,18,19,24
1835,10,1,3,4,5,6,7,8,9,12,14,16,17,21,23
1836,1,3,4,7,9,11,13,14,15,17,18,22,23,24,25
1836,2,3,4,7,9,11,12,14,15,17,18,22,23,24,25
1836,3,1,3,4,5,7,8,13,15,16,18,20,21,24,25
1836,4,1,2,4,6,7,8,11,15,19,20,21,22,23,25
1836,5,1,3,4,5,6,8,11,12,15,16,18,19,21,23
1836,6,1,2,3,5,10,13,14,16,17,18,19,22,23,24
1836,7,3,4,6,9,10,11,13,14,15,17,21,22,23,24
1836,8,2,4,5,7,8,9,10,11,14,15,16,17,18,20
1836,9,1,2,6,7,8,9,11,13,14,15,17,21,23,24
1836,10,2,5,7,9,12,14,15,17,19,21,22,23,24,25
1837,1,1,3,4,7,8,9,10,12,14,15,18,19,21,22
1837,2,1,3,4,6,9,13,14,15,16,17,19,20,23,24
1837,3,1,3,5,6,9,10,11,12,13,14,15,18,20,24
1837,4,2,4,6,7,9,10,11,12,14,16,20,21,23,24
1837,5,1,3,4,5,8,10,11,14,15,16,19,22,23,24
1837,6,2,4,5,7,9,10,14,16,18,20,21,22,23,25
1837,7,1,4,5,7,9,10,12,14,17,18,21,23,24,25
1837,8,3,4,5,7,9,11,12,15,16,18,20,22,23,25
1837,9,2,3,4,5,6,9,11,12,13,14,17,20,21,22
1837,10,2,3,9,11,12,14,15,16,17,18,20,21,24,25
1838,1,1,2,3,4,5,10,12,13,14,15,20,21,22,24
1838,2,2,3,4,6,7,8,9,10,11,15,16,17,18,22
1838,3,1,2,3,4,6,7,8,11,14,15,16,19,21,25
1838,4,1,2,3,7,8,10,11,13,14,15,18,19,20,24
1838,5,2,3,4,6,8,9,11,12,13,15,16,20,21,25
1838,6,3,4,5,7,11,12,14,17,19,20,22,23,24,25
1838,7,1,2,7,8,12,13,15,16,19,20,21,22,24,25
1838,8,1,3,4,7,11,12,13,15,18,19,21,22,23,24
1838,9,1,2,3,6,9,10,11,13,14,15,17,20,21,23
1838,10,1,3,4,5,7,9,12,13,14,19,21,22,24,25
1839,1,1,3,7,9,11,12,14,15,17,18,20,22,23,25
1839,2,1,8,10,11,13,14,15,17,18,19,21,22,23,24
1839,3,1,2,3,6,7,8,11,12,13,15,16,18,20,25
1839,4,2,3,5,7,8,9,10,12,13,16,17,19,23,24
1839,5,3,6,7,8,9,10,12,13,14,17,18,21,24,25
1839,6,1,2,5,6,7,8,10,13,14,15,18,19,21,25
1839,7,1,2,3,4,5,6,7,8,9,11,13,17,19,21
1839,8,1,3,6,7,8,12,13,14,17,19,21,22,23,24
1839,9,1,3,5,6,9,10,12,14,15,16,17,20,22,23
1839,10,1,2,4,5,6,10,12,13,14,17,18,22,23,25
1840,1,6,7,9,10,11,14,15,17,18,19,20,22,23,24
1840,2,1,2,3,6,11,12,14,18,19,20,22,23,24,25
1840,3,2,3,4,5,6,9,10,11,12,14,18,19,20,24
1840,4,2,3,4,6,7,8,11,13,16,17,19,20,22,24
1840,5,1,2,4,5,6,8,9,10,11,12,17,21,22,23
1840,6,3,6,8,9,10,12,14,15,16,17,19,21,22,23
1840,7,2,5,6,9,10,13,15,16,18,19,20,21,23,24
1840,8,1,2,3,4,5,7,12,14,15,16,20,22,23,24
1840,9,1,4,5,6,7,8,12,14,16,18,19,20,21,24
1840,10,1,2,6,11,12,13,14,15,18,19,21,22,24,25
1841,1,1,2,3,6,7,9,10,11,13,15,17,18,20,22
1841,2,1,2,4,6,12,13,14,15,16,17,18,19,24,25
1841,3,1,3,4,5,7,8,12,14,15,18,19,20,24,25
1841,4,3,4,6,7,8,13,14,16,17,18,19,21,23,25
1841,5,1,2,5,7,8,10,11,13,18,19,21,22,23,24
1841,6,6,7,8,9,10,12,13,17,19,20,21,23,24,25
1841,7,2,4,5,6,7,9,10,13,14,15,16,18,23,24
1841,8,1,2,3,5,6,8,9,12,15,16,19,22,23,24
1841,9,2,3,4,5,8,9,10,16,17,18,20,21,22,25
1841,10,1,2,3,6,7,9,10,11,14,15,16,17,22,23
1842,1,1,3,4,5,6,8,9,12,14,15,18,19,20,23
1842,2,1,3,6,8,9,10,11,12,17,19,20,22,23,24
1842,3,3,5,6,9,10,13,14,15,16,20,21,22,23,25
1842,4,1,3,5,6,12,13,14,17,18,19,20,21,22,23
1842,5,3,4,6,7,9,10,12,14,16,18,19,20,22,23
1842,6,1,2,4,5,9,11,12,14,15,17,19,20,22,23
1842,7,2,5,6,8,10,11,13,15,16,17,18,20,23,25
1842,8,3,4,5,6,8,9,13,14,15,16,18,20,23,25
1842,9,1,4,8,10,11,12,14,15,16,18,19,20,22,23
1842,10,1,2,3,5,6,7,8,13,14,18,19,22,23,24
1843,1,1,3,4,5,7,10,11,13,14,16,17,18,20,21
1843,2,1,3,5,6,7,8,10,11,13,14,16,18,24,25
1843,3,1,2,3,4,5,6,8,10,13,17,18,19,22,25
1843,4,2,3,6,7,8,10,13,14,17,19,20,21,24,25
1843,5,1,2,3,7,10,13,14,15,16,20,21,22,23,24
1843,6,1,3,4,5,6,8,9,10,11,13,14,15,20,25
1843,7,1,3,4,10,11,12,13,14,15,21,22,23,24,25
1843,8,1,2,5,6,8,9,11,12,15,17,19,20,24,25
1843,9,1,8,10,13,14,15,16,17,18,20,21,23,24,25
1843,10,6,9,11,12,13,14,15,17,18,19,21,22,23,24
1844,1,7,8,11,13,14,15,17,18,19,20,21,22,23,24
1844,2,3,4,5,6,7,9,10,18,19,20,22,23,24,25
1844,3,1,2,4,8,9,10,13,16,17,19,21,22,23,25
1844,4,1,3,4,5,7,12,14,15,16,17,18,19,20,24
1844,5,4,5,6,8,11,12,13,17,19,21,22,23,24,25
1844,6,4,5,6,8,9,11,12,13,14,18,19,21,22,23
1844,7,1,3,5,6,7,8,9,10,16,17,20,21,23,24
1844,8,2,6,8,10,12,13,15,17,18,20,21,23,24,25
1844,9,2,7,8,9,10,14,15,16,17,18,20,22,24,25
1844,10,1,2,3,4,5,6,9,10,11,16,18,22,23,25
1845,1,1,3,4,5,6,9,10,11,16,19,22,23,24,25
1845,2,1,2,3,4,7,9,11,14,16,17,20,22,23,25
1845,3,4,5,6,7,8,13,14,16,17,18,20,21,22,24
1845,4,5,7,8,10,11,12,14,16,17,19,21,23,24,25
1845,5,1,2,3,4,5,6,9,12,16,18,20,22,24,25
1845,6,1,5,6,7,8,9,10,11,15,16,17,19,22,23
1845,7,2,3,5,6,10,11,13,14,15,16,17,18,20,24
1845,8,4,5,7,11,12,13,14,16,17,20,21,22,23,25
1845,9,1,3,4,7,9,10,14,15,16,17,18,21,22,23
1845,10,2,3,4,5,6,7,9,12,13,15,19,20,21,22
1846,1,1,3,4,5,6,9,10,12,15,16,19,20,24,25
1846,2,1,2,6,7,9,13,14,17,18,19,20,22,23,25
1846,3,2,3,4,6,11,12,13,15,17,20,21,23,24,25
1846,4,2,3,4,5,7,8,10,13,17,20,22,23,24,25
1846,5,1,3,7,8,9,10,12,15,16,17,19,20,21,25
1846,6,2,3,4,5,6,7,13,16,17,18,20,22,23,24
1846,7,4,7,8,9,10,13,14,15,16,17,18,19,20,22
1846,8,1,5,6,7,8,9,11,12,14,15,18,19,20,22
1846,9,1,3,5,6,8,9,10,12,14,16,18,21,23,25
1846,10,2,3,4,5,7,9,11,17,18,19,21,22,24,25
1847,1,2,3,5,6,7,9,10,11,12,16,19,20,22,24
1847,2,2,3,4,7,8,10,11,13,14,15,16,19,21,22
1847,3,2,4,7,8,9,11,13,14,16,18,22,23,24,25
1847,4,1,4,6,7,8,10,11,12,13,14,16,17,19,25
1847,5,1,2,3,4,7,10,12,14,18,19,20,21,23,25
1847,6,2,3,6,7,8,9,10,11,16,17,20,21,23,24
1847,7,1,3,7,8,10,11,13,14,15,16,18,19,20,23
1847,8,1,3,4,6,7,8,9,12,15,16,21,22,24,25
1847,9,1,3,4,6,7,9,10,11,16,18,19,20,21,23
1847,10,1,2,3,5,8,9,10,13,14,15,17,22,23,24
1848,1,1,3,4,5,7,8,10,12,15,16,17,18,21,25
1848,2,1,3,4,6,7,10,11,14,18,19,21,22,24,25
1848,3,2,3,4,6,7,10,11,12,13,15,16,18,21,23
1848,4,4,5,9,11,12,14,15,16,17,18,19,21,22,23
1848,5,2,3,4,5,6,7,10,11,14,15,17,19,21,23
1848,6,2,5,7,8,12,13,14,15,16,17,18,19,21,23
1848,7,3,4,5,8,10,11,13,16,18,20,21,22,24,25
1848,8,1,3,4,6,7,8,9,13,14,15,17,19,20,25
1848,9,1,3,6,10,12,13,16,18,19,20,21,23,24,25
1848,10,2,3,4,5,6,7,8,9,10,11,14,17,21,24
1849,1,2,3,4,5,6,7,10,11,12,13,16,17,18,25
1849,2,2,3,5,6,9,11,12,15,18,19,20,21,22,25
1849,3,1,2,3,4,8,11,13,14,16,17,18,20,21,23
1849,4,2,3,5,7,8,9,10,12,16,18,19,21,24,25
1849,5,1,2,4,5,6,9,12,13,14,16,17,18,20,25
1849,6,2,3,4,9,10,11,12,13,14,16,17,18,21,23
1849,7,2,3,5,8,9,13,14,15,16,19,20,22,23,25
1849,8,1,2,3,4,5,9,12,14,16,19,21,22,24,25
1849,9,1,3,4,7,8,9,11,14,15,16,18,20,23,25
1849,10,2,3,4,7,8,11,14,15,17,18,19,20,21,23
1850,1,1,2,5,6,8,9,10,14,15,16,17,19,22,24
1850,2,2,3,7,8,10,11,12,16,17,18,19,20,22,24
1850,3,1,3,5,6,7,9,10,11,13,16,19,20,21,22
1850,4,3,5,6,7,10,11,12,13,15,18,21,23,24,25
1850,5,1,3,4,5,8,9,10,11,13,16,19,20,21,25
1850,6,1,2,3,4,5,14,15,16,18,19,20,21,24,25
1850,7,2,4,5,6,9,12,13,14,15,18,20,23,24,25
1850,8,1,2,5,6,7,10,12,13,15,16,17,21,22,24
1850,9,2,4,8,9,10,12,13,14,16,18,19,20,21,25
1850,10,3,4,5,6,7,9,12,13,15,16,19,21,23,25
1851,1,3,4,5,7,8,12,13,14,16,17,18,19,23,24
1851,2,1,3,5,6,11,12,13,14,17,18,20,22,23,24
1851,3,1,2,3,7,8,9,11,13,16,19,20,21,23,24
1851,4,1,2,3,7,9,10,11,12,15,17,18,22,23,25
1851,5,1,2,3,4,5,9,12,14,17,18,20,21,22,25
1851,6,2,3,5,7,9,10,12,13,14,17,18,21,24,25
1851,7,1,3,4,6,7,8,11,14,15,20,21,22,23,25
1851,8,1,3,5,6,7,8,10,11,16,18,20,21,22,23
1851,9,2,3,5,6,9,16,17,18,19,20,21,23,24,25
1851,10,1,3,5,7,10,12,13,16,18,19,21,23,24,25
1852,1,2,3,5,6,10,11,14,16,18,19,20,22,23,25
1852,2,1,2,3,6,7,8,9,11,13,15,16,18,19,22
1852,3,2,4,6,9,10,12,14,15,16,19,21,22,24,25
1852,4,1,3,5,6,7,8,9,12,13,14,16,19,20,24
1852,5,1,2,3,6,8,9,11,12,13,15,18,19,21,24
1852,6,1,2,3,7,9,10,11,12,13,15,19,20,23,25
1852,7,1,2,3,4,6,7,14,15,16,17,19,20,21,22
1852,8,2,3,4,7,10,11,12,13,17,18,19,21,23,24
1852,9,4,5,7,9,10,12,13,14,16,17,19,20,21,22
1852,10,2,4,10,12,14,15,16,17,19,20,21,22,23,25
1853,1,1,3,4,5,6,8,10,12,13,14,19,20,21,23
1853,2,1,2,4,5,9,10,12,15,16,18,20,21,23,25
1853,3,2,3,7,8,9,10,11,12,14,15,17,22,23,24
1853,4,1,2,3,6,9,10,12,13,17,19,20,21,23,25
1853,5,2,3,5,6,7,11,12,14,15,17,19,21,23,25
1853,6,3,5,6,8,11,12,13,15,16,18,19,20,22,23
1853,7,1,3,4,5,6,8,9,10,12,14,15,20,22,23
1853,8,1,4,6,9,10,11,12,13,15,17,18,20,22,25
1853,9,1,2,4,5,6,9,10,12,14,17,20,22,24,25
1853,10,1,2,3,4,5,6,12,13,15,17,18,20,23,25
1854,1,2,4,5,8,9,10,11,13,14,15,17,20,23,24
1854,2,1,2,5,7,8,10,11,13,14,15,16,19,22,25
1854,3,1,2,3,4,7,12,14,15,16,17,18,19,20,24
1854,4,1,4,5,6,7,8,10,13,14,15,17,18,21,25
1854,5,1,2,4,5,7,9,11,12,14,16,17,18,20,25
1854,6,2,3,4,6,7,10,12,14,17,18,19,22,23,25
1854,7,1,2,4,5,6,8,9,12,13,15,16,17,20,21
1854,8,2,4,5,6,7,8,10,11,12,14,17,19,20,23
1854,9,3,4,6,7,10,11,14,15,16,18,21,22,23,24
1854,10,1,2,3,4,5,7,8,9,11,15,18,20,23,24
1855,1,2,5,6,7,9,10,14,15,17,18,21,22,23,24
1855,2,1,2,6,7,8,9,10,12,14,18,19,20,23,25
1855,3,1,6,7,8,9,11,15,18,19,20,22,23,24,25
1855,4,1,2,4,6,7,8,10,11,12,13,17,19,23,25
1855,5,2,3,6,8,10,11,12,13,14,15,18,23,24,25
1855,6,1,2,3,6,7,9,10,11,13,14,15,21,22,23
1855,7,1,2,4,8,9,10,11,14,15,19,20,21,22,25
1855,8,1,3,4,6,8,9,10,12,13,14,16,19,22,25
1855,9,2,6,8,11,12,13,15,16,18,21,22,23,24,25
1855,10,1,2,3,6,8,9,10,12,16,17,19,20,22,25
1856,1,2,4,5,7,8,10,11,15,18,19,21,22,23,25
1856,2,5,6,8,9,11,12,13,15,16,18,19,21,22,24
1856,3,2,4,8,13,14,15,16,17,18,21,22,23,24,25
1856,4,1,2,4,5,7,10,11,14,15,20,22,23,24,25
1856,5,1,2,5,7,9,10,11,13,15,16,18,19,23,25
1856,6,1,6,7,9,10,11,12,13,14,19,21,23,24,25
1856,7,2,4,6,7,8,9,10,11,12,14,16,17,19,20
1856,8,2,4,5,8,12,13,14,17,18,19,20,21,23,24
1856,9,2,3,5,6,7,9,11,12,14,17,18,20,21,23
1856,10,1,4,7,8,10,13,14,18,19,20,21,22,23,24
1857,1,2,3,4,7,9,10,12,13,15,16,17,19,22,24
1857,2,1,4,7,8,9,11,14,15,17,18,19,22,23,24
1857,3,1,2,3,4,5,7,8,9,15,17,18,19,20,22
1857,4,2,7,8,10,11,14,15,16,18,20,22,23,24,25
1857,5,1,2,4,5,8,12,16,18,19,20,21,22,24,25
1857,6,1,2,3,5,8,9,10,11,13,15,16,19,22,25
1857,7,2,4,6,8,9,10,11,13,15,17,18,20,21,25
1857,8,5,6,7,8,9,12,13,14,17,18,19,21,22,25
1857,9,2,4,5,6,8,9,14,15,18,19,20,21,22,24
1857,10,1,2,3,4,5,6,12,13,16,17,19,21,24,25
1858,1,1,3,6,7,8,9,10,13,18,20,21,22,23,24
1858,2,3,5,7,8,10,11,12,14,15,17,19,21,24,25
1858,3,3,5,6,8,9,11,12,13,14,17,18,21,22,23
1858,4,2,3,7,9,13,14,15,16,17,18,19,21,22,25
1858,5,2,5,6,7,10,11,12,13,14,18,19,20,21,22
1858,6,1,3,4,5,7,10,12,13,14,16,17,19,22,24
1858,7,2,4,8,9,10,11,14,15,16,18,19,20,24,25
1858,8,1,3,4,6,9,12,13,14,16,17,19,22,24,25
1858,9,2,3,4,5,8,9,10,11,13,15,16,19,20,22
1858,10,1,6,9,12,13,14,15,16,18,19,20,21,23,25
1859,1,1,3,7,8,10,11,12,13,14,15,16,17,21,23
1859,2,2,3,4,7,10,11,12,15,16,17,19,20,21,25
1859,3,2,3,5,6,11,12,13,14,16,17,18,19,20,25
1859,4,1,6,8,11,12,14,15,18,19,20,21,22,24,25
1859,5,1,2,3,5,7,8,12,14,16,17,20,21,22,24
1859,6,1,5,7,8,10,13,14,15,16,17,18,19,21,22
1859,7,1,3,5,7,8,11,12,13,14,16,17,19,23,24
1859,8,1,2,3,5,6,7,12,13,14,15,17,19,24,25
1859,9,1,3,4,5,7,8,11,14,15,16,22,23,24,25
1859,10,1,2,5,9,10,11,14,15,17,19,20,21,24,25
1860,1,2,3,4,7,8,9,12,14,15,16,19,22,23,24
1860,2,2,4,6,7,11,13,14,15,17,20,22,23,24,25
1860,3,1,4,6,8,10,12,13,15,19,20,21,22,23,25
1860,4,3,4,5,6,10,11,12,13,14,16,18,20,22,23
1860,5,3,6,8,9,12,15,16,17,19,20,21,22,23,24
1860,6,2,3,4,6,7,8,9,12,13,14,16,17,18,21
1860,7,4,5,6,7,8,9,10,14,17,20,21,22,23,25
1860,8,1,2,3,4,6,9,10,15,17,18,20,21,22,25
1860,9,2,3,4,6,7,8,9,10,12,17,20,21,24,25
1860,10,1,6,8,9,10,11,12,13,14,15,17,21,24,25
1861,1,2,5,6,9,11,13,15,17,18,19,20,21,23,25
1861,2,1,2,3,4,5,8,10,13,14,15,17,21,23,24
1861,3,1,2,4,6,8,10,11,15,16,18,19,20,23,24
1861,4,2,3,4,5,8,9,13,16,17,18,20,21,22,23
1861,5,5,6,7,8,9,10,14,15,16,17,19,20,22,24
1861,6,1,5,6,7,9,10,11,14,15,17,18,19,22,23
1861,7,2,3,5,6,9,10,11,13,15,17,19,20,21,23
1861,8,1,7,8,10,13,17,18,19,20,21,22,23,24,25
1861,9,2,3,5,6,7,13,14,15,16,19,21,22,24,25
1861,10,3,4,6,8,9,10,11,14,17,19,20,21,22,23
1862,1,3,4,5,6,9,13,14,15,16,17,18,19,20,25
1862,2,1,4,5,6,7,8,9,10,15,16,17,21,24,25
1862,3,1,2,5,7,8,11,12,13,16,18,20,22,23,25
1862,4,1,2,3,6,10,12,13,14,15,16,17,20,22,23
1862,5,1,2,5,7,8,9,10,11,12,13,16,20,21,24
1862,6,8,9,12,13,14,15,17,18,19,20,22,23,24,25
1862,7,2,3,4,6,7,10,13,15,18,20,21,22,24,25
1862,8,1,2,4,5,7,8,12,13,14,17,19,20,21,24
1862,9,1,4,6,8,9,12,13,14,15,18,19,20,22,25
1862,10,2,4,5,7,9,11,12,16,17,18,20,21,22,23
1863,1,3,5,6,8,9,10,11,13,14,15,18,19,21,23
1863,2,2,4,6,7,8,11,14,15,17,19,22,23,24,25
1863,3,1,4,6,8,9,12,13,14,16,17,18,20,21,25
1863,4,2,3,4,8,9,11,12,13,15,17,19,22,24,25
1863,5,2,3,4,8,9,11,12,13,14,17,22,23,24,25
1863,6,1,2,4,7,8,9,10,13,14,15,16,19,22,25
1863,7,2,3,4,5,6,8,10,11,13,16,17,19,21,23
1863,8,4,6,7,9,10,13,14,15,16,19,21,22,24,25
1863,9,3,5,8,9,10,11,13,15,16,19,21,22,23,25
1863,10,5,6,8,9,10,12,13,14,15,17,19,22,24,25
1864,1,1,2,6,8,10,12,13,15,16,17,20,23,24,25
1864,2,1,2,3,4,6,7,8,9,10,11,15,17,18,22
1864,3,1,4,5,7,8,15,16,17,18,19,20,21,23,24
1864,4,1,2,4,7,9,10,12,14,16,17,18,21,22,24
1864,5,1,2,3,6,7,11,13,15,17,18,19,22,23,25
1864,6,1,2,3,4,5,6,8,9,10,13,14,17,19,25
1864,7,1,3,4,7,11,15,18,19,20,21,22,23,24,25
1864,8,1,2,3,4,6,8,9,12,14,15,17,18,20,22
1864,9,1,2,3,5,6,9,10,13,14,16,17,19,21,22
1864,10,3,4,6,10,12,13,16,17,18,20,21,22,24,25
1865,1,1,2,4,5,7,9,14,15,17,19,20,21,22,24
1865,2,1,2,3,8,11,13,14,15,18,19,20,21,24,25
1865,3,1,2,5,6,8,10,12,13,14,15,17,21,24,25
1865,4,2,4,5,7,8,13,14,17,18,19,20,21,23,25
1865,5,4,5,8,11,14,15,16,17,19,20,22,23,24,25
1865,6,2,3,4,5,7,9,11,13,14,15,19,21,22,25
1865,7,3,4,5,6,7,8,9,10,13,14,18,20,21,25
1865,8,2,6,8,10,11,12,13,14,15,16,17,19,20,22
1865,9,1,4,7,11,12,13,15,16,18,19,20,21,24,25
1865,10,3,7,8,9,11,12,13,15,16,17,18,20,22,23
1866,1,1,2,3,4,5,12,15,16,18,20,21,22,23,25
1866,2,2,3,5,6,10,11,14,16,17,18,19,22,23,24
1866,3,2,5,6,7,8,9,10,12,14,17,18,21,23,25
1866,4,1,3,9,11,13,14,15,16,17,18,19,20,21,24
1866,5,3,5,7,9,10,11,12,14,16,17,21,22,23,25
1866,6,1,2,3,7,8,9,14,16,17,18,19,22,23,25
1866,7,2,3,4,5,7,9,14,15,17,18,19,20,22,23
1866,8,1,4,5,6,7,9,11,14,15,16,18,21,22,23
1866,9,3,4,5,7,9,10,11,12,15,17,18,20,21,24
1866,10,1,3,5,6,7,8,10,11,13,15,16,20,21,25
1867,1,1,3,5,7,10,12,13,14,15,17,18,21,24,25
1867,2,1,2,4,5,6,7,10,11,12,15,16,17,22,23
1867,3,2,3,5,6,7,9,10,11,14,15,18,19,21,24
1867,4,3,5,8,10,11,12,14,15,17,20,21,22,23,25
1867,5,1,4,6,9,11,13,16,18,19,20,21,22,23,24
1867,6,3,4,5,7,8,9,13,15,16,17,18,20,21,25
1867,7,5,6,7,9,10,11,12,13,14,15,17,19,24,25
1867,8,1,2,3,5,8,9,10,13,17,18,21,22,23,24
1867,9,2,4,5,6,8,9,10,11,12,14,16,22,24,25
1867,10,2,6,7,9,13,14,15,18,20,21,22,23,24,25
1868,1,2,3,4,5,6,7,10,14,15,17,19,22,23,24
1868,2,3,4,5,6,7,9,11,14,15,16,17,19,21,25
1868,3,3,4,7,10,12,14,15,17,18,19,22,23,24,25
1868,4,1,3,6,8,11,12,13,15,16,18,20,21,24,25
1868,5,1,2,4,5,6,7,11,13,14,16,17,21,24,25
1868,6,1,2,4,5,6,8,10,14,15,16,17,19,23,25
1868,7,1,2,4,6,8,9,10,11,13,14,16,21,23,25
1868,8,1,5,6,7,8,9,10,11,12,13,15,20,21,25
1868,9,1,2,5,7,10,11,12,14,16,18,19,21,24,25
1868,10,1,2,3,4,6,7,8,11,12,15,16,18,19,24
1869,1,1,3,4,7,9,10,13,15,16,17,18,20,21,23
1869,2,4,6,7,9,11,16,17,18,19,21,22,23,24,25
1869,3,6,7,8,11,12,13,15,16,17,18,19,23,24,25
1869,4,2,3,5,9,10,12,13,15,16,17,18,21,23,25
1869,5,1,2,3,5,9,11,13,14,18,19,20,21,23,25
1869,6,1,4,6,8,9,10,12,13,14,15,16,19,22,23
1869,7,2,4,6,7,10,11,16,17,18,20,21,22,23,25
1869,8,2,3,4,6,9,10,11,12,13,14,17,18,19,24
1869,9,1,2,6,7,8,13,14,16,17,19,20,21,23,25
1869,10,1,5,6,8,9,11,16,17,18,19,21,22,24,25
1870,1,1,3,5,8,9,12,14,15,16,19,20,21,23,24
1870,2,2,3,5,7,9,10,13,14,16,18,19,21,23,25
1870,3,1,4,5,6,8,9,11,12,16,17,19,22,23,24
1870,4,3,5,10,11,12,13,14,15,17,18,20,21,23,24
1870,5,1,2,3,4,5,16,17,19,20,21,22,23,24,25
1870,6,1,2,3,4,5,8,10,11,13,14,15,19,21,25
1870,7,1,4,6,7,8,10,11,16,17,19,20,21,23,25
1870,8,1,2,3,5,6,11,12,15,16,17,20,21,22,24
1870,9,1,3,5,6,8,9,11,15,17,19,20,21,22,24
1870,10,3,4,5,7,9,10,15,16,17,18,19,21,23,24
1871,1,1,3,6,8,10,13,15,16,17,19,20,22,23,24
1871,2,3,4,8,9,10,11,13,14,16,17,18,20,23,24
1871,3,1,2,3,7,8,9,10,12,18,19,22,23,24,25
1871,4,1,2,6,7,8,9,12,13,14,16,18,20,23,25
1871,5,1,2,3,4,6,8,9,10,12,18,19,22,23,24
1871,6,1,2,4,6,8,9,10,12,17,18,20,21,22,23
1871,7,1,5,6,7,8,9,10,12,13,17,18,19,20,25
1871,8,5,6,7,8,9,10,11,12,13,17,18,19,20,23
1871,9,2,4,8,9,11,12,13,14,15,17,18,19,20,22
1871,10,2,6,8,10,11,13,14,15,16,17,18,19,22,24
1872,1,2,4,5,7,8,9,11,13,16,17,19,21,22,24
1872,2,1,2,3,5,6,9,10,11,12,13,20,21,22,25
1872,3,1,3,6,10,13,15,16,17,18,19,21,22,24,25
1872,4,2,4,6,8,10,11,12,13,15,16,19,21,23,25
1872,5,1,2,5,6,8,9,12,13,14,19,20,22,23,25
1872,6,1,4,7,8,9,11,12,15,16,17,18,20,21,25
1872,7,2,8,9,10,11,12,15,16,17,18,19,20,24,25
1872,8,1,3,4,5,6,8,9,11,15,19,20,23,24,25
1872,9,2,3,4,5,9,10,12,13,14,15,19,21,23,24
1872,10,4,6,7,8,9,10,11,12,13,18,19,22,24,25
1873,1,1,3,4,5,6,7,9,11,16,18,20,22,24,25
1873,2,1,2,4,5,7,8,9,10,12,13,19,20,22,23
1873,3,1,2,3,4,6,8,9,11,14,15,19,22,23,25
1873,4,1,2,6,7,8,10,11,13,14,19,20,22,23,25
1873,5,1,4,5,6,7,8,15,16,17,20,21,22,23,24
1873,6,1,2,3,4,5,8,10,11,14,17,18,19,21,24
1873,7,1,5,7,9,10,11,13,17,18,19,22,23,24,25
1873,8,1,3,5,8,9,11,12,14,15,16,17,18,20,25
1873,9,3,5,6,7,8,9,11,12,13,14,17,18,20,24
1873,10,3,5,7,8,10,11,12,13,14,15,19,22,23,24
1874,1,2,3,5,6,8,9,10,11,12,14,15,16,21,22
1874,2,3,4,5,6,7,11,13,14,16,19,20,21,23,24
1874,3,3,6,7,8,10,12,13,14,16,18,19,21,22,23
1874,4,3,4,5,8,10,11,12,14,15,16,17,20,23,24
1874,5,2,3,4,5,7,8,11,12,13,15,20,21,22,25
1874,6,2,3,4,6,7,13,14,16,17,20,21,22,24,25
1874,7,1,2,3,5,9,10,11,12,15,17,20,21,24,25
1874,8,1,4,6,7,8,9,12,15,16,17,21,23,24,25
1874,9,1,3,4,5,8,9,11,12,13,16,19,20,22,23
1874,10,1,2,4,6,9,11,12,13,14,15,17,19,21,24
1875,1,1,2,4,7,8,10,11,12,13,14,16,21,23,25
1875,2,3,5,8,9,10,11,12,13,14,15,17,20,22,25
1875,3,3,4,6,7,9,12,13,14,16,18,20,23,24,25
1875,4,3,5,6,8,10,11,13,14,16,20,21,22,23,25
1875,5,2,3,4,5,7,12,14,15,16,17,18,21,22,25
1875,6,3,5,6,7,9,10,11,13,16,17,18,21,22,24
1875,7,2,3,6,7,8,9,13,15,17,18,19,23,24,25
1875,8,1,2,3,4,5,8,9,10,14,18,19,21,22,24
1875,9,1,2,3,8,11,12,15,16,17,18,20,21,22,25
1875,10,1,3,5,7,8,11,14,15,17,20,21,22,24,25
1876,1,2,4,5,6,7,8,11,15,16,18,19,20,22,23
1876,2,1,2,7,8,10,15,17,19,20,21,22,23,24,25
1876,3,1,5,6,7,9,10,12,17,18,19,20,23,24,25
1876,4,4,6,7,8,9,11,13,15,17,18,19,23,24,25
1876,5,1,2,3,6,7,8,12,13,17,18,19,21,23,24
1876,6,1,2,5,6,7,8,10,15,16,17,19,22,24,25
1876,7,1,2,5,7,8,10,11,13,16,19,20,21,23,24
1876,8,2,4,6,7,8,9,11,12,14,15,18,20,23,24
1876,9,1,3,5,7,8,10,12,14,16,17,19,22,23,24
1876,10,1,6,7,8,10,12,17,19,20,21,22,23,24,25
1877,1,4,5,6,7,8,9,10,12,14,19,20,22,24,25
1877,2,1,3,6,8,9,10,13,15,16,18,19,20,23,25
1877,3,1,3,4,7,8,9,11,13,14,15,17,20,21,25
1877,4,1,2,3,6,7,10,11,14,15,16,17,18,19,20
1877,5,2,3,4,6,7,8,9,10,11,13,15,18,20,21
1877,6,3,4,5,8,10,12,13,14,18,20,21,23,24,25
1877,7,1,2,4,5,6,7,8,9,10,11,12,13,16,19
1877,8,4,9,10,11,12,13,14,15,18,20,21,23,24,25
1877,9,1,5,7,8,11,12,14,17,18,21,22,23,24,25
1877,10,2,5,6,7,8,9,12,15,17,18,19,21,23,25
1878,1,1,8,9,11,12,14,15,16,17,18,19,20,22,23
1878,2,2,3,5,11,13,14,15,16,17,18,19,20,23,24
1878,3,2,4,6,7,8,10,11,13,18,19,20,21,24,25
1878,4,2,4,9,10,11,12,14,16,18,19,20,21,22,24
1878,5,2,3,4,5,9,11,12,14,15,17,18,19,21,22
1878,6,1,4,6,7,8,9,10,11,12,18,19,20,23,24
1878,7,1,4,5,7,9,11,14,16,17,18,19,21,23,25
1878,8,1,3,4,6,8,9,10,13,14,18,19,20,22,24
1878,9,1,3,4,5,6,7,8,10,12,15,16,21,22,23
1878,10,7,9,10,11,13,14,15,16,17,18,19,20,22,24
1879,1,2,3,4,6,9,10,11,12,13,16,17,20,21,25
1879,2,3,5,6,7,8,9,10,12,15,18,19,20,22,25
1879,3,2,3,5,7,9,11,14,16,17,18,20,21,23,24
1879,4,4,6,7,8,11,12,13,15,16,17,18,19,21,24
1879,5,4,6,8,9,10,11,16,18,20,21,22,23,24,25
1879,6,3,4,5,6,7,12,14,15,16,17,19,20,21,25
1879,7,2,4,7,8,10,12,13,15,16,17,18,19,24,25
1879,8,1,3,4,6,11,12,14,15,16,18,20,21,24,25
1879,9,3,5,7,9,11,12,13,14,16,17,21,22,23,24
1879,10,1,2,3,7,8,9,11,12,14,16,18,20,24,25
1880,1,2,3,4,6,8,9,10,11,16,17,21,22,23,24
1880,2,3,5,6,8,9,10,16,17,19,20,21,23,24,25
1880,3,2,5,6,7,8,10,11,12,13,15,16,18,19,24
1880,4,1,3,6,7,9,10,12,13,14,18,19,20,21,22
1880,5,1,4,5,7,8,10,11,12,13,14,15,20,22,23
1880,6,3,4,6,8,9,10,11,12,15,16,17,19,21,23
1880,7,1,2,5,6,7,10,12,13,16,17,18,19,24,25
1880,8,4,7,8,10,13,14,15,16,17,20,21,22,24,25
1880,9,1,2,3,4,7,10,11,13,15,16,17,19,24,25
1880,10,2,4,6,9,10,12,13,14,15,16,17,18,19,20
1881,1,1,2,5,7,11,13,17,18,19,20,21,22,24,25
1881,2,1,2,3,4,6,10,11,12,15,17,19,20,22,23
1881,3,1,2,4,5,6,7,8,9,10,12,14,15,16,19
1881,4,3,4,5,7,8,9,12,15,16,19,20,21,24,25
1881,5,1,2,3,4,12,13,14,15,16,17,19,20,23,24
1881,6,1,2,3,7,9,11,13,16,18,19,21,22,23,24
1881,7,1,2,4,5,11,13,14,15,16,17,18,19,21,25
1881,8,3,7,8,9,11,12,13,16,17,20,22,23,24,25
1881,9,1,2,6,7,8,11,12,13,15,16,19,21,22,25
1881,10,1,4,6,8,9,11,12,13,15,16,18,19,22,25
1882,1,2,3,4,6,7,10,11,12,14,15,18,21,22,23
1882,2,1,2,7,8,9,10,13,15,18,19,21,22,23,24
1882,3,1,3,7,9,10,11,12,14,15,17,18,20,23,25
1882,4,3,5,8,10,12,13,14,17,18,19,20,21,22,25
1882,5,1,3,6,8,10,11,14,15,17,18,19,23,24,25
1882,6,1,3,4,5,7,10,13,16,17,18,19,21,22,24
1882,7,1,2,4,5,6,9,10,11,13,15,16,19,24,25
1882,8,1,2,4,5,6,8,10,11,17,18,19,20,22,25
1882,9,1,2,4,5,6,10,11,13,14,17,21,22,24,25
1882,10,2,4,7,8,11,12,13,15,16,17,18,19,23,25
1883,1,2,3,5,6,7,8,9,11,13,17,19,20,21,23
1883,2,1,3,4,5,7,8,13,15,16,17,18,19,23,25
1883,3,1,2,3,5,6,7,9,10,11,14,16,17,20,23
1883,4,1,5,8,9,11,12,13,14,15,16,17,18,21,22
1883,5,2,3,4,6,9,14,15,16,17,18,19,20,21,25
1883,6,1,3,4,8,10,11,15,16,17,18,20,21,22,24
1883,7,3,5,6,7,12,13,14,15,16,17,18,19,20,25
1883,8,1,2,5,6,7,9,12,14,15,16,17,18,21,23
1883,9,1,2,5,6,7,8,9,11,14,19,21,22,24,25
1883,10,2,4,5,6,7,15,16,18,19,21,22,23,24,25
1884,1,1,2,4,5,10,11,12,13,15,16,20,21,22,24
1884,2,1,5,6,7,8,13,14,15,16,19,20,22,24,25
1884,3,1,3,8,10,12,13,15,17,19,20,21,22,23,25
1884,4,3,4,6,8,9,10,11,13,14,15,17,21,24,25
1884,5,2,3,4,7,10,11,12,13,14,15,16,17,20,25
1884,6,1,3,4,5,6,9,10,11,12,15,16,19,22,23
1884,7,1,2,3,4,6,7,9,10,13,16,17,18,22,23
1884,8,1,2,3,5,9,10,11,12,13,14,17,23,24,25
1884,9,1,3,5,7,10,12,14,15,17,18,20,21,22,23
1884,10,1,2,6,7,8,11,12,13,16,18,19,21,22,25
1885,1,3,5,7,8,10,13,15,16,18,20,21,22,24,25
1885,2,1,2,4,5,6,7,13,15,17,19,20,22,23,25
1885,3,1,2,3,4,6,11,12,14,17,18,20,21,23,25
1885,4,4,6,8,10,11,12,13,14,15,16,17,19,20,23
1885,5,1,2,3,5,6,7,9,11,14,15,19,22,24,25
1885,6,1,5,6,9,10,12,15,16,17,18,19,20,21,23
1885,7,3,7,8,10,11,13,16,17,20,21,22,23,24,25
1885,8,1,4,5,8,9,13,14,16,17,18,19,21,23,24
1885,9,3,4,5,6,7,9,11,12,13,14,16,17,23,25
1885,10,5,7,10,11,12,13,14,16,17,20,21,23,24,25
1886,1,1,3,5,6,7,13,15,17,18,19,20,21,24,25
1886,2,1,2,5,10,12,14,15,16,17,18,20,21,22,23
1886,3,2,3,4,7,10,11,13,14,15,16,18,19,20,25
1886,4,4,5,6,7,10,13,14,15,16,17,20,22,23,24
1886,5,1,2,3,5,9,10,11,14,16,18,19,20,23,25
1886,6,1,3,4,5,6,8,10,12,13,15,16,17,18,24
1886,7,3,6,7,8,9,10,11,12,13,14,15,16,22,25
1886,8,1,2,3,5,7,11,12,13,16,17,18,20,23,24
1886,9,1,5,7,9,10,11,12,13,15,16,18,19,20,25
1886,10,1,3,6,7,8,9,11,12,14,18,20,23,24,25
1887,1,1,5,6,8,9,10,11,14,18,19,20,21,23,25
1887,2,1,6,8,9,10,12,14,16,17,18,19,20,21,25
1887,3,1,2,6,7,9,11,13,14,16,17,18,19,21,22
1887,4,8,9,10,11,13,14,16,17,19,21,22,23,24,25
1887,5,2,3,4,5,8,10,11,13,18,19,20,21,23,25
1887,6,1,4,5,6,7,8,9,10,17,18,20,23,24,25
1887,7,1,2,3,5,6,8,9,10,11,13,14,18,21,22
1887,8,1,2,4,7,9,13,14,15,16,17,18,19,22,23
1887,9,1,3,4,5,7,9,10,14,16,20,21,22,23,24
1887,10,5,7,9,10,11,13,15,16,17,19,21,22,24,25
1888,1,2,3,4,7,8,9,10,12,16,19,20,22,24,25
1888,2,2,4,5,6,7,12,15,16,17,19,21,22,24,25
1888,3,2,3,5,6,8,9,12,15,18,20,21,23,24,25
1888,4,2,3,4,7,8,9,11,14,17,19,20,21,22,25
1888,5,2,4,5,7,8,9,11,12,16,18,20,22,23,25
1888,6,1,2,4,5,8,9,12,14,15,16,20,21,23,24
1888,7,2,3,8,9,10,11,13,15,16,17,18,20,22,23
1888,8,1,3,7,9,10,11,12,13,17,18,19,20,23,24
1888,9,1,6,7,8,10,11,12,14,15,17,21,22,24,25
1888,10,1,2,3,6,7,8,11,13,14,15,19,21,23,24
1889,1,1,3,4,5,6,7,8,11,13,14,16,19,21,25
1889,2,3,6,7,8,9,10,11,13,14,16,17,19,22,25
1889,3,1,4,5,10,11,13,16,17,18,19,20,21,24,25
1889,4,3,4,6,7,8,9,10,12,13,14,15,23,24,25
1889,5,2,3,4,5,6,7,9,11,13,14,16,18,21,22
1889,6,1,4,7,9,11,12,15,18,19,20,21,22,23,25
1889,7,1,2,4,5,6,7,12,13,14,16,20,21,22,25
1889,8,1,3,4,6,7,10,13,15,16,17,21,22,24,25
1889,9,1,4,6,7,9,10,13,14,15,16,17,21,23,24
1889,10,1,5,7,8,9,11,12,13,16,17,18,20,24,25
1890,1,1,7,8,9,10,11,16,18,19,20,21,22,24,25
1890,2,4,6,7,9,11,13,16,17,18,19,20,21,23,25
1890,3,1,2,3,5,6,8,10,15,17,18,19,22,24,25
1890,4,2,4,5,7,10,11,13,14,15,16,17,19,24,25
1890,5,1,2,3,5,8,9,14,16,18,19,20,22,24,25
1890,6,1,2,3,5,6,10,11,13,14,16,17,18,23,25
1890,7,1,3,5,6,8,10,11,13,18,19,20,23,24,25
1890,8,1,3,6,7,8,13,15,16,17,19,20,22,24,25
1890,9,1,2,4,6,7,8,10,12,13,14,16,17,21,24
1890,10,1,2,3,6,8,10,11,12,13,14,18,21,24,25
1891,1,1,2,3,4,5,8,9,13,15,18,20,22,24,25
1891,2,1,3,4,5,7,10,11,14,15,16,19,21,22,25
1891,3,1,2,3,4,6,8,9,13,14,15,19,21,23,24
1891,4,3,4,5,6,8,10,15,16,17,18,20,21,22,23
1891,5,4,5,6,7,11,12,14,15,16,21,22,23,24,25
1891,6,3,7,9,10,13,14,15,16,18,20,21,23,24,25
1891,7,2,3,4,5,6,8,9,11,12,13,20,21,23,25
1891,8,2,5,8,11,12,13,14,15,16,17,18,20,23,25
1891,9,3,4,6,7,8,10,11,13,14,15,16,18,20,25
1891,10,2,3,4,6,8,9,10,14,15,16,17,19,23,24
1892,1,3,4,5,7,8,9,10,13,18,20,21,22,23,25
1892,2,1,2,3,4,5,6,7,8,12,14,15,19,20,24
1892,3,3,4,7,8,9,11,12,14,15,16,19,21,24,25
1892,4,3,4,5,7,8,9,10,13,16,18,21,22,23,24
1892,5,1,3,5,6,7,10,11,13,15,16,19,21,22,25
1892,6,4,5,6,7,8,11,13,14,17,18,20,21,22,25
1892,7,2,4,6,11,13,14,16,17,18,19,21,22,24,25
1892,8,1,2,3,7,8,9,10,12,13,14,15,17,22,24
1892,9,3,5,6,7,8,11,12,13,14,15,19,22,23,25
1892,10,1,2,4,5,7,10,13,14,16,19,20,21,23,24
1893,1,2,4,7,8,9,15,16,17,19,20,22,23,24,25
1893,2,1,2,3,5,6,7,11,12,15,16,17,22,24,25
1893,3,1,4,5,6,7,8,11,12,13,14,17,22,23,24
1893,4,1,3,8,9,10,12,13,14,16,19,21,22,23,24
1893,5,1,2,3,4,5,6,11,15,16,17,18,20,23,24
1893,6,1,2,3,4,5,10,12,16,17,18,19,21,22,25
1893,7,2,3,4,6,7,9,10,11,16,18,19,20,22,24
1893,8,1,2,3,6,8,11,12,15,16,17,20,22,23,24
1894,1,2,3,4,5,6,8,9,10,12,15,17,20,22,25
1894,2,2,3,5,9,10,11,13,14,17,19,21,22,23,25
1894,3,1,3,5,6,7,8,9,11,12,16,17,18,20,23
1894,4,1,2,4,6,7,10,14,15,16,17,21,22,23,25
1894,5,1,3,4,5,7,8,9,12,14,16,19,20,23,25
1894,6,1,2,4,5,6,8,9,12,14,16,17,19,23,24
1894,7,1,3,4,5,6,7,8,11,12,13,16,18,21,23
1894,8,2,4,5,6,8,9,11,13,14,17,21,22,23,25
1895,1,2,4,6,7,8,10,12,13,14,18,19,20,21,24
1895,2,3,4,10,12,13,14,15,16,17,20,21,22,24,25
1895,3,1,3,4,5,9,10,12,13,14,16,20,22,23,25
1895,4,2,4,5,8,9,10,14,15,16,17,18,20,22,24
1895,5,1,3,4,7,12,13,16,17,18,19,20,21,23,24
1895,6,2,3,6,8,10,13,14,15,17,18,19,20,24,25
1895,7,1,2,3,4,6,7,8,11,12,14,15,20,22,23
1895,8,3,4,8,9,10,11,12,13,14,16,17,20,21,23
1896,1,3,4,5,6,8,9,10,13,14,16,19,20,21,23
1896,2,1,6,8,10,11,12,13,16,17,18,19,21,22,24
1896,3,4,6,7,8,11,12,13,14,15,16,19,21,22,25
1896,4,5,7,8,9,10,13,15,16,17,19,21,22,23,25
1896,5,1,2,3,5,6,7,8,10,15,17,18,20,21,23
1896,6,1,2,6,7,8,9,10,15,16,17,20,21,22,23
1896,7,3,4,6,7,9,13,14,15,17,18,19,20,21,22
1896,8,2,3,4,5,7,8,11,14,15,16,19,20,21,25
1897,1,3,6,7,8,10,11,12,13,17,19,20,21,24,25
1897,2,2,3,6,8,9,11,14,15,16,20,21,22,24,25
1897,3,1,2,4,6,7,8,11,13,14,16,22,23,24,25
1897,4,1,2,3,4,6,7,8,9,16,17,18,19,21,23
1897,5,1,3,4,9,12,15,16,18,19,21,22,23,24,25
1897,6,1,2,3,5,7,8,12,14,17,18,22,23,24,25
1897,7,2,4,6,7,8,11,13,14,18,19,20,21,22,25
1897,8,1,3,5,8,11,12,13,16,17,19,21,23,24,25
1898,1,1,2,3,4,5,8,9,10,12,13,15,16,20,24
1898,2,3,4,5,6,7,9,11,12,14,15,17,19,21,25
1898,3,2,3,5,6,7,8,12,14,16,17,19,21,24,25
1898,4,1,2,4,8,12,13,14,15,19,20,21,22,23,24
1898,5,1,4,9,11,12,13,15,16,18,19,20,22,23,24
1898,6,2,4,6,7,8,9,14,15,16,18,20,23,24,25
1898,7,2,3,6,7,8,10,12,13,14,15,18,19,20,25
1898,8,2,3,4,6,8,11,12,18,19,21,22,23,24,25
1899,1,2,6,8,9,11,12,15,16,17,20,21,22,23,24
1899,2,1,3,4,6,7,9,13,17,18,19,21,23,24,25
1899,3,5,7,8,9,10,11,14,15,16,17,18,19,21,25
1899,4,1,2,5,7,10,11,12,14,17,18,19,20,23,24
1899,5,2,3,4,5,6,9,12,15,16,20,21,22,23,25
1899,6,1,3,4,5,6,8,9,10,14,15,18,19,21,22
1899,7,4,7,8,9,13,14,16,17,18,19,20,21,22,24
1899,8,1,4,5,6,7,10,11,13,15,17,18,20,21,25
1900,1,3,5,7,8,9,11,14,17,18,19,20,21,22,23
1900,2,2,3,6,7,8,11,12,13,15,16,21,22,24,25
1900,3,3,4,6,7,9,13,14,15,18,19,21,22,23,24
1900,4,2,3,4,7,8,9,12,13,15,17,19,20,21,24
1900,5,1,2,4,5,7,8,11,13,15,17,18,20,21,24
1900,6,4,6,7,9,13,15,16,17,18,19,20,21,22,23
1900,7,4,5,9,11,12,14,16,17,18,19,21,22,24,25
1900,8,2,5,7,8,9,11,14,15,17,18,19,21,24,25
1901,1,1,2,3,6,7,8,9,10,13,14,16,19,22,24
1901,2,1,3,4,5,6,10,13,14,16,17,18,20,23,25
1901,3,1,2,7,8,11,14,15,16,19,21,22,23,24,25
1901,4,2,3,4,8,9,10,14,16,17,18,19,20,21,22
1901,5,1,4,6,7,8,9,10,12,13,18,21,22,23,24
1901,6,1,2,5,6,8,12,13,14,15,17,18,23,24,25
1901,7,1,3,4,6,8,9,11,15,16,17,19,20,21,25
1901,8,2,6,7,8,9,10,11,12,13,15,19,21,22,25
1902,1,1,3,4,5,9,10,13,15,16,17,18,20,22,24
1902,2,3,4,5,7,11,12,13,14,15,16,17,18,24,25
1902,3,1,3,5,6,7,8,10,12,13,15,16,18,19,23
1902,4,2,3,4,5,8,9,10,12,14,19,20,23,24,25
1902,5,1,3,4,5,6,7,9,10,15,17,19,21,23,24
1902,6,2,3,5,6,8,12,14,16,19,20,21,22,23,24
1902,7,2,3,5,6,7,8,9,10,12,13,17,18,24,25
1902,8,3,4,6,7,13,14,15,16,18,19,21,22,23,25
1903,1,1,3,4,5,8,10,11,14,17,19,21,22,23,25
1903,2,2,3,4,5,10,11,13,14,15,19,21,22,23,25
1903,3,1,4,6,7,10,11,13,15,16,19,20,21,24,25
1903,4,1,5,6,9,10,14,17,18,19,20,22,23,24,25
1903,5,2,3,4,7,8,11,12,13,14,15,18,19,22,23
1903,6,2,3,4,5,9,11,12,13,15,16,18,20,22,24
1903,7,2,3,4,5,6,9,10,12,15,17,18,21,22,24
1903,8,4,5,6,8,10,12,13,14,15,16,20,21,23,25
1904,1,1,3,4,5,8,9,10,11,16,18,20,22,23,25
1904,2,1,6,7,8,9,10,12,15,17,19,21,22,23,24
1904,3,2,4,7,8,9,11,14,17,18,19,20,21,22,25
1904,4,2,3,4,7,8,9,10,11,12,13,16,19,20,21
1904,5,2,3,4,5,8,12,14,16,17,18,20,23,24,25
1904,6,4,5,8,9,10,11,12,13,14,17,20,21,24,25
1904,7,1,2,4,9,10,11,12,14,16,18,19,20,23,25
1904,8,1,2,7,8,11,13,15,16,17,18,20,23,24,25
1905,1,1,2,4,6,7,9,10,12,16,18,19,21,22,25
1905,2,3,4,6,8,9,13,14,16,18,19,20,21,22,25
1905,3,2,7,11,12,13,14,15,17,18,19,20,23,24,25
1905,4,3,4,6,7,10,13,14,16,17,20,21,22,23,25
1905,5,1,2,4,5,8,10,11,12,13,14,17,20,23,24
1905,6,3,4,7,9,11,12,13,15,16,18,20,21,23,25
1905,7,1,2,4,6,7,9,10,11,16,18,19,22,24,25
1905,8,2,3,8,10,11,12,13,14,15,16,17,21,22,24
1906,1,1,2,8,9,12,14,15,16,17,19,21,22,23,25
1906,2,1,3,7,8,10,11,13,15,16,17,18,20,24,25
1906,3,1,4,5,7,10,11,13,15,17,18,19,21,23,24
1906,4,1,2,6,12,13,14,15,16,18,19,20,22,23,25
1906,5,2,3,4,7,10,12,16,17,18,20,21,23,24,25
1906,6,1,4,5,9,10,12,13,15,16,17,19,20,24,25
1906,7,1,3,4,6,8,11,12,16,19,20,21,22,23,25
1906,8,1,2,3,5,8,10,11,12,13,15,16,18,22,24
1907,1,1,2,4,6,9,11,13,16,18,19,20,23,24,25
1907,2,1,3,4,6,7,11,16,17,18,19,21,22,23,25
1907,3,1,2,5,7,8,11,14,15,16,17,19,20,22,25
1907,4,2,3,5,6,7,8,9,11,12,13,14,18,23,24
1907,5,2,3,5,8,9,10,11,13,15,16,17,19,20,25
1907,6,3,4,5,6,7,11,12,14,15,19,20,22,24,25
1907,7,3,4,6,7,9,10,12,14,16,17,18,20,21,23
1907,8,1,3,5,6,10,12,14,15,16,17,20,22,23,24
1908,1,1,2,5,7,8,9,10,11,13,14,16,18,22,24
1908,2,3,6,7,8,9,10,11,14,16,17,19,20,21,24
1908,3,4,5,6,9,11,13,15,16,17,18,19,20,22,24
1908,4,3,4,5,7,8,9,10,13,15,17,19,21,22,24
1908,5,1,2,9,10,13,14,15,16,17,18,19,21,22,25
1908,6,3,4,6,7,8,9,10,11,12,16,18,20,22,25
1908,7,1,2,4,5,6,9,10,15,16,19,20,23,24,25
1908,8,1,2,3,5,8,10,12,13,14,15,16,18,20,21
1909,1,1,3,4,6,7,8,9,10,12,14,18,19,21,22
1909,2,1,4,7,8,9,11,12,14,17,20,21,22,23,25
1909,3,1,2,4,5,6,7,8,10,11,13,15,17,18,19
1909,4,2,3,4,5,7,10,14,15,16,17,18,19,24,25
1909,5,1,2,3,4,8,9,10,13,15,16,17,18,22,23
1909,6,2,4,5,6,8,9,10,11,12,14,21,22,23,25
1909,7,1,4,5,6,7,11,13,17,18,19,20,21,23,24
1909,8,2,5,6,8,9,12,15,17,18,20,21,23,24,25
1910,1,1,2,3,5,7,13,14,16,18,19,20,21,22,23
1910,2,1,6,7,8,9,10,11,12,14,15,16,17,19,25
1910,3,3,4,5,9,10,12,14,16,17,19,20,21,22,25
1910,4,5,6,7,8,9,10,12,13,14,16,17,18,21,25
1910,5,1,3,6,7,9,10,11,15,17,18,21,23,24,25
1910,6,1,2,5,7,8,9,10,14,15,16,19,22,24,25
1910,7,2,3,4,7,8,10,15,16,18,19,21,22,24,25
1910,8,2,4,5,6,8,9,14,16,17,18,22,23,24,25
1911,1,1,2,3,4,5,6,8,11,13,14,16,18,22,24
1911,2,4,5,6,7,8,9,10,12,13,20,21,22,24,25
1911,3,1,4,5,7,8,10,14,17,18,19,20,22,23,25
1911,4,2,6,8,9,12,14,15,18,19,21,22,23,24,25
1911,5,1,3,4,5,6,7,8,9,10,12,14,22,23,24
1911,6,3,4,5,8,10,11,12,15,16,17,22,23,24,25
1911,7,1,2,3,4,5,7,10,13,14,17,18,19,21,23
1911,8,2,4,8,10,11,12,13,14,15,17,18,19,23,25
1912,1,2,5,6,7,8,9,13,14,16,17,18,19,22,24
1912,2,2,3,4,6,7,8,10,11,12,16,18,19,20,23
1912,3,1,2,5,6,8,9,11,13,14,16,17,19,21,22
1912,4,1,5,6,7,9,10,11,12,13,15,17,18,21,24
1912,5,1,3,4,5,6,11,14,15,16,19,20,21,22,25
1912,6,2,3,6,7,8,10,11,18,19,21,22,23,24,25
1912,7,1,2,4,6,7,9,11,14,15,16,17,21,22,23
1912,8,2,4,5,7,8,10,11,12,14,18,20,21,22,24
1913,1,1,2,4,5,6,7,13,14,16,17,19,20,22,24
1913,2,1,2,3,4,5,6,9,11,13,15,17,20,21,23
1913,3,1,5,6,9,12,14,15,16,17,18,20,22,24,25
1913,4,1,3,5,6,8,9,14,16,17,18,20,21,22,25
1913,5,2,3,5,6,7,10,12,14,15,19,20,21,22,25
1913,6,1,4,6,8,9,14,15,17,18,19,20,22,23,24
1913,7,1,5,6,7,8,9,11,14,17,18,19,23,24,25
1913,8,3,4,6,7,9,13,14,15,17,18,19,21,22,24
1914,1,1,2,5,6,7,11,15,16,18,19,20,21,22,24
1914,2,1,2,5,6,8,9,10,13,18,20,21,22,23,24
1914,3,1,5,6,7,8,10,11,18,19,20,21,22,23,25
1914,4,2,3,5,7,8,11,12,14,16,17,20,22,23,24
1914,5,2,3,6,7,8,9,10,12,15,18,19,22,23,24
1914,6,1,4,5,8,9,10,11,12,13,16,19,21,24,25
1914,7,3,4,5,7,9,10,12,15,16,17,19,21,24,25
1914,8,1,3,4,5,7,8,11,13,14,15,18,20,22,24
1915,1,1,2,5,6,8,11,12,13,14,16,17,18,23,24
1915,2,1,3,4,5,6,9,11,12,14,16,17,18,20,25
1915,3,1,2,4,5,6,9,12,13,14,17,20,21,24,25
1915,4,1,3,4,5,6,7,8,10,12,18,19,20,21,22
1915,5,1,2,3,5,6,8,11,13,16,18,19,20,22,24
1915,6,1,5,6,7,8,9,10,11,12,13,17,18,21,22
1915,7,4,5,6,9,10,11,12,13,14,16,17,19,21,24
1915,8,3,7,8,9,12,13,15,16,17,18,19,22,23,25
1916,1,1,4,5,6,7,9,10,11,12,13,17,19,22,25
1916,2,1,2,4,6,9,14,15,17,18,20,21,23,24,25
1916,3,2,3,4,5,6,7,9,11,15,16,17,18,20,22
1916,4,1,2,3,5,6,11,13,14,16,17,18,19,20,23
1916,5,1,2,3,4,5,6,8,9,12,15,16,21,22,23
1916,6,1,3,4,5,6,8,10,12,13,16,20,22,23,25
1916,7,2,3,5,6,7,10,12,14,15,19,21,23,24,25
1916,8,1,4,5,6,9,10,11,12,13,15,18,19,21,25
1917,1,2,3,4,5,7,9,11,13,14,16,18,19,22,24
1917,2,1,2,3,4,5,10,13,14,15,16,17,19,22,24
1917,3,1,2,5,7,9,10,11,13,15,16,17,20,21,24
1917,4,2,4,9,10,12,15,17,19,20,21,22,23,24,25
1917,5,2,3,5,7,8,10,11,12,14,16,17,18,22,24
1917,6,2,3,5,6,9,10,11,12,15,16,17,21,24,25
1917,7,1,2,3,4,9,12,13,15,16,18,19,20,22,24
1917,8,6,9,10,11,12,13,15,16,17,19,20,21,22,25
1918,1,4,5,6,7,8,10,11,12,13,15,17,19,20,24
1918,2,1,2,3,5,6,8,10,11,13,14,15,19,22,23
1918,3,1,2,3,4,8,12,14,15,18,19,21,22,24,25
1918,4,2,3,4,5,6,7,8,9,14,16,18,21,23,25
1918,5,3,4,7,8,11,13,15,16,17,18,19,22,23,25
1918,6,2,7,8,9,10,11,12,13,14,16,17,19,23,25
1918,7,1,2,5,7,10,11,13,14,15,17,20,21,23,25
1918,8,2,3,4,6,8,10,11,14,17,18,19,22,23,24
1919,1,2,3,4,5,7,8,9,10,12,16,18,19,22,23
1919,2,1,5,8,10,11,12,13,16,17,18,19,21,23,24
1919,3,5,6,8,9,10,15,16,18,19,21,22,23,24,25
1919,4,4,6,8,9,10,12,13,14,16,17,18,22,23,25
1919,5,2,3,6,7,8,14,15,16,17,19,20,21,22,23
1919,6,2,3,4,5,8,9,10,12,13,14,16,17,18,21
1919,7,1,4,7,10,11,13,14,17,18,20,21,22,24,25
1919,8,3,5,6,7,8,9,12,13,14,16,19,23,24,25
1920,1,1,4,7,8,9,12,13,15,16,18,20,21,23,24
1920,2,2,3,6,8,10,11,12,13,14,16,20,21,22,23
1920,3,2,5,6,7,9,12,14,15,16,17,19,20,23,25
1920,4,2,3,6,8,10,11,12,13,14,15,16,18,21,22
1920,5,3,5,9,10,11,12,16,18,19,20,21,22,23,24
1920,6,1,3,4,5,6,7,8,9,11,15,16,19,21,25
1920,7,1,3,7,8,10,12,13,14,17,18,19,20,24,25
1920,8,1,2,3,7,9,11,13,15,17,18,20,21,22,24
1921,1,1,2,3,4,5,6,7,10,11,14,16,20,22,25
1921,2,1,4,5,7,9,11,13,16,17,20,21,22,23,25
1921,3,3,4,8,9,11,13,15,17,18,19,20,22,24,25
1921,4,1,7,10,11,12,13,14,15,17,18,20,22,23,24
1921,5,1,3,4,6,9,10,11,12,16,19,20,21,23,25
1921,6,1,2,3,7,10,11,12,13,14,15,18,19,22,25
1921,7,2,5,8,9,10,11,12,13,14,15,17,18,22,23
1921,8,1,2,4,7,8,9,14,15,16,18,19,20,21,25
1922,1,1,3,4,5,7,8,9,10,11,12,13,16,20,25
1922,2,1,2,3,4,5,10,11,12,14,15,17,19,22,25
1922,3,1,2,3,5,7,8,14,15,16,18,19,20,23,24
1922,4,2,6,8,9,12,13,15,17,18,20,21,22,23,24
1922,5,1,4,5,7,8,10,12,14,16,19,20,21,24,25
1922,6,2,3,6,8,10,12,13,14,16,17,18,22,24,25
1922,7,1,2,3,4,5,6,8,11,16,18,19,20,23,24
1922,8,1,2,3,4,6,8,9,10,14,16,19,20,22,23
1923,1,1,2,3,5,7,9,10,12,15,18,19,20,24,25
1923,2,2,5,8,9,10,11,12,13,14,16,17,18,21,25
1923,3,8,9,10,11,12,13,14,16,17,18,19,22,23,25
1923,4,1,2,3,4,5,6,8,10,13,14,17,18,19,20
1923,5,1,4,5,6,8,9,10,15,16,18,19,20,21,22
1923,6,1,3,5,7,8,10,11,12,13,14,18,20,22,23
1923,7,2,3,5,7,8,10,13,15,16,18,19,20,22,23
1923,8,1,2,3,4,10,12,14,15,17,18,19,21,24,25
1924,1,1,2,4,6,8,13,14,15,17,18,20,22,23,24
1924,2,2,3,4,5,6,11,12,13,14,16,18,19,20,24
1924,3,1,2,3,5,10,13,14,16,19,20,22,23,24,25
1924,4,1,4,7,10,12,13,15,16,17,18,20,22,23,24
1924,5,4,6,7,9,11,12,16,17,19,20,22,23,24,25
1924,6,1,2,3,4,5,6,10,11,13,19,21,22,23,24
1924,7,4,5,6,7,12,13,14,18,19,20,21,22,23,24
1924,8,1,2,3,4,6,8,11,12,13,15,18,20,21,23
1925,1,1,2,3,4,5,6,10,12,14,16,17,18,22,25
1925,2,1,3,6,7,9,10,11,12,15,16,17,20,21,25
1925,3,1,3,6,7,12,13,15,16,17,20,22,23,24,25
1925,4,2,3,4,6,7,8,11,13,14,16,17,19,20,21
1925,5,1,2,3,8,9,11,15,16,20,21,22,23,24,25
1925,6,1,2,4,5,9,11,12,13,14,15,17,20,21,24
1925,7,1,2,4,7,9,10,11,14,15,16,18,20,21,25
1925,8,2,5,6,7,10,14,15,17,18,19,20,22,24,25
1926,1,1,3,5,7,8,9,12,14,15,18,19,21,24,25
1926,2,1,2,3,4,6,7,8,12,14,16,19,20,24,25
1926,3,1,3,4,5,6,9,10,14,18,20,21,22,23,24
1926,4,2,3,5,7,8,9,10,12,14,15,16,17,18,25
1926,5,3,4,5,6,7,9,11,16,17,18,19,22,23,24
1926,6,1,2,3,5,9,10,12,13,14,16,18,21,22,23
1926,7,4,5,6,7,9,10,11,12,13,15,16,18,19,20
1926,8,1,3,4,5,7,8,10,18,19,20,21,22,24,25
1927,1,1,3,5,6,7,8,10,12,15,16,17,18,20,25
1927,2,1,2,3,5,6,11,12,13,14,16,18,21,22,25
1927,3,5,6,7,9,10,11,12,14,15,16,18,23,24,25
1927,4,2,3,4,5,9,12,13,15,17,20,21,22,23,25
1927,5,3,4,6,7,9,11,13,14,16,18,19,20,22,23
1927,6,1,2,4,6,7,10,11,12,13,15,20,22,23,24
1927,7,2,3,4,5,7,8,10,12,13,17,18,20,24,25
1927,8,2,3,4,5,7,9,10,14,15,17,18,19,23,25
1928,1,1,4,5,6,9,10,13,14,15,19,20,21,23,25
1928,2,1,2,4,5,6,7,9,11,15,16,17,19,22,23
1928,3,1,3,9,10,14,15,18,19,20,21,22,23,24,25
1928,4,1,4,8,9,12,13,15,16,17,18,20,22,24,25
1928,5,1,2,3,4,5,7,9,11,13,14,17,21,23,25
1928,6,1,2,3,5,7,9,10,12,14,17,20,21,23,24
1928,7,3,4,7,9,10,11,12,14,18,19,20,21,24,25
1928,8,2,5,6,7,8,10,11,16,17,18,19,20,21,23
1929,1,3,4,5,7,9,11,14,16,17,18,20,21,22,25
1929,2,1,5,11,12,13,14,16,18,19,20,22,23,24,25
1929,3,2,3,4,6,7,8,9,11,13,14,19,20,23,24
1929,4,1,3,6,7,9,10,13,14,16,18,20,21,23,25
1929,5,1,3,4,7,8,9,12,13,14,15,18,22,23,24
1929,6,3,5,6,8,9,10,11,12,15,18,21,22,23,25
1929,7,1,2,5,6,9,10,12,16,18,20,22,23,24,25
1929,8,4,5,6,7,9,12,14,16,19,20,21,22,23,25
1930,1,1,3,5,6,7,8,10,11,13,14,15,16,18,19
1930,2,1,2,4,8,9,13,14,17,19,20,21,22,23,25
1930,3,2,8,9,12,15,16,17,18,19,20,22,23,24,25
1930,4,1,3,4,5,7,9,11,13,16,18,19,22,23,25
1930,5,1,2,3,4,5,9,11,14,15,17,19,21,22,25
1930,6,1,5,7,9,10,12,14,16,18,19,20,21,22,24
1930,7,1,2,5,7,9,11,12,14,16,18,19,22,23,24
1930,8,2,4,7,8,9,12,14,16,18,19,20,21,23,25
1931,1,1,2,4,5,6,8,9,10,14,15,19,21,22,24
1931,2,1,2,4,8,9,11,12,13,14,16,19,20,23,24
1931,3,1,2,3,9,10,13,14,15,17,18,19,20,22,23
1931,4,6,8,9,10,11,15,16,17,18,19,21,23,24,25
1931,5,3,4,8,9,10,11,12,14,17,18,20,21,23,24
1931,6,1,2,8,10,12,14,15,16,17,20,21,22,24,25
1931,7,2,4,5,6,7,10,14,15,16,17,19,22,23,25
1931,8,5,7,8,10,11,14,15,16,18,19,22,23,24,25
1932,1,2,4,5,8,9,10,11,14,15,18,20,22,23,24
1932,2,5,7,8,9,10,13,14,16,17,18,19,21,23,25
1932,3,1,3,5,6,7,10,11,14,15,17,20,22,23,24
1932,4,2,4,5,8,9,10,11,12,16,17,19,21,23,24
1932,5,1,4,5,7,10,11,12,13,14,15,16,18,19,22
1932,6,1,3,9,10,11,12,13,14,16,18,19,20,22,25
1932,7,5,7,10,11,12,13,14,15,17,21,22,23,24,25
1932,8,1,2,3,4,5,8,11,13,14,17,18,19,20,21
1933,1,2,3,6,8,9,10,13,14,16,19,20,21,22,23
1933,2,1,2,4,5,6,9,16,17,18,19,20,21,22,23
1933,3,2,3,5,7,9,14,15,16,17,18,19,21,22,23
1933,4,2,3,4,10,12,14,16,17,18,20,21,22,24,25
1933,5,1,3,4,5,6,8,9,13,16,19,20,21,22,24
1933,6,2,6,8,10,12,13,15,16,19,20,21,22,23,25
1933,7,1,2,4,5,10,11,13,15,16,17,18,19,22,23
1933,8,1,2,3,4,5,7,10,12,14,16,20,21,23,24
1934,1,1,2,3,7,8,10,11,14,16,17,21,22,23,24
1934,2,1,2,3,4,5,6,7,8,14,17,20,22,23,24
1934,3,2,3,4,5,8,9,10,11,12,14,16,17,19,20
1934,4,1,3,4,5,6,8,10,12,13,14,18,20,21,24
1934,5,1,2,4,6,9,11,12,14,15,16,19,22,24,25
1934,6,2,4,5,6,7,8,9,10,15,16,17,21,23,25
1934,7,1,3,4,7,10,11,12,13,17,18,19,20,21,22
1934,8,1,2,4,5,6,10,11,12,13,16,18,19,20,21
1935,1,3,4,5,6,7,8,9,10,11,12,14,23,24,25
1935,2,1,3,4,5,7,10,11,12,13,14,15,17,18,20
1935,3,1,2,3,4,5,8,12,16,19,20,21,22,24,25
1935,4,4,6,7,10,11,12,14,17,19,20,21,22,23,24
1935,5,1,4,5,6,7,9,10,11,12,14,20,23,24,25
1935,6,1,2,3,6,7,8,10,12,13,15,17,20,24,25
1935,7,1,3,6,9,10,12,13,14,16,18,19,22,23,24
1935,8,4,5,6,7,8,11,13,14,16,18,20,22,23,24
1936,1,5,6,8,9,10,11,12,13,14,17,20,21,23,25
1936,2,1,5,7,9,10,11,13,14,15,17,19,20,21,22
1936,3,4,7,11,12,13,14,16,17,18,19,20,23,24,25
1936,4,2,3,5,9,10,12,14,15,16,17,18,19,20,22
1936,5,1,2,3,5,8,9,16,18,19,20,21,22,24,25
1936,6,4,5,6,7,9,10,11,12,15,16,19,20,21,25
1936,7,3,5,7,8,11,12,15,16,17,18,19,20,21,24
1936,8,1,4,5,8,9,10,12,15,16,19,20,23,24,25
1937,1,2,3,4,5,6,9,13,16,17,18,19,20,23,25
1937,2,1,2,3,4,8,9,10,11,16,18,20,21,22,23
1937,3,1,5,6,8,9,10,12,13,14,16,20,21,23,24
1937,4,1,3,6,7,10,12,15,17,18,19,21,22,24,25
1937,5,2,4,6,7,8,10,11,12,14,15,17,19,23,25
1937,6,1,2,4,8,12,14,15,16,17,18,19,21,23,25
1937,7,3,5,7,9,11,13,14,15,16,19,20,21,23,25
1937,8,1,3,4,5,8,9,10,11,12,16,17,18,21,23
1938,1,1,2,3,5,6,9,10,11,12,13,14,15,19,21
1938,2,2,8,10,11,13,15,16,18,19,20,21,22,23,25
1938,3,1,5,6,7,8,11,13,14,18,19,22,23,24,25
1938,4,1,2,3,4,7,10,11,13,16,18,21,23,24,25
1938,5,1,2,8,11,13,14,15,16,17,19,20,21,23,24
1938,6,1,2,3,8,10,11,12,14,17,20,21,23,24,25
1938,7,3,6,7,10,11,12,13,18,19,21,22,23,24,25
1938,8,1,2,3,6,10,12,14,16,19,20,21,23,24,25
1939,1,2,3,5,7,8,9,15,17,18,19,20,21,22,25
1939,2,1,2,3,4,6,7,11,13,17,19,21,23,24,25
1939,3,1,3,5,6,7,9,13,16,17,19,20,21,23,25
1939,4,6,7,8,9,11,12,13,14,15,17,19,23,24,25
1939,5,1,2,3,4,5,6,9,11,14,15,16,20,24,25
1939,6,2,3,6,7,9,11,14,17,18,19,22,23,24,25
1939,7,4,5,7,10,11,12,17,18,19,20,21,23,24,25
1939,8,1,2,3,5,6,9,10,13,16,19,21,23,24,25
1940,1,5,7,8,9,10,12,13,14,15,17,18,19,22,25
1940,2,1,2,9,10,12,17,18,19,20,21,22,23,24,25
1940,3,2,3,4,5,6,7,9,11,12,14,17,18,22,25
1940,4,1,2,3,5,6,11,13,14,16,18,19,20,21,23
1940,5,1,3,4,5,7,8,13,14,16,18,22,23,24,25
1940,6,2,3,5,6,7,8,10,13,15,16,22,23,24,25
1940,7,1,2,3,5,6,9,10,14,15,16,17,19,23,25
1940,8,2,4,5,7,8,9,10,11,12,20,21,23,24,25
1941,1,2,5,6,7,8,9,10,12,15,16,18,19,20,25
1941,2,1,2,4,5,8,10,13,17,18,19,20,21,23,24
1941,3,1,3,4,5,6,7,8,10,11,17,18,19,21,23
1941,4,3,5,7,8,9,11,12,13,16,18,20,22,23,24
1941,5,1,3,4,9,10,12,13,14,15,17,18,19,22,23
1941,6,4,5,7,10,12,13,15,16,18,19,20,22,23,25
1941,7,2,3,6,7,8,9,13,16,18,19,20,22,23,24
1941,8,1,2,4,5,11,12,14,15,18,20,21,22,23,25
1942,1,1,2,4,5,6,7,9,10,11,14,15,21,22,25
1942,2,3,6,9,10,11,14,15,16,17,18,19,20,21,25
1942,3,4,6,7,9,10,12,14,15,16,17,20,23,24,25
1942,4,1,2,3,4,5,6,9,11,12,14,15,16,17,22
1942,5,1,4,5,7,10,11,12,15,16,18,20,21,22,24
1942,6,1,3,5,6,7,8,9,13,14,17,19,20,22,24
1942,7,3,4,6,9,10,11,13,14,15,17,20,22,24,25
1942,8,4,5,6,7,8,11,12,13,19,20,21,22,24,25
1943,1,1,2,7,8,10,11,12,14,15,16,18,19,22,25
1943,2,1,2,3,4,7,11,14,16,19,20,21,22,23,24
1943,3,2,3,5,8,9,12,13,15,16,19,21,22,23,24
1943,4,1,5,6,8,10,11,13,14,15,16,17,18,19,22
1943,5,3,6,7,9,10,11,12,13,14,17,18,19,20,25
1943,6,1,3,4,7,9,10,13,14,15,16,18,19,20,22
1943,7,1,2,4,5,6,8,10,11,13,17,18,21,23,25
1943,8,1,3,4,6,9,10,11,14,16,17,18,20,21,23
1944,1,2,3,5,6,8,11,13,15,17,18,19,21,22,23
1944,2,1,4,5,6,7,10,11,13,14,17,20,21,23,24
1944,3,1,2,3,4,5,9,10,11,14,15,17,19,24,25
1944,4,2,3,7,8,9,10,11,12,15,16,18,19,22,23
1944,5,1,2,3,7,10,11,12,15,16,17,18,20,23,25
1944,6,1,5,6,9,10,13,15,17,18,19,22,23,24,25
1944,7,1,4,6,8,9,10,11,13,14,15,21,22,23,25
1944,8,3,5,6,7,8,9,10,11,12,14,18,20,22,23
1945,1,2,3,4,5,6,8,9,12,13,16,17,18,20,23
1945,2,2,3,4,8,10,11,12,13,14,17,18,20,22,24
1945,3,1,2,4,6,9,10,11,16,18,19,20,21,22,24
1945,4,2,4,6,8,9,11,12,13,14,16,19,22,23,24
1945,5,4,7,8,9,11,14,16,17,18,19,20,22,23,25
1945,6,1,2,4,6,7,8,10,11,14,15,16,18,20,23
1945,7,1,2,5,6,8,9,11,13,14,18,21,22,23,25
1945,8,2,3,4,6,8,12,14,15,17,18,21,22,23,24
1946,1,4,5,6,7,8,9,12,13,16,18,19,20,23,25
1946,2,2,3,4,7,8,10,14,17,18,21,22,23,24,25
1946,3,6,7,8,10,13,14,15,16,18,19,20,21,24,25
1946,4,2,3,4,9,10,11,14,15,17,18,20,23,24,25
1946,5,1,3,4,5,7,11,12,13,15,17,19,20,22,24
1946,6,1,4,5,6,8,10,11,12,14,17,19,20,22,23
1946,7,2,3,4,5,6,9,10,11,12,15,19,21,22,25
1946,8,3,5,7,8,9,11,13,14,15,16,17,20,24,25
1947,1,2,3,5,6,7,8,10,14,15,17,18,19,22,23
1947,2,1,3,7,10,11,14,15,16,17,18,19,20,23,25
1947,3,2,5,6,10,12,13,15,16,18,19,20,21,22,23
1947,4,1,2,4,5,6,7,14,16,18,19,20,22,24,25
1947,5,1,2,4,7,9,10,11,12,15,16,17,22,23,24
1947,6,3,4,5,6,7,11,12,14,15,17,18,20,21,24
1947,7,1,2,3,4,6,10,12,13,14,15,19,20,22,24
1947,8,1,2,3,4,5,8,9,10,11,12,18,21,23,24
1948,1,2,3,8,10,11,12,13,14,17,20,21,22,23,24
1948,2,1,2,4,5,6,10,11,13,16,17,18,22,23,25
1948,3,1,5,7,8,10,11,12,15,19,20,21,23,24,25
1948,4,1,3,6,7,11,12,13,14,16,17,19,22,24,25
1948,5,2,4,5,6,8,13,16,17,19,21,22,23,24,25
1948,6,3,7,9,10,11,12,14,15,17,18,21,22,24,25
1948,7,3,5,6,7,8,9,13,15,16,20,21,22,23,25
1948,8,1,3,4,5,6,7,8,10,12,13,20,22,23,25
1949,1,2,4,7,8,11,13,14,16,18,19,20,21,22,25
1949,2,5,6,8,9,11,12,13,14,16,17,20,21,22,23
1949,3,2,4,5,6,7,8,11,13,14,15,17,18,20,24
1949,4,1,2,3,6,9,10,12,15,16,18,19,20,21,23
1949,5,1,4,5,8,10,11,12,13,14,16,20,21,24,25
1949,6,1,2,3,4,5,7,10,12,14,16,17,19,23,24
1949,7,1,2,3,4,9,12,13,14,15,16,17,19,21,24
1949,8,1,4,6,8,9,10,12,13,14,17,19,20,21,25
1950,1,2,3,5,6,7,11,12,13,14,17,18,19,23,25
1950,2,2,3,4,5,6,11,12,13,15,16,18,20,24,25
1950,3,1,3,5,6,9,10,11,12,13,14,15,19,23,25
1950,4,1,4,6,8,9,10,12,13,16,19,21,22,24,25
1950,5,1,2,3,6,7,8,11,13,14,15,16,20,22,24
1950,6,2,3,5,8,9,11,12,14,15,16,18,19,24,25
1950,7,4,7,8,12,13,14,16,17,18,19,20,21,23,25
1950,8,3,4,5,10,11,12,13,15,18,19,21,23,24,25
1951,1,2,4,7,8,9,10,11,16,17,18,19,20,22,25
1951,2,1,2,3,4,7,8,10,12,13,16,20,22,23,24
1951,3,1,2,4,5,6,7,9,10,14,18,20,21,24,25
1951,4,1,2,5,6,8,9,12,15,16,17,19,21,22,23
1951,5,1,3,5,6,7,8,10,13,14,15,19,22,23,25
1951,6,1,3,5,8,10,14,15,17,18,19,20,21,22,25
1951,7,4,5,6,9,10,13,14,16,17,19,21,23,24,25
1951,8,3,4,6,8,9,10,11,12,14,16,17,18,19,23
1952,1,1,2,4,6,7,8,12,15,17,19,20,21,23,24
1952,2,1,2,5,9,10,11,13,14,17,18,19,23,24,25
1952,3,2,4,6,7,8,11,13,16,17,18,21,23,24,25
1952,4,4,5,9,10,11,12,13,14,17,19,20,21,23,24
1952,5,3,4,6,7,8,10,13,16,17,19,21,22,24,25
1952,6,1,3,4,5,6,9,10,13,18,19,20,23,24,25
1952,7,3,5,6,7,8,9,10,11,12,16,17,18,23,25
1952,8,2,3,4,6,7,9,10,13,14,16,21,23,24,25
1953,1,2,5,6,7,8,11,12,13,15,16,19,21,22,23
1953,2,1,3,4,5,10,12,13,14,17,18,19,21,22,25
1953,3,1,3,6,7,8,11,12,16,17,18,21,23,24,25
1953,4,1,3,5,6,8,14,15,16,18,19,20,23,24,25
1953,5,1,2,6,7,10,12,14,16,17,18,20,21,24,25
1953,6,1,5,8,9,11,13,14,15,16,17,19,23,24,25
1953,7,2,3,4,7,8,10,11,13,14,15,16,19,23,24
1953,8,5,7,9,11,12,14,16,17,18,19,20,22,23,24
1954,1,1,2,5,7,8,9,11,13,16,17,19,22,24,25
1954,2,2,3,4,5,6,9,13,15,16,17,20,21,24,25
1954,3,3,5,6,8,11,14,15,16,17,18,19,23,24,25
1954,4,3,7,10,11,12,13,14,16,18,19,20,21,22,25
1954,5,1,2,6,7,8,9,10,11,12,13,17,19,23,25
1954,6,1,2,4,7,8,9,10,11,13,15,17,19,20,24
1954,7,1,4,5,6,9,11,12,15,17,18,19,21,22,23
1954,8,1,3,4,6,7,8,9,10,11,12,15,18,19,23
1955,1,1,3,5,6,9,10,11,13,14,17,18,19,23,24
1955,2,1,3,4,6,8,9,10,11,12,17,18,21,22,25
1955,3,2,5,7,8,9,10,15,16,19,20,21,22,24,25
1955,4,3,4,6,7,9,14,16,19,20,21,22,23,24,25
1955,5,2,6,9,11,12,13,14,15,16,17,19,22,23,24
1955,6,3,7,10,11,12,13,14,17,18,19,20,21,22,25
1955,7,1,2,3,7,8,9,10,12,14,18,19,20,23,25
1955,8,3,5,7,8,12,14,16,17,18,20,21,22,23,25
1956,1,5,6,7,12,13,15,16,17,18,19,21,22,23,25
1956,2,4,8,10,11,12,13,14,15,18,20,21,22,24,25
1956,3,1,3,4,5,6,7,9,10,11,14,19,20,21,22
1956,4,2,4,6,7,8,10,11,12,15,18,19,23,24,25
1956,5,2,3,4,6,7,8,10,11,14,15,16,18,19,24
1956,6,1,3,4,5,7,12,13,16,17,18,19,20,23,24
1956,7,2,3,4,7,8,10,11,12,14,16,17,20,23,25
1956,8,1,4,6,7,8,10,12,14,17,18,19,20,24,25
1957,1,4,5,6,11,13,15,16,17,18,19,20,21,22,23
1957,2,4,5,7,8,10,14,15,17,18,20,21,23,24,25
1957,3,3,4,5,6,7,8,9,11,13,14,15,18,20,22
1957,4,2,3,4,5,6,8,11,14,16,17,19,21,24,25
1957,5,2,4,5,7,8,12,14,16,19,20,21,22,23,24
1957,6,1,2,4,5,9,11,12,13,15,17,20,21,22,25
1957,7,2,3,6,7,8,9,12,13,15,16,17,23,24,25
1957,8,2,3,4,5,6,11,12,14,15,17,19,21,22,23
1958,1,1,2,4,5,6,7,9,10,16,19,21,23,24,25
1958,2,1,2,4,7,10,14,16,17,18,19,20,21,22,24
1958,3,1,4,7,8,14,15,16,17,18,19,20,21,22,24
1958,4,1,3,4,6,9,10,11,13,17,19,20,21,22,25
1958,5,1,6,8,10,11,12,15,16,17,18,19,22,23,25
1958,6,2,3,6,7,10,11,12,14,16,19,21,22,24,25
1958,7,1,3,5,6,7,11,13,14,15,17,20,21,23,24
1958,8,7,8,9,10,12,13,14,16,17,18,20,22,24,25
1959,1,1,5,6,7,10,12,13,14,15,16,17,20,21,25
1959,2,2,4,6,9,10,11,12,13,14,15,18,21,22,23
1959,3,4,6,7,8,9,11,13,14,15,16,17,20,22,25
1959,4,2,4,6,7,9,10,12,13,14,20,21,23,24,25
1959,5,2,3,5,11,12,13,14,15,16,19,20,21,22,23
1959,6,1,2,6,7,8,9,11,15,16,17,18,19,23,24
1959,7,2,3,4,6,7,12,15,16,18,19,20,23,24,25
1959,8,1,2,3,5,9,10,12,18,19,20,21,22,23,25
1960,1,1,6,7,9,10,11,13,14,15,18,20,21,23,24
1960,2,2,4,5,7,8,9,15,16,17,18,20,21,22,25
1960,3,1,2,3,8,10,12,13,15,17,19,20,21,23,25
1960,4,1,2,6,7,8,12,15,16,17,19,20,21,24,25
1960,5,3,4,10,14,15,16,17,18,19,20,21,22,23,24
1960,6,2,3,4,7,9,10,11,12,14,17,19,21,23,24
1960,7,1,3,5,6,8,9,10,12,13,14,16,18,19,25
1960,8,1,2,3,4,12,13,14,15,16,18,20,22,23,25
1961,1,1,2,4,5,7,8,10,12,14,16,17,19,21,25
1961,2,1,4,5,9,10,12,13,14,15,17,20,21,22,24
1961,3,1,2,3,4,5,10,12,16,17,19,21,22,24,25
1961,4,1,2,5,6,7,10,11,12,16,18,19,20,23,25
1961,5,2,3,6,7,8,9,10,12,17,18,20,21,24,25
1961,6,2,3,4,5,7,10,11,12,14,17,18,20,22,25
1961,7,1,2,4,6,7,8,13,14,17,20,22,23,24,25
1961,8,1,2,3,4,5,9,10,11,14,18,19,21,23,24
1962,1,1,2,3,4,5,9,11,15,18,19,22,23,24,25
1962,2,1,2,7,8,9,11,15,16,18,19,20,22,24,25
1962,3,1,4,5,7,8,12,14,16,17,18,21,23,24,25
1962,4,2,3,4,6,7,8,11,14,18,20,21,22,24,25
1962,5,2,6,8,9,10,11,12,14,15,16,17,20,23,24
1962,6,5,6,9,12,14,15,16,17,19,20,22,23,24,25
1962,7,1,3,4,5,6,7,9,13,14,16,17,18,22,23
1962,8,2,5,6,8,9,11,13,15,17,18,19,20,22,25
1963,1,1,3,6,8,9,11,13,14,16,18,20,21,22,25
1963,2,1,2,4,5,6,11,13,15,16,19,20,22,24,25
1963,3,2,3,5,6,7,8,11,12,14,15,16,21,22,24
1963,4,1,2,5,7,11,12,13,14,15,17,18,21,22,25
1963,5,3,4,7,8,9,12,14,15,16,18,19,21,24,25
1963,6,3,5,6,7,9,11,12,14,16,18,20,22,23,25
1963,7,2,5,6,11,13,14,15,16,19,20,21,22,23,24
1963,8,2,3,7,9,10,13,15,16,17,18,19,20,24,25
1964,1,1,3,4,5,6,7,9,10,11,13,15,16,18,22
1964,2,1,2,6,7,9,10,12,13,14,15,16,20,23,24
1964,3,1,2,3,4,7,10,15,17,18,20,21,23,24,25
1964,4,1,2,4,5,6,7,9,10,11,13,16,18,21,22
1964,5,1,2,3,4,5,6,9,11,12,15,17,23,24,25
1964,6,1,2,5,6,7,8,9,10,13,15,20,22,23,24
1964,7,1,2,5,6,8,13,14,16,18,19,21,22,23,25
1964,8,1,2,3,5,7,8,11,13,15,16,21,22,23,25
1965,1,1,2,4,5,7,8,10,12,15,17,20,22,23,24
1965,2,1,2,3,4,6,7,8,9,10,14,21,22,23,24
1965,3,1,2,3,4,5,6,7,10,11,12,19,20,23,25
1965,4,2,4,5,7,8,11,12,15,16,17,19,20,23,24
1965,5,1,2,3,7,8,9,10,12,16,17,20,21,22,23
1965,6,2,5,6,7,9,11,13,14,15,17,18,19,20,24
1965,7,3,4,5,6,7,8,9,11,15,17,21,23,24,25
1965,8,2,6,7,8,10,13,14,15,16,17,21,22,23,25
1966,1,2,4,7,8,9,10,13,14,15,17,19,20,23,24
1966,2,2,3,7,8,10,11,16,17,18,20,22,23,24,25
1966,3,2,6,7,8,9,10,11,13,14,20,21,23,24,25
1966,4,2,3,4,6,10,11,12,13,14,15,16,17,18,21
1966,5,1,2,4,6,7,8,10,11,12,16,19,22,23,24
1966,6,1,2,3,7,9,12,14,15,16,18,19,21,24,25
1966,7,1,2,3,4,7,9,15,16,18,19,20,21,23,25
1966,8,1,5,6,7,8,11,14,15,16,17,18,20,24,25
1967,1,2,3,6,8,9,12,13,14,15,16,17,19,21,23
1967,2,1,2,3,4,5,9,10,13,14,16,17,19,20,21
1967,3,1,2,3,4,5,6,10,12,15,17,18,20,22,23
1967,4,3,4,5,6,11,14,15,16,17,18,20,21,22,25
1967,5,1,2,4,7,8,9,12,14,15,16,18,21,23,24
1967,6,2,3,5,6,9,14,15,16,17,18,19,23,24,25
1967,7,2,4,5,7,8,11,13,15,16,17,19,22,23,25
1967,8,4,5,7,11,12,14,15,16,17,18,19,20,24,25
1968,1,3,5,6,7,11,13,14,17,18,19,21,22,24,25
1968,2,2,7,8,9,11,12,16,18,19,20,22,23,24,25
1968,3,1,4,5,7,10,12,14,16,17,19,21,23,24,25
1968,4,1,2,6,7,11,13,14,16,17,18,19,22,24,25
1968,5,1,2,5,6,8,10,12,13,18,20,21,22,23,25
1968,6,1,4,5,7,10,11,12,13,14,15,16,21,23,25
1968,7,1,2,5,6,7,9,10,11,14,15,16,22,24,25
1968,8,1,2,4,5,7,8,10,12,13,17,18,19,20,24
1969,1,1,3,5,6,7,8,9,14,15,16,17,18,21,24
1969,2,3,4,6,7,11,14,16,17,19,20,21,22,24,25
1969,3,1,2,3,4,5,6,7,8,9,10,14,15,22,23
1969,4,6,8,10,13,14,15,16,17,18,20,22,23,24,25
1969,5,1,7,8,9,10,11,13,14,17,19,20,21,23,24
1969,6,2,3,4,5,6,7,8,15,17,18,20,21,22,23
1969,7,3,4,5,6,10,11,12,13,14,15,18,21,23,24
1969,8,3,4,5,6,9,10,11,12,13,15,17,18,20,24
1970,1,2,3,5,6,8,10,13,14,15,17,18,19,22,24
1970,2,3,5,7,8,9,10,11,12,13,15,17,19,21,25
1970,3,1,3,4,6,8,9,10,16,17,19,20,22,23,24
1970,4,1,2,3,5,9,15,17,18,19,21,22,23,24,25
1970,5,3,5,6,9,11,15,16,17,18,19,20,21,23,25
1970,6,1,2,4,6,8,9,13,14,15,20,21,22,23,24
1970,7,1,2,3,5,6,7,9,11,13,14,18,19,20,21
1970,8,1,3,4,5,11,12,15,16,18,19,22,23,24,25
1971,1,1,2,3,7,10,11,12,13,14,15,16,17,21,22
1971,2,3,5,6,8,10,11,12,14,15,17,19,21,23,24
1971,3,4,6,7,8,10,11,12,13,14,17,20,23,24,25
1971,4,1,3,4,5,6,8,9,14,18,19,20,21,24,25
1971,5,6,7,8,9,10,11,14,17,20,21,22,23,24,25
1971,6,1,3,6,7,10,11,14,15,16,20,21,23,24,25
1971,7,1,2,4,6,11,12,13,17,18,21,22,23,24,25
1971,8,1,2,3,8,9,10,11,12,13,16,17,21,24,25
1972,1,1,4,5,6,8,9,11,13,15,19,20,22,23,25
1972,2,1,4,6,8,9,10,12,14,15,16,20,22,23,25
1972,3,1,2,3,6,8,11,14,15,16,18,19,22,23,25
1972,4,1,3,4,6,7,9,11,12,14,19,21,23,24,25
1972,5,2,4,6,7,8,9,10,11,12,13,14,15,18,20
1972,6,1,3,4,5,6,7,9,10,12,13,17,19,22,24
1972,7,2,3,4,6,7,8,10,11,12,14,15,17,23,25
1972,8,2,3,5,7,8,9,10,11,14,15,18,19,20,25
1973,1,1,3,5,6,7,8,9,11,12,13,14,17,22,25
1973,2,2,3,4,5,8,10,12,13,15,16,17,20,21,23
1973,3,1,2,4,7,8,9,11,12,13,16,17,19,22,23
1973,4,1,2,4,7,8,11,14,16,17,18,20,21,24,25
1973,5,2,5,6,7,8,9,11,14,15,16,18,20,24,25
1973,6,2,5,6,8,9,10,11,15,17,21,22,23,24,25
1973,7,3,4,5,6,8,9,13,15,18,19,20,22,23,25
1973,8,1,2,4,7,10,13,14,16,17,18,20,22,24,25
1974,1,1,4,7,8,11,12,14,15,16,18,21,22,23,25
1974,2,6,7,9,10,11,12,13,14,15,16,17,19,20,21
1974,3,1,4,5,6,7,8,13,17,18,19,22,23,24,25
1974,4,2,4,5,8,10,11,12,13,16,17,18,22,23,24
1974,5,1,2,5,7,8,11,14,15,16,17,19,21,23,24
1974,6,1,3,4,5,6,9,12,15,17,19,20,22,23,25
1974,7,2,5,6,7,9,10,11,12,14,16,18,19,22,23
1974,8,1,3,4,6,7,8,9,10,12,17,18,20,22,24
1975,1,4,5,6,7,8,10,11,12,14,15,17,18,21,23
1975,2,2,4,5,7,10,11,14,15,16,18,20,21,22,25
1975,3,2,4,5,7,9,10,11,12,13,18,20,23,24,25
1975,4,2,3,7,9,10,12,13,14,17,19,20,21,22,25
1975,5,1,3,4,5,7,10,11,13,14,16,18,21,23,24
1975,6,1,3,4,5,6,9,10,11,12,13,15,17,18,21
1975,7,1,3,5,7,9,10,11,12,13,14,17,19,23,25
1975,8,1,2,6,9,10,12,14,15,19,21,22,23,24,25
1976,1,1,2,3,4,7,9,11,13,15,18,19,20,21,25
1976,2,1,5,7,10,11,12,13,15,16,18,19,20,21,23
1976,3,3,5,8,9,11,12,13,15,16,17,18,19,20,23
1976,4,1,3,4,6,7,8,10,12,13,14,16,17,20,24
1976,5,3,5,7,8,12,13,15,17,18,19,20,23,24,25
1976,6,1,2,5,6,7,8,9,10,11,14,15,18,22,24
1976,7,1,3,4,5,8,10,12,14,15,16,19,23,24,25
1976,8,2,4,5,9,10,11,12,14,15,16,18,19,20,22
1977,1,1,2,3,6,8,9,11,15,16,18,21,23,24,25
1977,2,1,2,4,9,10,11,12,14,15,16,17,18,20,25
1977,3,1,2,4,10,11,12,13,14,17,18,21,22,24,25
1977,4,2,4,5,6,8,9,11,15,16,18,20,23,24,25
1977,5,2,3,5,6,9,11,12,13,16,18,20,22,23,25
1977,6,2,3,4,5,6,8,12,13,14,18,19,20,21,25
1977,7,1,2,3,4,6,7,13,16,17,20,22,23,24,25
1977,8,2,4,5,6,7,8,11,12,14,16,18,20,21,22
1978,1,1,2,3,5,7,8,10,12,16,19,21,22,23,25
1978,2,1,2,3,7,9,10,12,14,15,18,21,22,24,25
1978,3,1,2,3,8,13,14,16,19,20,21,22,23,24,25
1978,4,1,2,4,7,9,11,12,14,15,17,18,19,20,21
1978,5,3,4,8,10,11,12,13,15,16,19,20,22,24,25
1978,6,1,2,4,7,10,13,14,17,18,19,21,22,24,25
1978,7,3,4,8,9,10,11,12,13,15,16,17,18,22,23
1978,8,1,2,4,11,12,14,15,17,20,21,22,23,24,25
1979,1,1,4,5,7,8,9,11,16,17,18,19,21,22,23
1979,2,3,4,5,6,7,8,9,11,12,15,17,18,21,25
1979,3,1,2,5,7,9,11,15,16,17,18,20,21,22,25
1979,4,1,2,5,10,11,12,16,18,19,20,21,22,24,25
1979,5,1,4,5,6,13,14,15,17,19,20,21,22,23,24
1979,6,1,3,5,6,8,11,13,14,17,21,22,23,24,25
1979,7,1,4,5,6,7,8,15,17,19,20,22,23,24,25
1979,8,3,4,5,6,7,8,10,11,14,15,16,19,20,21
1980,1,2,3,7,9,10,11,15,16,17,18,19,20,21,24
1980,2,1,5,6,7,9,10,12,13,15,18,19,21,23,24
1980,3,2,6,7,13,14,16,18,19,20,21,22,23,24,25
1980,4,1,3,4,5,6,8,10,11,12,15,17,19,20,24
1980,5,1,2,4,6,9,10,11,15,16,19,20,22,23,25
1980,6,2,3,5,8,9,10,11,13,14,16,17,18,20,22
1980,7,1,2,3,5,6,9,10,11,12,15,19,20,22,23
1980,8,1,3,8,10,11,12,13,14,16,21,22,23,24,25
1981,1,2,3,4,5,7,8,12,13,14,16,18,21,22,25
1981,2,1,3,4,5,6,7,8,13,15,18,19,22,24,25
1981,3,1,2,3,4,5,6,10,12,13,14,17,20,23,24
1981,4,1,2,5,8,9,11,13,14,15,16,18,20,22,24
1981,5,1,3,5,8,10,12,13,14,17,18,19,21,22,23
1981,6,1,2,4,5,6,9,11,12,15,19,20,22,23,25
1981,7,3,4,5,7,8,11,14,16,17,18,19,21,22,25
1981,8,1,2,6,7,8,9,10,11,12,13,16,18,24,25
1982,1,2,4,7,8,9,12,15,16,18,20,21,23,24,25
1982,2,2,4,5,7,9,11,12,13,15,16,20,23,24,25
1982,3,1,3,4,6,7,8,9,10,11,12,18,19,23,24
1982,4,1,4,5,6,7,9,12,14,15,17,19,20,21,23
1982,5,1,2,5,6,7,10,11,12,13,15,16,20,21,22
1982,6,2,3,4,5,9,11,12,14,18,21,22,23,24,25
1982,7,1,3,5,8,10,11,12,15,17,18,22,23,24,25
1982,8,2,3,4,5,7,8,9,12,14,15,17,18,19,22
1983,1,3,4,7,9,10,13,14,15,16,17,18,20,24,25
1983,2,2,4,6,7,9,10,11,15,16,17,20,23,24,25
1983,3,2,3,5,6,8,9,10,11,13,15,18,20,24,25
1983,4,4,6,9,12,13,14,15,17,18,19,21,22,23,25
1983,5,3,5,9,10,11,13,17,18,19,20,22,23,24,25
1983,6,2,5,6,7,9,11,12,13,14,15,16,22,24,25
1983,7,2,7,8,9,10,12,13,14,16,18,22,23,24,25
1983,8,1,2,3,5,6,8,12,13,14,16,18,20,22,23
1984,1,1,2,3,4,6,7,8,11,12,13,14,16,17,19
1984,2,2,4,5,7,8,10,12,15,16,17,20,21,22,23
1984,3,2,3,8,11,12,13,14,15,17,19,20,21,22,24
1984,4,1,3,4,7,8,10,11,12,13,15,16,19,22,23
1984,5,1,2,4,6,7,8,9,12,13,14,18,19,20,23
1984,6,1,2,4,5,9,10,11,12,14,16,18,21,22,25
1984,7,1,2,4,7,8,10,11,13,14,15,20,21,22,23
1984,8,1,5,6,7,8,11,12,15,17,18,20,21,23,25
1985,1,1,2,3,4,6,7,9,13,14,15,17,18,20,24
1985,2,2,3,4,9,11,13,15,16,17,18,20,21,23,25
1985,3,2,3,5,8,11,13,14,15,16,17,18,21,24,25
1985,4,2,3,4,5,6,7,9,10,12,13,18,19,21,24
1985,5,2,3,7,8,9,10,11,12,14,15,16,18,22,25
1985,6,2,5,6,7,9,12,14,15,18,19,20,22,24,25
1985,7,5,7,8,9,10,12,16,17,18,19,20,21,22,23
1985,8,1,2,7,10,11,12,15,16,17,18,19,22,23,24
1986,1,1,2,9,11,12,13,14,15,17,18,19,20,23,24
1986,2,3,4,5,8,10,11,12,14,15,17,18,20,22,24
1986,3,1,3,4,6,8,12,13,14,15,16,18,20,24,25
1986,4,1,3,6,8,10,11,12,15,17,20,22,23,24,25
1986,5,1,2,3,4,9,10,11,12,14,15,19,20,22,24
1986,6,1,2,3,5,6,8,9,10,12,13,14,15,18,23
1986,7,1,2,4,5,6,9,11,12,13,16,17,20,22,24
1986,8,1,2,6,7,8,9,10,12,13,18,20,21,23,24
1987,1,2,3,4,6,10,11,15,17,18,19,20,23,24,25
1987,2,3,4,5,6,9,12,13,14,18,20,21,23,24,25
1987,3,1,3,5,6,7,8,9,10,14,15,16,22,23,25
1987,4,2,5,8,9,11,13,14,16,17,19,22,23,24,25
1987,5,3,4,5,6,7,8,10,11,13,15,19,20,22,23
1987,6,1,2,7,9,11,15,16,17,18,19,20,22,24,25
1987,7,1,3,5,7,10,12,13,16,17,19,20,22,23,25
1987,8,4,5,9,10,11,13,15,16,19,20,21,23,24,25
1988,1,1,2,4,5,10,14,15,16,17,20,21,22,24,25
1988,2,1,2,3,5,11,12,13,14,15,16,17,19,21,24
1988,3,2,4,6,7,9,10,12,15,17,19,20,22,24,25
1988,4,1,5,7,8,11,12,16,17,19,20,21,22,23,25
1988,5,2,4,5,10,11,12,13,19,20,21,22,23,24,25
1988,6,1,2,4,5,6,7,9,11,12,14,16,17,19,21
1988,7,1,3,4,5,7,8,9,10,11,14,17,19,21,23
1988,8,2,3,5,7,10,12,13,14,18,20,22,23,24,25
1989,1,1,2,3,6,7,8,10,13,15,20,21,23,24,25
1989,2,2,6,8,9,10,12,13,14,16,18,20,21,22,23
1989,3,2,4,6,9,10,11,12,13,14,16,19,20,21,23
1989,4,2,4,5,7,9,10,11,13,17,18,19,21,22,25
1989,5,2,3,4,5,7,9,10,14,15,19,20,22,24,25
1989,6,2,5,6,7,8,10,12,13,16,18,20,22,23,25
1989,7,2,3,4,5,7,9,10,13,15,18,19,21,23,24
1989,8,1,3,4,8,9,10,11,14,18,20,21,23,24,25
1990,1,3,4,5,8,9,10,11,12,18,19,20,21,23,25
1990,2,2,5,7,8,10,11,12,14,16,20,22,23,24,25
1990,3,3,4,6,8,9,11,12,13,15,16,17,18,19,21
1990,4,5,6,7,9,10,11,13,16,17,20,22,23,24,25
1990,5,1,3,4,6,8,9,10,11,12,13,16,20,21,25
1990,6,2,3,4,5,10,12,13,16,17,18,19,20,23,25
1990,7,1,2,3,6,7,8,9,10,11,13,15,16,23,24
1990,8,2,3,4,7,8,10,11,12,13,18,20,22,23,25
1991,1,2,3,5,8,9,11,12,13,18,19,20,21,22,25
1991,2,1,2,5,7,8,12,13,15,16,19,20,22,23,25
1991,3,1,2,4,5,8,10,12,17,18,19,20,23,24,25
1991,4,5,6,7,8,9,12,13,14,16,17,18,20,21,22
1991,5,1,4,7,10,11,12,15,16,18,19,21,22,23,25
1991,6,3,4,5,7,10,12,13,15,17,19,21,22,23,24
1991,7,3,4,5,8,10,15,18,19,20,21,22,23,24,25
1991,8,1,3,4,6,8,10,13,14,15,16,19,20,21,22
1992,1,4,6,8,9,10,12,16,17,18,20,21,22,23,24
1992,2,2,4,5,6,7,10,11,13,14,16,17,20,21,22
1992,3,2,3,4,6,9,11,13,14,17,18,19,21,22,24
1992,4,1,2,3,5,6,8,12,14,16,19,21,22,23,24
1992,5,1,3,4,6,8,9,11,12,15,18,20,22,23,25
1992,6,1,3,4,5,6,7,11,13,15,18,19,21,22,23
1992,7,1,3,5,7,8,9,10,12,14,15,16,20,21,23
1992,8,1,2,4,6,7,10,11,13,14,15,20,21,23,24
1993,1,1,2,4,6,10,11,12,14,17,18,19,22,23,24
1993,2,1,6,7,8,9,12,14,15,17,18,19,21,22,25
1993,3,1,2,5,6,8,9,15,16,19,21,22,23,24,25
1993,4,2,4,5,7,8,14,15,16,17,19,20,21,22,25
1993,5,1,2,3,6,7,9,11,12,13,14,16,18,21,23
1993,6,1,2,4,5,6,7,11,13,15,19,20,21,22,23
1993,7,3,6,7,8,9,12,13,14,17,18,19,20,21,23
1993,8,4,5,6,7,9,12,15,16,17,18,19,20,21,23
1994,1,3,5,6,7,8,10,13,16,18,19,20,22,23,24
1994,2,3,4,7,8,9,11,13,15,16,19,21,22,24,25
1994,3,4,5,7,8,9,11,12,13,14,15,19,20,21,25
1994,4,1,2,4,5,12,13,14,16,18,19,21,23,24,25
1994,5,2,3,4,6,9,16,17,18,19,20,21,22,23,25
1994,6,2,3,4,6,7,8,9,10,11,13,15,16,23,24
1994,7,1,4,5,6,7,9,10,11,12,17,18,20,21,24
1994,8,4,5,7,8,9,10,11,12,13,14,15,16,18,22
1995,1,1,2,3,6,7,11,13,14,15,20,21,22,23,24
1995,2,4,5,6,7,10,12,13,17,19,20,22,23,24,25
1995,3,3,5,6,7,8,9,10,12,14,16,17,21,22,25
1995,4,2,3,6,8,9,12,13,14,15,19,20,21,23,24
1995,5,1,6,9,10,11,13,15,16,18,19,20,21,22,25
1995,6,2,3,4,5,8,9,11,12,13,17,19,21,23,24
1995,7,1,2,3,4,8,9,10,16,17,18,19,21,24,25
1995,8,1,2,3,5,6,7,8,11,12,16,18,19,20,24
1996,1,3,4,5,7,8,10,12,13,14,16,19,23,24,25
1996,2,3,4,5,6,9,12,13,14,15,19,22,23,24,25
1996,3,3,7,8,10,11,12,15,16,17,18,19,21,22,23
1996,4,1,2,3,5,6,9,12,13,14,15,16,17,21,24
1996,5,1,2,4,7,9,11,12,15,19,20,22,23,24,25
1996,6,1,2,3,5,8,10,11,12,13,16,21,22,24,25
1996,7,3,4,5,7,8,10,12,13,15,17,18,20,21,22
1996,8,2,8,9,10,13,14,15,16,17,20,21,22,23,24
1997,1,1,3,5,7,8,10,11,12,13,15,17,23,24,25
1997,2,1,2,5,6,7,8,10,11,15,16,17,18,24,25
1997,3,5,7,8,12,14,15,16,17,18,20,21,23,24,25
1997,4,1,3,4,8,9,10,12,16,17,18,19,20,21,22
1997,5,2,4,5,6,10,12,13,14,15,16,21,22,24,25
1997,6,2,4,6,10,11,12,15,16,17,18,20,21,24,25
1997,7,2,3,4,5,6,9,11,17,18,19,22,23,24,25
1997,8,1,2,5,6,7,9,10,14,15,17,21,22,24,25
1998,1,1,2,4,8,10,11,12,13,15,16,21,22,23,24
1998,2,4,7,8,9,11,15,16,18,19,20,21,22,23,24
1998,3,1,2,7,9,10,11,12,13,16,18,19,22,24,25
1998,4,1,4,5,7,9,15,16,18,20,21,22,23,24,25
1998,5,1,3,5,6,7,8,9,11,15,19,20,22,24,25
1998,6,2,3,4,7,8,11,12,13,15,16,18,20,24,25
1998,7,1,3,4,5,6,7,9,15,17,18,19,22,23,24
1998,8,1,3,6,8,11,12,14,15,16,18,20,21,23,25
1999,1,1,2,5,6,7,8,11,16,17,18,19,22,23,25
1999,2,5,7,8,9,10,11,12,13,14,15,16,17,18,21
1999,3,1,2,3,6,8,10,16,17,18,20,21,23,24,25
1999,4,1,2,4,5,7,8,9,13,18,19,21,23,24,25
1999,5,5,6,7,8,10,12,13,14,15,17,18,20,22,25
1999,6,2,5,6,8,11,12,13,14,15,18,22,23,24,25
1999,7,2,4,6,8,9,12,14,16,17,18,20,21,23,25
1999,8,3,4,5,8,9,10,14,18,19,20,21,23,24,25
2000,1,2,5,6,7,8,9,10,14,15,17,19,21,23,25
2000,2,1,4,6,7,9,10,11,15,17,18,20,22,23,24
2000,3,3,5,6,7,8,9,10,13,14,15,18,20,22,25
2000,4,3,4,6,8,10,11,12,13,16,20,21,23,24,25
2000,5,2,4,5,6,7,9,10,12,13,14,17,19,22,24
2000,6,3,4,5,7,9,10,13,15,17,18,19,22,23,24
2000,7,1,2,3,5,6,7,8,10,11,12,13,14,20,22
2000,8,1,4,5,6,9,11,12,16,17,20,21,23,24,25
2001,1,1,2,4,6,7,8,10,15,17,18,20,21,22,24
2001,2,1,3,4,5,6,8,9,10,13,14,15,19,24,25
2001,3,1,2,3,4,5,7,8,12,13,14,16,17,20,23
2001,4,4,5,8,10,12,13,15,17,18,19,20,23,24,25
2001,5,3,4,5,6,7,8,10,11,12,13,15,19,21,22
2001,6,2,3,5,6,8,9,10,11,18,19,20,22,23,25
2001,7,1,3,4,5,6,8,9,12,13,14,15,16,19,24
2001,8,2,5,7,8,9,10,11,12,16,17,18,21,22,25
2002,1,1,2,3,5,8,10,12,13,14,16,18,19,20,23
2002,2,3,4,5,7,9,10,11,15,16,21,22,23,24,25
2002,3,1,4,5,7,8,10,12,13,14,15,19,20,21,22
2002,4,1,3,5,7,8,10,11,13,14,18,19,20,23,24
2002,5,1,2,4,5,6,7,10,11,12,13,20,21,22,24
2002,6,1,2,7,8,10,11,12,13,15,16,20,21,22,23
2002,7,1,3,4,8,9,11,16,18,19,20,22,23,24,25
2002,8,1,3,4,5,8,9,11,12,15,17,20,21,23,25
2003,1,1,3,5,6,8,11,13,15,17,18,21,23,24,25
2003,2,1,2,3,6,8,9,11,12,14,15,16,17,22,24
2003,3,2,7,10,11,12,13,14,15,18,19,20,22,23,24
2003,4,2,3,5,6,8,9,11,13,15,16,17,18,22,25
2003,5,3,4,6,7,8,10,11,14,15,17,18,20,21,25
2003,6,1,2,4,6,7,10,11,13,14,15,16,18,19,22
2003,7,1,2,5,6,8,9,10,13,14,17,18,22,23,25
2003,8,2,3,4,8,11,12,13,14,15,17,18,20,21,24
2004,1,1,3,4,5,6,7,8,11,15,16,17,18,19,25
2004,2,1,2,3,4,10,12,15,16,19,20,22,23,24,25
2004,3,2,5,6,7,8,9,11,13,16,18,19,21,22,23
2004,4,1,2,3,6,8,9,10,11,12,13,14,15,20,21
2004,5,1,2,3,5,7,8,9,11,12,14,16,17,20,23
2004,6,1,3,4,5,6,8,10,14,15,17,19,21,24,25
2004,7,1,3,4,5,8,11,12,13,14,18,19,21,22,23
2004,8,1,2,5,6,7,8,9,13,14,16,20,23,24,25
2005,1,1,2,3,4,5,8,10,12,13,15,19,20,21,25
2005,2,3,5,7,9,11,14,15,16,17,19,20,22,23,24
2005,3,4,5,6,7,9,10,11,14,15,17,18,19,21,23
2005,4,1,4,6,7,9,10,11,13,15,17,18,23,24,25
2005,5,1,2,7,10,11,12,13,15,16,17,18,21,23,25
2005,6,1,2,5,6,10,11,12,13,14,15,17,20,21,22
2005,7,3,4,7,8,9,10,12,16,19,20,21,22,24,25
2005,8,2,3,8,9,10,11,12,13,15,16,17,21,24,25
2006,1,1,3,5,6,8,9,12,17,18,19,21,22,24,25
2006,2,1,3,6,11,12,15,16,19,20,21,22,23,24,25
2006,3,1,2,4,5,7,8,9,10,12,14,19,21,24,25
2006,4,2,4,9,10,11,13,14,15,16,19,22,23,24,25
2006,5,3,4,5,7,8,9,12,15,16,17,20,21,22,23
2006,6,1,2,4,5,7,11,13,14,17,19,20,22,24,25
2006,7,2,5,9,12,13,14,15,16,17,18,20,21,22,25
2006,8,1,2,3,4,7,9,10,12,14,16,17,18,23,25
2007,1,1,2,3,5,7,9,11,12,13,15,16,18,19,23
2007,2,2,3,6,7,8,10,11,13,15,17,18,20,21,22
2007,3,1,2,3,5,6,9,11,13,16,18,20,22,23,24
2007,4,1,2,4,6,8,9,16,18,19,20,21,22,23,24
2007,5,1,2,7,8,9,11,12,13,14,16,18,19,20,23
2007,6,5,8,9,10,11,12,13,14,15,16,21,23,24,25
2007,7,1,2,3,6,7,8,10,13,15,17,18,20,23,25
2007,8,1,2,3,4,5,6,7,9,14,15,20,21,22,24
2008,1,2,3,4,6,8,9,10,11,12,14,15,17,19,24
2008,2,1,2,5,6,7,8,9,12,13,14,15,19,24,25
2008,3,1,2,6,9,10,11,12,16,17,18,22,23,24,25
2008,4,1,2,6,7,8,11,12,13,14,15,19,20,23,24
2008,5,1,5,8,9,10,14,16,17,18,19,20,21,22,24
2008,6,3,5,6,8,9,11,15,16,17,18,19,21,23,24
2008,7,1,4,7,9,10,11,15,16,17,18,20,21,22,24
2008,8,1,5,8,9,10,14,15,18,19,20,21,22,23,25
2009,1,1,2,4,6,7,8,10,11,12,13,18,19,24,25
2009,2,1,4,7,8,9,10,11,14,15,18,19,20,22,25
2009,3,1,3,6,9,10,11,12,13,14,15,16,17,18,21
2009,4,2,4,8,9,10,12,13,14,15,17,19,20,23,25
2009,5,1,2,5,7,8,11,15,16,18,19,22,23,24,25
2009,6,4,5,8,9,10,11,13,14,17,18,19,20,22,24
2009,7,1,2,3,7,10,13,14,15,18,19,21,23,24,25
2009,8,2,4,5,6,8,9,10,12,14,15,17,18,19,21
2010,1,1,3,4,5,7,9,10,13,16,18,19,20,24,25
2010,2,1,2,4,5,7,8,11,14,15,16,17,18,21,24
2010,3,2,5,6,7,10,11,14,15,18,20,21,22,23,24
2010,4,2,4,5,9,10,11,12,13,15,18,20,21,24,25
2010,5,1,3,5,6,11,12,13,14,15,16,17,18,22,23
2010,6,6,7,8,9,10,11,12,14,17,18,20,22,23,24
2010,7,3,4,6,7,9,10,11,12,17,18,20,22,23,24
2010,8,2,3,4,5,7,9,11,13,15,17,22,23,24,25
2011,1,2,4,6,7,10,11,12,14,15,17,19,22,23,25
2011,2,5,6,10,11,12,13,15,16,17,19,21,23,24,25
2011,3,1,2,3,5,6,9,15,17,18,19,20,21,22,24
2011,4,3,4,7,11,12,13,14,16,18,19,20,21,23,25
2011,5,1,2,3,4,7,8,9,10,12,14,16,18,19,24
2011,6,1,2,5,6,9,10,11,12,13,14,16,17,19,20
2011,7,1,2,5,6,7,8,10,12,14,16,21,22,23,25
2011,8,1,2,4,6,10,12,13,15,16,17,18,20,24,25
2012,1,2,5,9,12,15,16,17,18,19,20,21,22,23,25
2012,2,2,3,5,6,7,13,15,16,17,19,20,21,24,25
2012,3,4,5,6,7,10,11,15,16,17,19,22,23,24,25
2012,4,1,4,5,6,7,8,9,10,11,15,19,22,24,25
2012,5,1,3,4,6,8,9,11,15,16,17,18,22,23,24
2012,6,1,2,3,4,5,7,10,11,14,18,19,20,22,25
2012,7,1,2,4,7,8,9,10,14,17,19,20,23,24,25
2012,8,1,2,3,5,6,7,9,10,12,15,17,18,19,22
2013,1,1,4,5,6,8,12,13,14,15,17,19,21,22,25
2013,2,1,3,5,7,8,10,11,13,15,16,19,20,21,23
2013,3,2,4,5,6,7,13,15,16,17,18,20,21,23,25
2013,4,1,2,9,10,12,13,14,15,16,17,19,22,23,24
2013,5,5,6,7,10,11,12,13,16,17,18,19,22,23,24
2013,6,1,2,4,5,6,8,9,12,13,16,17,18,19,21
2013,7,1,2,4,5,6,9,10,12,14,15,18,19,22,23
2013,8,1,3,6,12,13,14,15,16,17,19,21,22,23,25
2014,1,1,2,3,5,6,7,8,15,16,18,21,22,23,24
2014,2,2,4,8,9,10,12,14,16,17,18,19,20,21,22
2014,3,1,2,3,4,7,11,12,13,14,15,19,22,23,25
2014,4,2,4,8,9,13,14,17,18,19,20,21,23,24,25
2014,5,3,5,6,7,8,9,10,12,17,18,19,20,21,25
2014,6,1,3,8,10,11,13,17,19,20,21,22,23,24,25
2014,7,2,3,4,5,6,9,14,17,18,20,21,22,23,24
2014,8,2,3,4,5,8,9,15,16,17,18,19,20,21,24
2015,1,1,4,6,7,8,9,10,11,14,15,16,19,22,24
2015,2,1,3,6,7,10,11,13,14,16,20,22,23,24,25
2015,3,6,7,8,13,14,15,16,17,18,19,20,21,23,24
2015,4,1,2,3,4,7,9,10,12,14,15,16,22,24,25
2015,5,1,3,4,5,9,10,11,12,15,18,21,23,24,25
2015,6,1,2,4,5,6,7,8,10,13,16,19,20,23,24
2015,7,3,4,5,7,9,10,12,14,17,18,22,23,24,25
2015,8,1,2,6,8,9,11,13,15,16,19,20,22,24,25
2016,1,1,2,3,4,5,6,7,9,11,13,15,16,22,24
2016,2,1,3,5,6,7,8,9,10,11,13,16,18,22,23
2016,3,3,6,7,8,9,11,12,13,14,15,17,18,19,20
2016,4,1,4,5,6,8,10,12,13,14,15,16,17,20,22
2016,5,1,2,3,4,6,8,11,13,14,15,17,19,22,24
2016,6,2,5,7,8,10,11,12,16,18,20,21,22,23,24
2016,7,1,2,3,4,6,10,12,13,14,16,21,22,23,24
2016,8,1,2,5,6,7,9,10,14,15,17,18,20,22,23
2017,1,1,3,4,5,8,9,10,12,13,15,16,17,21,23
2017,2,4,5,7,10,11,12,13,14,18,19,21,22,24,25
2017,3,1,2,3,5,7,8,10,12,13,15,17,21,23,24
2017,4,2,5,6,8,9,10,13,14,15,18,21,22,23,24
2017,5,1,2,3,5,6,7,11,12,13,14,16,17,20,25
2017,6,1,4,6,7,10,13,14,15,16,17,20,21,22,23
2017,7,1,2,3,5,7,9,11,12,15,16,17,18,19,21
2017,8,1,6,9,10,11,13,15,16,17,18,21,22,23,24
2018,1,1,4,5,6,7,11,12,13,15,18,19,20,21,23
2018,2,2,5,6,9,10,11,12,14,16,17,20,21,24,25
2018,3,1,5,7,8,10,11,13,14,15,17,18,20,22,25
2018,4,4,5,7,8,10,11,14,15,18,20,21,23,24,25
2018,5,1,3,5,6,8,9,10,11,14,18,19,20,23,24
2018,6,1,3,5,7,8,9,10,13,16,17,18,21,24,25
2018,7,1,2,3,4,5,6,7,10,12,14,19,22,23,25
2018,8,2,3,4,5,7,8,9,10,13,16,17,18,22,24
2019,1,2,3,6,8,10,11,13,15,16,19,21,23,24,25
2019,2,1,2,4,6,7,12,13,14,15,17,18,21,22,25
2019,3,1,2,4,5,6,7,11,13,15,16,17,18,21,25
2019,4,2,3,9,10,12,15,16,17,19,20,21,22,23,24
2019,5,1,3,4,6,7,9,11,12,13,14,15,17,22,23
2019,6,1,3,4,7,10,12,13,14,16,17,18,19,23,24
2019,7,3,4,5,6,7,8,11,12,14,16,19,21,22,24
2019,8,7,8,9,11,13,14,16,17,18,19,21,22,24,25
2020,1,1,4,5,6,7,10,11,12,13,14,20,22,24,25
2020,2,3,5,6,8,11,12,13,14,15,19,21,22,23,24
2020,3,1,5,6,8,12,13,15,16,17,18,19,20,24,25
2020,4,1,2,3,4,7,10,11,12,15,16,19,20,21,23
2020,5,1,3,4,5,10,12,13,16,18,20,21,22,23,24
2020,6,1,5,6,7,9,10,14,16,17,18,19,20,21,24
2020,7,1,5,6,9,10,11,12,13,14,15,20,21,22,24
2020,8,1,2,3,5,6,7,9,11,18,19,21,22,23,25
2021,1,1,3,5,6,10,11,13,14,15,16,19,20,22,23
2021,2,2,3,5,6,7,9,10,11,14,17,19,20,21,22
2021,3,2,3,4,5,6,7,10,11,14,16,21,22,23,24
2021,4,2,4,5,10,11,13,15,16,17,18,19,21,22,25
2021,5,1,2,4,6,8,9,10,11,13,16,17,19,20,25
2021,6,3,4,5,7,8,10,11,12,14,15,16,19,23,24
2021,7,2,3,4,5,6,7,10,11,12,13,16,19,23,25
2021,8,1,4,6,7,10,13,15,16,18,20,21,22,23,24
2022,1,1,4,6,7,8,10,11,13,15,17,19,20,21,24
2022,2,1,3,4,5,6,7,12,14,15,18,20,21,24,25
2022,3,4,5,8,9,11,14,15,16,17,18,20,22,24,25
2022,4,1,2,4,5,10,11,13,14,15,17,19,22,24,25
2022,5,3,4,6,7,8,9,10,11,12,13,14,16,23,24
2022,6,6,8,9,10,11,13,15,16,17,19,22,23,24,25
2022,7,1,2,5,6,7,10,13,14,15,18,19,22,23,24
2022,8,2,4,6,7,9,11,13,17,18,19,20,21,22,25
2023,1,1,2,3,4,7,8,10,13,15,16,19,21,22,24
2023,2,2,3,4,5,6,7,10,11,15,17,18,19,21,24
2023,3,1,2,3,4,7,8,10,11,12,16,20,21,23,24
2023,4,2,4,5,7,8,10,11,13,14,15,19,21,23,24
2023,5,2,3,4,5,6,9,11,12,13,15,18,21,24,25
2023,6,2,3,7,8,12,13,14,16,18,20,21,22,24,25
2023,7,1,2,4,7,8,9,10,12,16,18,20,21,22,25
2023,8,4,5,7,8,10,12,13,15,16,17,18,23,24,25
2024,1,1,2,3,5,6,8,11,12,13,14,16,18,21,24
2024,2,1,2,3,5,6,8,9,10,11,12,16,17,21,24
2024,3,1,2,6,7,9,10,11,12,13,18,19,21,22,24
2024,4,1,2,4,5,6,7,8,12,13,14,15,16,23,25
2024,5,2,4,5,6,7,8,11,13,15,20,21,23,24,25
2024,6,1,4,8,10,12,13,14,15,16,17,20,21,23,25
2024,7,1,2,3,4,5,7,10,13,16,19,20,22,23,25
2024,8,3,4,6,7,8,10,11,12,13,14,16,19,20,23
2025,1,1,3,4,6,8,9,11,13,14,18,19,22,23,25
2025,2,2,3,4,7,8,9,13,14,15,17,18,19,20,23
2025,3,2,3,7,10,12,13,15,16,18,20,22,23,24,25
2025,4,1,2,3,7,9,10,11,12,14,15,17,19,20,21
2025,5,2,4,5,7,8,11,12,13,14,17,18,20,21,25
2025,6,1,4,5,6,7,8,9,10,11,14,15,17,23,25
2025,7,2,3,6,8,10,12,13,14,15,18,19,20,22,24
2025,8,2,3,5,8,12,13,14,15,19,20,21,22,24,25
2026,1,2,4,5,7,9,10,11,13,14,17,18,20,22,25
2026,2,3,5,6,7,10,11,12,14,17,18,20,21,22,24
2026,3,1,5,6,7,10,12,16,18,19,20,21,22,24,25
2026,4,1,2,4,5,7,8,9,10,13,14,18,20,23,24
2026,5,1,2,4,5,6,8,11,13,14,17,18,19,23,25
2026,6,1,2,3,4,6,7,8,10,11,12,13,14,19,25
2026,7,2,5,6,7,11,12,13,14,15,18,20,22,23,24
2026,8,3,7,8,10,11,12,14,15,18,19,20,21,22,25
2027,1,5,8,10,11,12,13,14,15,17,18,20,21,22,23
2027,2,4,5,7,8,9,11,12,13,16,17,18,19,21,25
2027,3,3,4,5,6,7,9,14,15,16,20,21,22,23,25
2027,4,2,5,8,10,11,13,15,16,18,19,21,23,24,25
2027,5,1,4,5,7,8,10,12,15,20,21,22,23,24,25
2027,6,1,2,4,5,6,7,11,12,14,18,20,23,24,25
2027,7,3,4,6,7,8,10,11,12,14,17,18,20,23,24
2027,8,1,4,5,7,8,10,11,12,13,14,16,17,20,22
2028,1,1,4,7,9,10,11,12,13,16,17,18,21,23,25
2028,2,1,2,4,6,9,10,11,12,15,17,19,22,23,25
2028,3,4,5,6,7,8,9,10,13,15,16,18,21,23,24
2028,4,2,3,4,6,7,12,13,14,16,17,18,20,21,23
2028,5,1,3,4,5,8,9,10,15,18,20,21,23,24,25
2028,6,1,3,5,6,7,8,10,11,15,16,18,23,24,25
2028,7,2,3,4,5,8,9,10,11,12,15,16,18,20,24
2028,8,2,3,6,7,8,14,15,16,18,19,21,23,24,25
2029,1,1,3,4,5,10,13,17,18,19,20,22,23,24,25
2029,2,1,2,3,4,7,9,10,12,16,17,19,20,22,23
2029,3,3,4,5,6,7,9,11,13,16,17,19,21,23,24
2029,4,1,4,7,8,9,10,12,14,15,17,18,19,22,25
2029,5,1,3,5,7,8,9,10,12,16,17,20,21,22,25
2029,6,1,2,4,5,7,8,12,13,17,20,21,22,23,25
2029,7,1,3,4,5,6,7,8,10,13,14,18,20,23,24
2029,8,1,2,4,5,6,8,9,11,13,16,19,21,22,23
2030,1,3,4,5,6,9,10,12,14,15,17,18,23,24,25
2030,2,1,2,5,6,7,9,11,14,16,17,19,20,21,23
2030,3,2,4,5,10,11,12,13,15,17,18,19,22,24,25
2030,4,2,4,5,6,7,11,12,13,14,17,19,20,21,24
2030,5,2,4,5,6,8,9,11,13,14,15,20,21,22,23
2030,6,1,2,6,7,9,10,13,14,16,18,19,20,22,23
2030,7,2,3,6,7,8,10,11,12,13,14,19,21,22,25
2030,8,3,7,8,10,15,16,17,18,19,20,21,23,24,25
2031,1,3,4,6,7,8,9,11,13,16,18,19,20,21,23
2031,2,2,3,4,5,7,8,9,11,15,16,17,18,23,25
2031,3,1,3,4,6,7,10,12,13,14,18,21,22,23,24
2031,4,1,4,5,6,8,9,10,13,14,17,18,21,23,25
2031,5,1,2,8,11,12,13,14,15,17,18,21,22,23,25
2031,6,1,2,3,7,10,11,12,14,15,16,18,19,24,25
2031,7,3,5,6,8,10,11,12,13,14,18,19,23,24,25
2031,8,1,2,7,8,9,11,12,13,15,16,19,20,22,25
2032,1,3,4,7,9,10,12,14,17,18,19,20,22,24,25
2032,2,1,2,3,4,7,12,13,14,15,18,19,20,23,24
2032,3,2,3,4,5,7,9,12,13,14,15,19,20,21,22
2032,4,1,2,6,7,8,9,12,13,16,18,19,21,23,25
2032,5,2,3,5,6,7,8,10,11,13,15,16,17,18,19
2032,6,1,2,3,6,7,8,9,11,12,16,17,18,20,21
2032,7,1,2,3,5,8,10,11,12,13,18,19,20,23,25
2032,8,3,4,5,6,7,8,14,15,16,17,19,20,22,23
2033,1,1,2,4,6,8,11,12,13,16,17,19,20,22,24
2033,2,4,5,6,8,9,10,16,18,19,20,21,22,24,25
2033,3,1,2,4,5,8,11,13,14,18,20,21,23,24,25
2033,4,1,3,4,7,8,9,10,11,13,15,17,21,22,23
2033,5,3,4,5,7,8,9,10,12,16,18,22,23,24,25
2033,6,1,5,7,8,10,11,16,18,19,20,21,22,23,25
2033,7,2,3,4,7,8,10,11,12,13,16,17,21,23,24
2033,8,2,3,4,6,7,8,10,15,16,17,20,21,22,25
2034,1,2,3,6,7,9,10,11,12,13,17,20,21,22,24
2034,2,1,3,4,6,8,11,13,14,16,17,18,22,23,25
2034,3,2,3,4,9,11,12,14,15,16,18,20,23,24,25
2034,4,2,4,5,9,10,11,12,13,14,17,18,23,24,25
2034,5,1,2,5,9,10,11,13,14,15,16,21,22,24,25
2034,6,1,2,3,7,11,13,16,17,18,19,20,21,22,23
2034,7,1,3,4,5,6,8,10,11,14,15,21,22,24,25
2034,8,1,2,3,4,9,11,12,14,15,16,17,18,21,23
2035,1,1,2,3,8,10,12,13,17,18,20,21,22,24,25
2035,2,2,4,5,8,9,10,12,16,17,18,19,21,24,25
2035,3,1,4,5,6,9,13,14,17,18,19,20,22,23,24
2035,4,1,2,4,6,8,10,11,12,15,18,19,22,23,25
2035,5,3,4,6,7,9,10,11,14,15,18,19,20,21,23
2035,6,2,4,8,9,10,12,14,16,17,18,20,21,22,25
2035,7,2,4,5,6,9,13,14,17,18,21,22,23,24,25
2035,8,2,3,7,10,11,12,13,15,17,18,19,21,22,25
2036,1,3,4,6,7,8,9,11,17,18,21,22,23,24,25
2036,2,1,7,9,10,11,12,14,15,18,19,20,21,24,25
2036,3,2,4,5,6,7,9,10,11,12,14,15,21,22,24
2036,4,1,2,7,9,10,12,13,14,16,17,19,22,23,25
2036,5,1,2,3,6,8,9,12,14,17,18,19,21,22,24
2036,6,1,2,3,4,5,7,9,10,14,16,19,22,23,25
2036,7,1,2,4,5,6,7,9,10,14,15,17,18,21,25
2036,8,5,6,7,8,9,10,11,12,13,14,16,17,20,25
2037,1,4,6,10,11,12,13,15,16,17,18,19,20,21,23
2037,2,1,3,4,8,9,10,12,14,16,18,19,22,23,25
2037,3,1,4,7,9,10,11,12,14,16,17,18,21,24,25
2037,4,1,2,4,5,8,11,12,14,15,17,18,21,23,25
2037,5,1,6,8,10,12,13,14,16,17,18,22,23,24,25
2037,6,1,2,4,5,6,7,8,9,10,11,13,15,17,18
2037,7,2,3,5,6,7,8,9,10,11,14,18,22,24,25
2037,8,1,2,3,7,8,9,11,16,17,18,21,23,24,25
2038,1,2,3,4,5,7,11,12,13,14,15,16,17,18,19
2038,2,2,3,4,5,6,11,12,13,16,18,19,21,22,25
2038,3,2,5,6,10,12,13,14,15,16,17,21,22,23,25
2038,4,1,2,3,5,7,9,13,14,15,17,19,20,21,23
2038,5,1,2,3,4,6,8,12,13,14,15,20,21,22,24
2038,6,1,4,5,6,9,10,11,12,15,16,20,22,24,25
2038,7,3,4,6,9,10,11,14,16,17,19,22,23,24,25
2038,8,2,4,5,6,7,13,14,18,20,21,22,23,24,25
2039,1,1,2,4,5,10,12,14,15,17,19,20,23,24,25
2039,2,3,4,6,8,10,11,12,14,15,16,17,21,23,25
2039,3,3,5,6,7,9,10,12,13,14,15,16,17,21,25
2039,4,2,4,6,7,8,9,10,11,13,15,18,20,21,25
2039,5,2,6,8,10,11,12,13,14,16,18,20,21,22,24
2039,6,5,6,7,10,11,12,14,15,16,17,18,20,21,23
2039,7,3,4,6,7,8,9,10,11,13,15,16,17,20,22
2039,8,2,3,4,6,8,10,11,12,13,14,16,20,22,24
2040,1,1,2,6,7,8,10,11,12,13,14,18,19,21,22
2040,2,1,2,4,8,11,13,14,16,17,18,19,20,22,25
2040,3,1,5,6,9,11,12,13,15,17,20,21,22,23,25
2040,4,1,3,7,8,9,10,12,14,15,17,21,22,23,25
2040,5,1,2,3,4,6,7,8,9,10,18,19,20,23,25
2040,6,1,4,8,9,10,11,12,14,15,17,20,21,22,25
2040,7,2,5,6,7,10,12,13,14,16,19,21,22,24,25
2040,8,1,3,7,10,11,13,14,15,16,19,20,21,23,25
2041,1,1,2,3,5,6,11,12,13,17,20,21,23,24,25
2041,2,1,2,3,7,9,10,11,15,18,19,20,22,23,25
2041,3,1,3,4,5,8,9,10,14,15,17,19,20,21,24
2041,4,1,2,3,4,5,8,9,12,15,18,20,21,22,24
2041,5,2,5,7,9,10,11,14,16,17,19,20,22,23,25
2041,6,3,4,7,8,12,13,15,16,18,19,20,21,23,25
2041,7,1,4,8,10,13,15,16,18,19,21,22,23,24,25
2041,8,2,5,8,9,10,12,15,17,18,19,21,22,23,25
2042,1,4,5,6,8,11,12,15,17,19,21,22,23,24,25
2042,2,2,3,6,7,8,10,11,12,13,14,16,18,20,25
2042,3,1,5,6,7,10,11,13,16,17,18,19,23,24,25
2042,4,1,2,3,5,6,7,8,13,14,16,18,20,21,24
2042,5,1,2,5,6,7,10,11,13,16,17,20,21,24,25
2042,6,1,5,6,8,11,13,17,18,19,20,21,22,23,24
2042,7,1,2,4,5,7,8,10,11,12,19,20,21,22,25
2042,8,2,3,4,5,6,7,8,9,11,14,17,18,19,22
2043,1,2,3,4,5,6,10,11,12,13,16,20,22,23,25
2043,2,7,10,11,12,13,14,16,17,20,21,22,23,24,25
2043,3,2,3,4,5,6,7,9,10,12,14,15,16,20,24
2043,4,2,3,4,7,8,11,12,16,18,20,21,22,24,25
2043,5,5,6,10,11,12,14,16,17,18,19,21,22,24,25
2043,6,1,5,7,8,10,11,14,16,18,20,21,22,24,25
2043,7,1,2,3,4,5,7,8,11,12,13,17,18,19,24
2043,8,2,5,6,7,10,11,12,14,15,16,21,22,24,25
2044,1,2,6,7,8,9,10,13,14,18,19,20,22,23,25
2044,2,1,2,3,4,9,12,13,14,15,17,18,20,23,25
2044,3,1,3,5,6,7,8,9,12,13,17,20,21,24,25
2044,4,1,3,4,5,9,10,12,13,16,17,18,19,24,25
2044,5,1,2,4,7,9,10,11,12,13,15,16,21,22,23
2044,6,2,3,7,9,10,11,14,15,16,20,21,22,23,24
2044,7,2,3,4,5,6,9,10,11,12,14,17,19,23,25
2044,8,2,4,5,7,10,11,12,14,15,16,19,21,22,23
2045,1,2,4,5,10,11,13,15,16,17,18,19,21,22,24
2045,2,1,2,3,4,5,7,9,13,16,20,21,23,24,25
2045,3,1,2,5,6,8,10,11,12,13,15,18,20,22,23
2045,4,2,3,6,7,9,10,11,12,13,16,18,21,22,24
2045,5,1,2,7,9,10,11,13,15,17,18,20,22,24,25
2045,6,4,6,8,13,15,16,17,18,19,20,21,22,23,25
2045,7,1,2,4,5,7,8,9,10,16,17,18,19,22,23
2045,8,1,3,4,5,6,8,11,12,13,15,17,20,23,24
2046,1,1,2,3,6,7,12,13,14,17,18,19,21,23,24
2046,2,1,3,4,5,6,8,9,12,13,14,15,17,19,20
2046,3,1,2,4,5,6,7,12,13,14,17,18,19,20,25
2046,4,1,3,4,7,9,11,14,15,17,18,19,21,24,25
2046,5,1,2,3,4,6,8,9,12,13,17,19,20,22,24
2046,6,1,3,4,5,7,8,10,11,12,13,16,17,18,25
2046,7,2,3,4,5,6,7,11,12,15,17,18,19,20,25
2046,8,3,4,5,6,7,10,11,12,14,19,20,22,24,25
2047,1,3,4,5,6,9,10,11,13,14,15,20,22,23,25
2047,2,1,4,5,8,9,10,11,13,15,18,19,21,22,23
2047,3,2,3,6,7,14,15,16,17,19,21,22,23,24,25
2047,4,1,3,6,9,10,11,15,16,17,18,19,21,22,24
2047,5,2,5,6,9,10,11,12,13,16,18,20,21,24,25
2047,6,3,5,7,12,13,16,17,18,19,20,21,22,24,25
2047,7,1,2,3,5,6,8,11,13,16,19,21,23,24,25
2047,8,1,3,5,8,9,11,13,14,16,17,18,22,23,25
2048,1,3,5,8,11,12,14,16,17,19,20,21,22,23,24
2048,2,1,2,3,8,9,10,11,12,16,17,19,20,22,24
2048,3,2,4,6,7,8,9,10,13,14,15,20,21,23,24
2048,4,1,3,4,7,8,9,10,11,12,15,17,19,24,25
2048,5,1,3,4,7,8,10,11,14,15,16,17,18,20,21
2048,6,2,5,7,8,9,12,15,16,17,19,21,23,24,25
2048,7,2,4,6,7,8,9,11,12,13,15,16,18,23,25
2048,8,1,2,3,6,9,10,12,13,14,16,18,20,23,25
2049,1,1,2,3,4,5,7,8,9,10,15,16,19,20,24
2049,2,2,3,4,9,11,12,13,16,18,20,21,23,24,25
2049,3,2,5,7,8,9,10,13,15,16,21,22,23,24,25
2049,4,1,3,4,6,7,9,10,12,15,18,20,22,23,24
2049,5,3,4,5,6,9,12,13,14,17,18,19,21,22,25
2049,6,2,3,4,6,9,12,14,16,20,21,22,23,24,25
2049,7,2,3,5,6,7,8,9,11,13,16,19,21,22,23
2049,8,1,2,3,4,6,7,8,13,17,18,21,23,24,25
2050,1,1,4,5,6,10,11,12,17,18,19,21,22,24,25
2050,2,2,3,4,5,6,9,10,11,13,16,19,20,22,24
2050,3,3,4,5,6,7,8,13,14,15,16,18,19,22,25
2050,4,1,2,4,5,6,7,9,11,13,14,15,21,24,25
2050,5,1,2,3,5,6,8,9,10,11,12,15,18,20,25
2050,6,1,2,4,5,7,9,10,11,13,15,17,18,20,22
2050,7,2,4,6,7,8,11,14,15,17,18,19,21,24,25
2050,8,3,4,6,8,9,12,13,14,18,19,20,21,24,25
2051,1,2,3,4,6,9,13,16,17,18,19,20,21,23,24
2051,2,2,3,5,8,9,10,12,17,18,19,22,23,24,25
2051,3,3,7,10,11,13,15,16,17,19,20,21,22,23,25
2051,4,1,2,4,5,7,8,10,12,14,15,18,19,20,25
2051,5,3,5,8,9,11,12,13,14,16,20,21,22,23,25
2051,6,1,2,3,5,7,8,9,10,16,17,18,19,24,25
2051,7,2,4,8,9,11,13,14,16,17,18,19,22,23,24
2051,8,2,3,5,6,7,8,11,16,18,19,20,22,23,25
2052,1,1,2,3,5,6,11,12,15,19,20,21,22,24,25
2052,2,2,3,5,9,10,11,13,15,16,19,20,21,23,24
2052,3,1,5,8,9,10,12,13,15,16,19,20,21,24,25
2052,4,1,2,3,4,5,7,10,11,12,15,18,20,23,25
2052,5,2,3,7,9,10,12,15,16,18,20,22,23,24,25
2052,6,2,3,6,7,8,9,10,11,14,15,16,18,20,22
2052,7,2,3,4,7,8,9,10,11,12,13,14,20,23,25
2052,8,2,4,7,9,11,12,13,14,15,16,18,20,21,23
2053,1,1,3,7,8,10,11,12,13,14,15,19,20,21,25
2053,2,1,2,3,4,6,10,12,14,16,17,18,19,22,23
2053,3,2,3,4,5,6,8,10,11,15,16,18,19,23,25
2053,4,2,4,5,6,7,8,9,15,16,20,21,22,24,25
2053,5,1,3,4,5,8,10,13,15,16,19,20,22,24,25
2053,6,1,2,3,4,6,8,9,11,13,16,18,19,23,24
2053,7,2,5,6,7,11,12,13,16,19,20,21,22,24,25
2053,8,1,4,5,7,8,10,11,13,14,19,20,21,24,25
2054,1,3,4,5,6,7,12,13,14,15,18,19,22,23,24
2054,2,1,2,3,6,7,11,13,14,17,18,19,20,21,22
2054,3,3,5,6,8,11,14,15,16,17,18,19,21,22,25
2054,4,1,3,5,7,8,9,10,11,12,13,14,19,21,25
2054,5,2,7,11,12,13,14,16,17,19,20,21,22,23,25
2054,6,1,4,5,7,9,12,13,14,16,18,19,22,23,25
2054,7,1,2,3,4,7,8,9,10,14,17,18,22,24,25
2054,8,2,3,4,7,8,9,10,12,14,16,19,20,22,23
2055,1,1,2,4,6,10,12,14,15,17,19,20,22,23,24
2055,2,2,3,4,5,6,7,10,13,15,17,19,20,22,23
2055,3,1,2,3,4,5,10,11,12,13,15,18,19,22,24
2055,4,1,3,6,7,9,12,13,17,18,19,21,23,24,25
2055,5,3,4,8,9,10,13,16,19,20,21,22,23,24,25
2055,6,3,7,9,11,12,13,15,16,17,19,20,22,23,24
2055,7,2,6,7,9,12,13,15,16,17,18,20,21,23,25
2055,8,1,2,3,8,11,14,15,16,17,18,20,21,23,24
2056,1,1,2,5,6,8,10,11,12,15,17,20,21,23,24
2056,2,1,2,3,4,5,10,13,16,17,18,19,20,23,25
2056,3,1,5,9,10,13,15,16,17,19,20,21,22,24,25
2056,4,2,3,4,6,12,16,18,19,20,21,22,23,24,25
2056,5,1,2,3,4,9,10,13,15,16,17,18,21,22,23
2056,6,2,3,4,6,7,8,9,13,15,17,19,20,23,24
2056,7,1,2,3,8,9,10,11,13,16,17,19,21,22,25
2056,8,1,4,5,6,8,12,15,16,17,18,19,22,23,25
2057,1,2,6,7,9,10,11,13,14,18,19,20,21,22,24
2057,2,1,2,3,4,6,7,9,11,12,14,19,20,21,24
2057,3,1,2,3,4,5,6,9,11,12,16,17,20,24,25
2057,4,2,3,4,7,8,11,12,14,15,18,19,21,22,23
2057,5,2,4,5,7,8,9,10,13,14,15,16,20,23,24
2057,6,1,2,3,4,5,8,11,13,14,15,16,18,23,24
2057,7,1,2,3,4,5,8,9,12,13,14,17,22,23,24
2057,8,1,5,6,7,10,12,13,14,17,18,21,22,24,25
2058,1,3,4,7,8,10,11,12,13,15,16,17,18,20,21
2058,2,1,2,8,13,15,16,17,19,20,21,22,23,24,25
2058,3,2,3,4,6,8,9,10,13,16,17,21,23,24,25
2058,4,1,8,9,10,12,14,16,19,20,21,22,23,24,25
2058,5,1,3,6,7,9,10,12,13,14,15,18,19,21,24
2058,6,1,2,7,8,10,11,12,13,14,15,18,21,23,24
2058,7,3,4,5,6,7,8,9,11,12,14,21,23,24,25
2058,8,1,2,5,7,8,10,11,14,16,18,19,20,22,23
2059,1,3,4,6,7,10,14,15,17,18,19,20,21,22,24
2059,2,2,4,5,7,12,13,14,15,16,17,19,20,21,22
2059,3,1,2,3,5,6,7,10,11,13,18,19,20,21,23
2059,4,1,2,8,10,12,13,15,16,17,18,19,21,24,25
2059,5,4,6,7,8,12,13,14,15,16,17,18,22,24,25
2059,6,2,3,6,7,8,10,11,12,13,14,18,19,20,23
2059,7,1,4,7,9,10,11,12,14,15,17,20,21,24,25
2059,8,1,2,3,5,9,11,12,14,17,19,20,22,23,25
2060,1,5,6,7,8,10,13,14,15,16,20,21,22,24,25
2060,2,2,3,6,9,11,12,13,14,15,17,18,20,22,23
2060,3,5,6,7,9,10,11,12,13,16,19,20,22,23,25
2060,4,1,3,4,5,9,11,14,15,16,19,21,22,23,24
2060,5,1,6,7,9,10,11,12,16,19,20,21,22,23,24
2060,6,3,5,6,7,8,9,12,15,17,21,22,23,24,25
2060,7,1,2,3,5,7,8,11,13,14,15,16,21,23,25
2060,8,3,4,6,7,8,9,12,13,17,18,19,21,24,25
2061,1,2,4,5,6,9,10,14,17,18,20,21,23,24,25
2061,2,1,4,6,7,8,11,12,14,15,16,17,20,21,23
2061,3,3,4,5,7,8,11,12,14,15,16,19,20,23,25
2061,4,3,4,5,6,7,9,10,11,12,15,16,18,20,24
2061,5,1,2,3,4,6,7,8,9,11,13,14,21,23,24
2061,6,1,3,5,6,8,9,11,13,14,17,18,20,22,23
2061,7,1,2,4,5,6,7,8,9,11,12,14,17,18,25
2061,8,1,4,7,10,12,13,14,16,17,18,22,23,24,25
2062,1,2,3,4,7,9,10,11,12,13,15,18,19,20,21
2062,2,1,4,5,8,11,13,14,15,16,20,21,22,23,24
2062,3,5,10,11,12,13,14,15,16,19,20,21,23,24,25
2062,4,1,2,3,6,10,11,13,14,15,18,19,21,23,25
2062,5,3,4,6,7,10,13,16,17,19,20,21,22,23,24
2062,6,1,2,5,6,9,11,12,13,14,19,20,21,22,24
2062,7,1,6,8,10,12,14,16,17,18,19,20,21,23,25
2062,8,2,3,5,8,10,11,15,16,18,19,21,23,24,25
2063,1,1,3,7,8,11,12,14,15,16,20,21,22,23,25
2063,2,1,3,4,5,7,8,9,11,12,13,15,17,19,25
2063,3,2,3,4,6,9,11,13,14,15,18,20,21,24,25
2063,4,1,4,6,7,9,11,14,15,16,19,22,23,24,25
2063,5,1,2,3,7,12,13,14,17,18,19,20,22,23,25
2063,6,3,7,8,9,12,15,16,17,18,19,20,21,24,25
2063,7,2,3,4,5,10,11,12,13,15,18,19,20,23,25
2063,8,2,3,4,10,11,13,15,16,17,18,20,21,24,25
2064,1,1,5,7,8,10,11,12,13,16,20,21,23,24,25
2064,2,1,2,3,4,8,9,11,13,16,17,18,19,24,25
2064,3,2,3,5,8,9,10,11,13,18,21,22,23,24,25
2064,4,2,3,4,5,7,10,13,16,17,19,20,23,24,25
2064,5,3,5,6,7,11,12,13,14,15,16,17,18,20,22
2064,6,1,2,4,5,6,7,8,12,15,16,17,18,22,24
2064,7,1,2,4,5,8,9,10,13,14,15,16,17,22,23
2064,8,1,3,4,5,6,7,9,10,12,14,20,22,23,24
2065,1,1,4,8,9,10,12,14,16,17,19,20,22,23,24
2065,2,1,2,4,5,7,8,10,12,16,17,18,21,22,24
2065,3,1,4,5,6,7,8,9,15,16,21,22,23,24,25
2065,4,1,2,3,4,6,8,9,10,12,13,14,19,22,23
2065,5,1,3,4,5,7,9,10,12,17,18,21,22,23,24
2065,6,3,4,6,8,9,11,12,14,17,19,20,21,22,25
2065,7,1,2,3,4,6,9,10,12,16,18,19,20,21,25
2065,8,2,4,10,11,12,13,14,15,16,19,21,22,23,24
2066,1,1,3,4,6,7,8,9,10,12,14,15,18,21,24
2066,2,1,4,6,7,8,9,11,17,18,19,21,22,24,25
2066,3,2,3,6,8,12,15,16,17,18,19,21,22,23,24
2066,4,1,2,3,4,8,9,13,15,17,18,19,22,23,25
2066,5,1,3,6,8,9,10,11,12,15,17,20,21,24,25
2066,6,2,3,4,8,10,13,14,15,17,18,19,20,21,23
2066,7,1,2,3,6,7,9,11,12,15,16,17,18,21,23
2066,8,2,3,5,6,7,8,9,10,16,18,20,22,23,25
2067,1,2,3,5,7,8,9,11,15,16,17,18,20,21,23
2067,2,3,5,6,8,9,10,13,17,18,20,22,23,24,25
2067,3,1,3,6,7,10,11,12,14,17,18,19,20,23,25
2067,4,1,3,5,7,8,11,12,13,14,15,17,18,22,23
2067,5,1,3,4,7,9,10,11,12,13,17,18,19,21,25
2067,6,2,3,8,9,12,13,16,17,18,19,21,22,24,25
2067,7,1,4,5,8,9,10,12,13,16,18,19,20,22,24
2067,8,2,4,6,7,8,10,11,12,16,17,18,19,23,24
2068,1,2,4,5,8,10,11,12,13,15,16,18,19,24,25
2068,2,1,3,8,10,11,12,13,14,16,18,19,21,22,24
2068,3,4,5,7,8,9,10,11,12,13,15,18,21,23,25
2068,4,1,3,5,7,8,9,10,11,12,18,21,22,23,25
2068,5,1,4,5,6,8,9,11,12,13,15,17,18,19,23
2068,6,1,2,6,7,8,12,13,15,18,19,20,23,24,25
2068,7,1,2,4,8,11,12,13,14,15,17,20,23,24,25
2068,8,1,2,5,7,8,9,12,13,18,19,21,22,23,25
2069,1,5,6,9,10,11,12,13,14,16,18,22,23,24,25
2069,2,2,6,7,8,9,14,15,16,17,18,19,20,21,22
2069,3,1,3,4,7,8,10,11,12,13,14,18,19,23,24
2069,4,1,2,5,8,9,11,14,16,19,21,22,23,24,25
2069,5,1,3,5,6,7,8,13,14,18,20,21,22,24,25
2069,6,1,3,7,8,11,12,14,15,16,17,19,21,23,24
2069,7,1,2,6,8,10,11,14,15,18,19,20,21,23,24
2069,8,1,5,6,8,10,11,14,15,16,17,19,21,23,25
2070,1,1,5,6,7,8,9,11,12,13,15,20,22,23,24
2070,2,1,2,4,5,6,7,10,11,12,14,17,22,23,25
2070,3,1,2,3,4,6,9,10,11,12,15,17,19,22,24
2070,4,3,4,7,8,9,10,12,16,17,18,19,20,22,25
2070,5,2,4,5,6,7,8,10,11,13,16,18,21,22,24
2070,6,1,4,6,8,9,12,14,16,17,18,19,20,21,25
2070,7,1,7,8,9,10,12,14,15,16,20,21,22,24,25
2070,8,1,2,3,5,7,8,9,12,13,17,18,22,24,25
2071,1,2,4,5,7,9,13,14,15,16,18,21,23,24,25
2071,2,1,3,4,7,8,9,11,13,14,15,16,19,20,25
2071,3,3,5,9,11,12,13,15,18,19,21,22,23,24,25
2071,4,1,6,8,9,11,13,14,17,18,19,20,21,22,23
2071,5,4,6,7,9,12,14,15,16,17,18,20,21,22,23
2071,6,2,3,4,5,6,7,9,12,13,14,15,23,24,25
2071,7,2,4,5,6,7,9,12,13,14,16,20,21,23,24
2071,8,1,2,3,5,7,9,11,12,13,15,18,20,21,23
2072,1,1,2,3,4,6,7,8,11,13,18,19,21,23,24
2072,2,2,7,8,9,10,13,14,16,17,19,20,21,22,23
2072,3,1,3,5,6,10,11,12,13,15,17,18,19,21,23
2072,4,5,6,8,9,10,11,12,13,14,15,18,19,20,24
2072,5,2,3,5,6,8,9,12,14,15,16,17,18,20,24
2072,6,3,4,9,11,12,13,15,17,18,21,22,23,24,25
2072,7,2,4,8,10,11,12,13,14,15,17,18,19,20,23
2072,8,1,2,4,5,6,7,8,11,14,16,18,20,21,22
2073,1,2,3,4,5,6,7,8,9,10,11,14,16,19,25
2073,2,3,4,6,7,10,11,13,16,17,18,19,23,24,25
2073,3,2,3,4,5,6,8,9,10,11,15,16,19,21,22
2073,4,3,6,7,8,10,11,14,15,16,17,19,20,22,25
2073,5,2,3,4,5,7,8,9,14,15,17,19,20,21,24
2073,6,3,5,7,8,9,11,12,14,15,18,19,20,21,23
2073,7,1,3,4,5,6,7,10,13,14,16,17,18,21,25
2073,8,3,4,7,10,11,12,16,17,18,19,20,23,24,25
2074,1,1,3,4,5,7,10,12,13,15,18,21,22,23,24
2074,2,2,5,6,7,8,9,10,11,12,13,16,20,21,25
2074,3,1,2,4,7,9,11,14,16,18,19,21,22,23,24
2074,4,1,2,3,4,5,7,8,10,12,16,17,18,19,22
2074,5,1,2,3,6,7,9,11,13,15,17,19,21,22,23
2074,6,1,2,4,5,8,10,11,12,14,15,16,17,18,25
2074,7,1,2,5,11,12,15,16,17,19,20,21,22,23,24
2074,8,1,2,4,5,6,7,11,13,14,16,17,19,20,21
2075,1,1,3,4,6,8,10,11,12,18,19,21,22,24,25
2075,2,1,2,3,8,10,12,13,16,17,18,20,23,24,25
2075,3,1,3,4,5,6,9,10,12,13,15,18,20,24,25
2075,4,2,4,5,7,9,10,11,13,14,15,16,23,24,25
2075,5,1,2,3,5,6,7,8,9,10,14,15,18,21,25
2075,6,2,3,4,5,9,10,12,13,14,15,16,17,19,24
2075,7,5,7,8,11,12,13,14,16,18,19,20,21,22,25
2075,8,1,2,7,8,10,11,13,14,16,17,18,21,22,23
2076,1,1,2,3,4,6,9,10,12,14,16,17,23,24,25
2076,2,1,3,6,7,8,10,11,13,14,15,16,21,22,24
2076,3,2,3,4,5,6,7,9,11,12,13,16,17,23,24
2076,4,3,4,6,8,10,13,14,15,18,19,21,22,23,24
2076,5,1,2,4,6,8,9,12,14,15,18,20,21,22,24
2076,6,1,3,5,7,8,12,13,16,18,20,21,23,24,25
2076,7,2,3,6,7,10,13,14,15,16,17,19,22,24,25
2076,8,1,2,4,8,10,11,15,16,19,20,22,23,24,25
2077,1,1,2,3,8,9,10,12,13,14,15,16,21,22,23
2077,2,2,4,7,11,12,13,16,17,18,20,21,23,24,25
2077,3,1,4,5,7,9,12,15,16,17,20,21,22,23,25
2077,4,1,2,5,10,12,13,14,16,18,19,20,22,23,25
2077,5,3,5,6,7,9,11,14,15,16,18,20,22,23,24
2077,6,1,3,5,8,9,11,12,13,14,17,20,21,23,24
2077,7,1,4,6,7,8,9,10,15,16,18,19,20,21,22
2077,8,2,9,11,13,14,15,17,18,19,21,22,23,24,25
2078,1,1,2,3,5,6,7,8,9,10,16,21,22,23,25
2078,2,1,4,5,6,10,12,14,15,16,17,20,21,22,25
2078,3,3,4,7,8,9,11,12,13,15,16,17,20,21,22
2078,4,1,2,3,5,11,12,16,17,18,19,22,23,24,25
2078,5,1,2,5,7,8,9,11,12,13,14,16,20,23,25
2078,6,1,2,4,9,11,12,14,15,17,18,20,22,24,25
2078,7,1,5,7,8,9,11,13,14,17,19,22,23,24,25
2078,8,1,3,4,6,8,9,14,16,17,18,19,23,24,25
2079,1,2,3,4,7,8,9,10,11,14,17,20,21,22,25
2079,2,1,4,5,12,15,16,17,18,19,20,21,22,23,25
2079,3,2,3,5,6,10,13,14,17,18,19,20,22,23,24
2079,4,1,3,5,6,8,10,12,13,14,15,18,19,21,22
2079,5,7,10,11,12,13,14,16,17,18,20,22,23,24,25
2079,6,2,3,4,9,10,11,14,15,17,18,19,22,24,25
2079,7,3,4,5,7,8,9,10,11,12,16,20,22,23,24
2079,8,1,4,5,6,7,8,9,12,13,15,17,18,23,24
2080,1,1,5,6,8,9,12,13,15,16,18,21,22,24,25
2080,2,2,4,6,7,8,9,14,15,16,17,18,20,22,25
2080,3,1,2,3,4,5,7,9,10,11,13,14,16,17,21
2080,4,5,6,7,10,11,14,15,16,18,19,20,21,24,25
2080,5,1,2,3,4,7,8,9,11,12,13,19,21,22,25
2080,6,1,3,4,8,9,10,13,15,16,17,18,22,23,24
2080,7,1,6,8,9,10,11,14,15,18,19,20,21,22,25
2080,8,3,5,6,7,8,10,11,14,15,17,18,20,22,25
2081,1,2,5,7,9,10,12,13,15,20,21,22,23,24,25
2081,2,1,3,4,6,7,8,9,14,16,18,21,22,23,24
2081,3,4,6,11,12,14,15,16,17,18,19,20,21,22,23
2081,4,1,5,6,8,10,11,12,14,16,17,20,22,23,25
2081,5,2,3,6,8,9,10,12,13,14,19,22,23,24,25
2081,6,2,4,5,6,7,8,13,16,18,19,20,21,23,24
2081,7,1,3,4,6,7,8,9,10,12,19,20,21,22,24
2081,8,1,2,5,8,10,12,13,14,18,20,21,23,24,25
2082,1,1,3,4,7,10,11,12,13,14,15,16,20,23,25
2082,2,1,3,5,6,12,13,15,16,17,19,20,21,22,23
2082,3,2,3,7,8,9,10,13,15,18,20,21,22,23,25
2082,4,2,3,4,5,6,8,13,14,16,17,21,23,24,25
2082,5,2,3,5,6,7,8,9,12,13,15,16,17,22,23
2082,6,1,2,4,6,8,10,12,16,18,20,21,22,24,25
2082,7,1,2,3,4,5,8,11,12,13,14,17,19,22,24
2082,8,1,5,6,9,10,11,13,15,17,18,19,21,23,25
2083,1,1,3,6,8,10,12,13,15,16,20,21,22,23,24
2083,2,1,2,3,4,9,12,14,15,16,18,19,20,22,24
2083,3,1,2,6,7,8,11,12,14,17,18,19,20,22,24
2083,4,4,6,7,8,10,11,12,13,14,15,16,18,21,23
2083,5,2,3,6,9,10,11,12,13,14,18,21,22,24,25
2083,6,2,3,5,8,11,12,13,14,16,18,19,21,23,25
2083,7,1,2,4,7,8,10,11,12,13,15,20,22,23,25
2083,8,2,3,5,7,13,14,15,17,18,19,22,23,24,25
2084,1,3,4,5,6,8,12,13,15,17,18,21,22,23,25
2084,2,3,4,5,6,7,8,10,11,12,20,21,22,24,25
2084,3,3,4,6,7,8,13,14,17,18,20,21,23,24,25
2084,4,1,3,4,5,7,12,16,17,19,20,21,22,23,25
2084,5,1,2,3,4,5,8,9,12,13,14,16,18,22,24
2084,6,1,2,8,9,11,13,15,16,17,18,19,21,24,25
2084,7,1,2,3,6,7,8,9,10,13,14,19,23,24,25
2084,8,4,6,7,9,12,14,16,18,19,20,22,23,24,25
2085,1,2,3,4,5,8,9,12,13,14,16,17,18,19,21
2085,2,1,2,3,6,7,9,12,14,15,17,20,21,23,24
2085,3,1,2,5,7,9,12,13,15,16,17,18,22,23,24
2085,4,1,3,5,6,7,11,14,15,16,17,18,19,21,23
2085,5,1,3,4,6,7,13,14,16,17,18,19,20,22,23
2085,6,1,2,4,5,6,8,12,15,16,18,19,21,22,23
2085,7,1,2,4,5,7,8,9,11,13,14,17,19,20,24
2085,8,2,5,6,7,9,10,11,13,14,16,17,20,22,23
2086,1,3,5,9,10,11,12,13,15,16,17,18,22,23,24
2086,2,1,3,4,6,7,9,14,16,18,19,20,22,24,25
2086,3,1,2,4,5,6,7,8,10,11,12,13,20,22,25
2086,4,1,3,5,7,8,9,10,12,13,16,20,21,22,23
2086,5,5,7,9,10,12,13,14,15,16,17,18,19,23,24
2086,6,2,4,5,6,9,11,13,14,17,18,19,22,23,24
2086,7,1,2,4,5,7,8,9,10,12,15,16,18,23,25
2086,8,2,3,4,5,6,8,9,11,15,17,18,20,21,22
2087,1,4,5,6,9,10,11,12,13,14,16,17,19,20,23
2087,2,2,3,5,6,7,8,13,14,16,18,19,21,22,24
2087,3,2,3,4,7,8,10,11,16,17,18,19,21,24,25
2087,4,6,7,8,10,11,12,13,17,19,20,22,23,24,25
2087,5,1,3,5,7,8,10,11,12,13,15,17,20,21,23
2087,6,1,2,3,6,7,8,9,10,14,18,19,21,23,25
2087,7,2,4,8,9,10,11,13,14,17,20,21,22,24,25
2087,8,3,4,6,7,8,9,10,11,12,17,20,22,23,25
2088,1,1,3,5,6,7,9,10,12,13,14,15,22,23,25
2088,2,2,3,4,5,7,8,9,11,12,15,19,20,21,22
2088,3,3,4,5,6,7,8,10,13,14,15,16,17,21,24
2088,4,6,7,8,10,11,12,13,14,17,19,20,22,23,24
2088,5,1,2,3,5,7,8,11,16,17,18,19,21,22,25
2088,6,1,2,3,4,5,9,11,12,13,14,17,19,24,25
2088,7,1,2,4,6,7,9,11,13,19,20,22,23,24,25
2088,8,3,4,8,9,13,14,15,16,17,18,21,22,24,25
2089,1,1,2,4,5,7,8,12,15,16,17,18,20,24,25
2089,2,1,6,7,12,13,16,18,19,20,21,22,23,24,25
2089,3,1,2,3,5,6,8,9,11,15,17,20,21,22,25
2089,4,1,2,7,8,11,12,13,14,15,16,18,20,21,25
2089,5,2,3,4,5,8,9,10,11,12,14,15,18,22,25
2089,6,2,3,4,5,6,11,12,14,15,16,19,23,24,25
2089,7,2,3,7,10,11,12,13,17,18,19,22,23,24,25
2089,8,1,2,5,6,7,9,10,12,16,18,20,21,23,24
2090,1,1,2,4,5,8,10,12,14,16,18,19,21,24,25
2090,2,1,2,4,6,7,9,11,14,15,19,21,22,23,24
2090,3,3,5,6,7,10,11,12,13,16,18,20,22,23,24
2090,4,1,2,4,5,7,9,10,12,13,14,15,22,24,25
2090,5,1,2,4,7,10,11,12,13,15,16,19,20,21,25
2090,6,1,2,3,4,5,7,8,14,15,16,17,19,22,23
2090,7,2,3,4,6,9,10,11,12,13,16,18,19,20,24
2090,8,1,2,5,6,7,8,10,11,12,13,15,16,19,23
2091,1,2,6,7,8,10,13,15,16,17,19,20,21,22,24
2091,2,2,3,4,12,14,15,16,17,19,20,21,22,23,25
2091,3,1,3,5,7,9,11,12,13,14,15,17,18,21,24
2091,4,1,2,6,7,8,9,10,11,12,14,15,16,17,20
2091,5,1,4,6,7,11,14,15,16,17,18,19,22,23,24
2091,6,3,5,7,8,9,10,12,13,14,16,17,20,24,25
2091,7,1,2,3,8,9,10,11,12,13,16,19,20,21,24
2091,8,3,5,7,8,10,14,15,18,19,20,21,23,24,25
2092,1,1,3,5,6,10,11,12,15,16,17,19,21,24,25
2092,2,1,2,3,4,5,7,10,11,16,18,20,21,23,25
2092,3,1,4,6,7,8,9,10,11,12,14,15,16,18,20
2092,4,1,2,4,5,7,8,9,12,13,14,15,16,17,18
2092,5,2,4,6,8,10,11,13,15,16,18,19,20,24,25
2092,6,2,3,9,10,11,12,13,16,18,19,20,21,24,25
2092,7,3,4,5,6,7,8,12,13,16,18,19,21,22,24
2092,8,2,5,7,8,10,11,12,15,16,17,18,19,20,21
2093,1,1,3,4,5,6,8,9,12,18,19,20,21,23,24
2093,2,1,3,8,11,14,15,17,18,19,21,22,23,24,25
2093,3,3,7,8,10,11,12,16,17,19,20,21,22,23,24
2093,4,1,2,4,5,6,7,8,11,13,15,18,20,21,22
2093,5,3,4,6,7,8,9,11,12,15,16,18,19,24,25
2093,6,1,2,5,6,7,9,15,16,17,19,22,23,24,25
2093,7,1,2,3,4,9,11,12,14,16,18,19,20,23,24
2093,8,1,2,3,4,6,7,8,12,15,16,17,18,19,25
2094,1,1,2,3,5,6,7,9,10,11,12,15,20,21,24
2094,2,2,3,4,7,8,9,10,13,15,18,19,20,21,25
2094,3,3,4,5,6,8,9,14,17,18,20,22,23,24,25
2094,4,1,3,4,7,8,10,11,13,14,16,18,19,20,23
2094,5,1,2,3,6,7,10,11,14,15,16,19,22,23,24
2094,6,1,3,4,5,7,9,11,12,14,20,21,22,23,25
2094,7,1,2,3,5,6,8,11,12,13,14,18,19,20,22
2094,8,1,2,3,5,9,12,13,16,17,19,20,21,23,24
2095,1,1,2,3,6,7,9,13,16,18,20,21,23,24,25
2095,2,1,5,11,12,13,14,16,17,20,21,22,23,24,25
2095,3,2,4,7,8,9,11,12,14,16,17,20,22,23,24
2095,4,1,4,5,8,9,11,12,13,14,16,19,20,21,22
2095,5,1,2,6,7,8,9,10,11,12,13,14,18,21,23
2095,6,1,2,4,7,11,12,14,16,17,19,20,22,23,24
2095,7,1,2,5,6,7,9,11,15,16,17,19,22,23,25
2095,8,1,2,4,5,6,7,10,11,12,14,16,17,18,23
2096,1,1,4,6,10,11,12,13,14,16,17,18,21,24,25
2096,2,1,2,3,5,10,11,12,13,14,19,20,21,24,25
2096,3,1,2,3,4,6,10,12,13,14,15,17,19,23,25
2096,4,3,4,5,8,10,11,12,13,15,16,17,19,21,23
2096,5,2,3,4,5,7,8,9,10,14,19,20,21,23,24
2096,6,1,4,7,8,10,12,13,15,16,18,20,21,24,25
2096,7,1,3,4,6,8,11,13,14,15,17,20,21,22,24
2096,8,2,3,4,8,9,12,13,16,17,21,22,23,24,25
2097,1,2,4,6,9,10,11,12,14,15,20,21,22,23,25
2097,2,2,3,4,5,7,9,12,14,17,19,20,22,23,24
2097,3,1,2,4,6,7,9,10,11,12,13,19,20,22,24
2097,4,1,4,7,8,10,11,14,15,16,17,18,20,23,25
2097,5,3,4,5,8,9,10,11,13,14,17,18,20,23,24
2097,6,1,3,5,6,8,10,11,15,16,17,19,21,23,24
2097,7,1,2,7,8,9,13,14,15,18,19,20,21,22,25
2097,8,2,3,5,7,9,10,12,14,15,16,18,19,21,22
2098,1,3,4,7,9,10,11,12,13,14,16,17,18,22,24
2098,2,1,2,4,6,9,10,11,12,13,15,19,20,21,24
2098,3,3,4,6,7,9,10,11,12,15,16,20,21,23,25
2098,4,1,3,4,5,8,12,14,15,18,19,20,23,24,25
2098,5,1,4,5,6,7,10,11,12,14,16,19,20,22,24
2098,6,2,3,4,6,8,12,14,16,17,18,19,21,22,24
2098,7,1,2,3,5,6,7,10,13,14,18,20,22,23,24
2098,8,3,4,5,6,7,8,10,11,13,14,18,21,23,25
2099,1,4,5,6,7,8,9,12,13,14,15,18,20,24,25
2099,2,2,5,6,9,10,11,13,14,17,20,21,22,24,25
2099,3,2,3,4,6,10,11,12,14,15,16,18,20,21,22
2099,4,2,3,4,7,8,9,11,14,16,18,21,23,24,25
2099,5,1,3,4,5,9,11,15,16,17,19,20,21,24,25
2099,6,1,2,3,4,7,10,12,15,17,19,21,22,23,25
2099,7,3,4,8,9,10,11,13,14,17,18,19,21,22,24
2099,8,2,3,5,6,7,11,12,13,14,17,18,19,20,22
2100,1,2,3,4,6,9,13,15,17,18,19,21,22,23,24
2100,2,2,3,6,8,9,10,13,14,15,16,17,20,24,25
2100,3,4,5,6,7,8,9,12,16,18,19,20,21,22,24
2100,4,3,5,6,7,8,9,10,11,15,16,17,21,23,24
2100,5,1,2,4,5,6,8,11,16,18,19,20,21,22,24
2100,6,1,2,6,7,9,10,11,12,14,15,17,19,21,25
2100,7,1,2,4,6,7,9,10,14,15,17,19,20,23,25
2100,8,1,5,7,8,11,12,13,14,15,16,17,18,21,24
2101,1,3,4,5,6,9,10,11,13,14,15,16,21,22,23
2101,2,1,2,3,4,6,8,12,13,14,15,17,19,20,24
2101,3,1,2,4,10,11,12,13,15,16,17,21,23,24,25
2101,4,3,5,7,8,9,11,13,15,17,18,20,22,23,25
2101,5,1,5,6,7,10,12,13,16,17,19,20,22,23,25
2101,6,2,4,5,7,8,11,12,13,15,20,21,22,24,25
2101,7,3,4,5,6,7,8,10,12,13,14,15,21,23,24
2101,8,1,2,3,5,7,9,12,14,16,17,18,19,21,22
2102,1,2,3,4,6,9,10,11,13,14,16,17,20,21,25
2102,2,1,3,4,5,7,11,12,13,14,15,20,21,22,24
2102,3,2,4,5,7,8,9,13,14,18,19,20,21,23,24
2102,4,3,4,5,7,10,11,12,14,16,17,18,21,22,23
2102,5,4,5,6,7,8,10,12,13,15,16,17,19,20,22
2102,6,3,4,7,8,10,11,13,15,19,20,21,22,23,24
2102,7,2,4,5,9,11,12,14,17,18,19,22,23,24,25
2102,8,1,3,6,7,8,9,11,12,14,16,17,20,23,25
2103,1,3,4,5,7,12,13,14,15,16,18,19,21,22,24
2103,2,1,2,10,12,14,15,16,17,19,20,21,22,23,25
2103,3,6,7,8,9,10,11,13,14,15,16,17,18,20,25
2103,4,2,3,4,5,7,15,17,18,19,20,22,23,24,25
2103,5,3,4,5,6,8,9,12,15,16,17,19,21,23,24
2103,6,2,4,6,7,8,10,11,12,14,15,18,19,22,24
2103,7,1,2,5,7,11,12,13,17,18,19,21,23,24,25
2103,8,1,3,4,8,9,10,12,15,18,19,20,21,22,24
2104,1,1,2,4,8,9,13,14,15,18,19,20,22,23,25
2104,2,2,4,5,6,8,10,13,14,17,18,19,22,24,25
2104,3,3,5,6,12,13,14,15,16,18,19,22,23,24,25
2104,4,1,2,4,5,6,9,12,13,14,16,17,18,19,23
2104,5,3,6,7,8,12,13,14,15,17,19,20,21,23,25
2104,6,1,2,3,4,5,6,8,12,13,14,19,20,23,24
2104,7,3,4,5,6,8,9,11,13,16,18,22,23,24,25
2104,8,1,3,4,5,6,7,8,11,12,15,18,19,23,24
2105,1,3,5,8,9,11,13,15,16,17,18,19,21,24,25
2105,2,2,4,5,7,8,9,10,14,15,16,17,21,22,24
2105,3,3,5,7,8,9,11,13,15,16,17,18,21,24,25
2105,4,1,3,7,9,11,12,13,14,15,16,17,19,20,23
2105,5,4,5,6,7,11,14,15,17,18,19,22,23,24,25
2105,6,2,4,5,7,8,10,11,12,14,18,20,21,22,23
2105,7,1,2,4,5,7,9,10,14,15,16,21,22,24,25
2105,8,3,4,5,6,8,9,11,12,14,15,17,18,22,25
2106,1,6,9,10,12,15,16,17,19,20,21,22,23,24,25
2106,2,2,3,4,5,7,8,12,13,15,19,21,23,24,25
2106,3,2,3,4,5,6,7,9,10,12,18,20,21,22,24
2106,4,2,3,4,6,9,10,12,13,14,19,20,21,24,25
2106,5,1,2,5,7,8,9,10,11,12,14,15,18,21,24
2106,6,2,4,6,8,9,14,15,16,19,20,21,22,23,24
2106,7,2,3,5,6,10,11,13,14,18,20,21,22,23,25
2106,8,1,3,4,8,9,10,11,13,15,16,19,21,23,25
2107,1,2,3,5,6,8,11,13,14,15,18,19,20,24,25
2107,2,1,2,3,5,7,8,12,13,15,16,17,19,20,22
2107,3,2,5,6,8,9,10,13,14,17,18,20,21,22,24
2107,4,1,3,4,6,7,8,9,11,12,14,15,19,22,24
2107,5,1,5,7,9,10,11,15,16,17,18,19,22,23,24
2107,6,2,5,6,7,8,9,11,14,15,16,17,20,21,25
2107,7,1,5,7,8,9,10,12,15,16,18,20,21,22,23
2107,8,1,3,5,10,11,13,14,15,16,17,18,20,23,24
2108,1,2,3,4,6,7,8,13,15,16,20,21,22,23,25
2108,2,1,2,3,4,6,10,12,14,15,18,19,21,24,25
2108,3,2,3,4,8,9,11,12,14,15,17,20,21,22,23
2108,4,2,4,5,7,8,9,11,13,14,15,19,20,22,23
2108,5,3,4,6,8,9,10,11,13,16,17,19,20,23,24
2108,6,2,4,7,8,10,12,14,15,16,17,20,23,24,25
2108,7,1,2,3,4,6,11,13,15,17,18,19,20,24,25
2108,8,1,2,6,8,10,13,14,16,20,21,22,23,24,25
2109,1,2,4,5,10,11,12,13,16,17,18,19,20,24,25
2109,2,4,5,7,9,10,12,13,14,15,18,19,20,21,22
2109,3,2,6,8,9,11,12,16,17,18,19,20,23,24,25
2109,4,1,2,3,5,8,10,11,12,14,17,18,19,20,23
2109,5,1,2,4,6,7,8,9,10,11,13,15,17,18,20
2109,6,1,4,5,7,8,9,14,15,16,17,18,19,21,22
2109,7,4,5,6,7,8,10,11,16,17,18,20,21,24,25
2109,8,2,3,4,5,8,9,10,11,13,15,16,21,23,24
2110,1,2,3,5,8,9,10,11,13,14,16,18,19,21,24
2110,2,1,4,8,11,12,13,15,16,18,19,21,23,24,25
2110,3,1,2,7,8,9,12,14,15,16,20,21,22,24,25
2110,4,2,4,5,6,7,8,9,13,14,19,21,22,24,25
2110,5,1,4,5,6,7,10,12,14,15,17,18,21,24,25
2110,6,2,4,6,7,10,11,12,13,15,16,17,21,24,25
2110,7,1,3,5,6,8,11,13,15,17,18,20,21,22,23
2110,8,5,7,9,10,11,13,16,17,19,21,22,23,24,25
2111,1,2,4,5,6,7,9,10,13,17,18,20,21,23,24
2111,2,1,4,6,7,10,11,12,13,16,17,20,21,24,25
2111,3,2,3,4,9,11,13,14,16,18,20,21,22,23,24
2111,4,3,4,5,9,10,11,14,15,16,17,18,20,24,25
2111,5,3,4,5,7,8,9,14,15,17,18,19,20,23,24
2111,6,1,3,4,5,8,9,10,12,14,15,16,18,21,25
2111,7,3,4,5,6,9,10,11,12,14,17,18,21,24,25
2111,8,1,2,3,4,6,7,9,14,18,19,20,22,23,24
2112,1,1,3,5,6,8,9,10,11,12,15,16,20,24,25
2112,2,1,6,7,8,10,11,13,14,15,17,18,21,23,24
2112,3,1,4,6,8,11,15,16,17,18,19,22,23,24,25
2112,4,2,4,5,9,11,14,16,17,18,20,21,22,23,24
2112,5,1,2,4,5,8,11,14,15,16,17,18,20,21,22
2112,6,2,5,6,7,8,10,11,12,13,16,17,22,23,24
2112,7,1,2,3,7,8,9,11,13,14,17,18,22,24,25
2112,8,2,5,7,8,9,11,12,13,16,17,18,19,21,23
2113,1,2,4,7,10,11,12,15,16,17,18,19,21,23,25
2113,2,2,3,4,9,11,12,13,15,18,19,21,23,24,25
2113,3,1,2,4,5,6,7,10,12,14,15,16,20,24,25
2113,4,1,2,4,5,6,7,8,11,12,13,19,21,22,25
2113,5,3,5,11,12,13,14,15,18,19,20,21,23,24,25
2113,6,1,5,6,8,9,11,12,13,14,15,16,22,23,25
2113,7,2,3,4,6,7,8,10,14,15,16,17,22,23,24
2113,8,1,3,5,6,9,15,16,17,18,19,20,21,22,24
2114,1,2,3,5,8,9,13,14,15,16,20,21,23,24,25
2114,2,3,4,6,7,8,9,10,13,14,19,22,23,24,25
2114,3,2,3,4,8,9,10,11,12,13,15,16,17,20,25
2114,4,1,2,6,9,10,13,14,15,16,18,20,21,22,24
2114,5,1,2,4,5,6,9,12,13,15,19,20,21,23,25
2114,6,1,6,7,8,10,11,12,14,17,20,21,23,24,25
2114,7,2,3,4,5,8,9,10,13,15,17,18,19,20,25
2114,8,3,5,8,9,12,13,14,15,16,17,19,21,22,25
2115,1,1,2,3,4,5,6,8,10,11,14,16,17,22,23
2115,2,7,8,9,10,11,12,13,15,18,20,21,22,23,24
2115,3,2,4,5,6,7,8,9,10,13,16,18,19,24,25
2115,4,1,2,3,4,5,6,7,12,13,16,18,19,24,25
2115,5,1,2,5,7,9,10,13,15,16,17,18,20,22,25
2115,6,1,5,6,7,8,9,10,12,13,14,15,19,23,24
2115,7,2,5,7,8,9,10,11,12,13,14,19,20,24,25
2115,8,1,2,4,5,8,9,10,16,17,18,19,21,22,24
2116,1,1,2,6,7,8,9,12,13,14,18,19,22,24,25
2116,2,7,8,10,11,12,13,14,15,18,20,22,23,24,25
2116,3,1,2,5,7,11,14,15,16,17,18,19,20,22,23
2116,4,1,2,7,12,13,14,15,16,17,18,19,20,21,23
2116,5,3,6,7,8,9,10,12,14,15,19,20,21,23,24
2116,6,2,5,6,7,9,10,11,12,14,16,18,20,21,24
2116,7,1,3,5,6,10,12,13,14,15,16,19,21,22,24
2116,8,2,3,4,6,8,9,10,11,12,14,16,21,22,24
2117,1,2,4,5,6,10,13,15,17,18,19,20,21,22,25
2117,2,1,4,5,7,8,10,11,12,13,17,19,21,24,25
2117,3,1,2,3,5,8,11,12,14,15,17,18,22,24,25
2117,4,2,3,6,8,9,10,11,12,13,15,16,19,23,24
2117,5,3,5,7,8,10,13,14,16,17,20,21,22,23,25
2117,6,2,3,5,6,7,8,9,12,14,15,18,19,23,24
2117,7,1,3,7,10,11,13,16,18,19,20,21,22,23,24
2117,8,2,4,5,8,9,10,13,15,16,17,20,21,22,24
2118,1,1,3,4,7,8,9,13,16,17,19,21,22,23,24
2118,2,1,3,4,5,6,9,10,14,16,17,18,22,24,25
2118,3,4,5,6,8,12,14,15,16,17,19,22,23,24,25
2118,4,2,5,6,7,8,9,11,12,14,17,19,20,21,25
2118,5,1,2,3,9,12,13,16,17,18,19,21,22,23,24
2118,6,1,3,4,6,10,11,13,14,15,17,19,20,21,22
2118,7,3,4,5,6,7,13,14,15,17,18,19,21,24,25
2118,8,1,2,4,6,7,9,14,15,18,20,21,22,23,24
2119,1,1,2,4,6,7,10,11,14,16,17,18,22,23,25
2119,2,1,3,6,7,10,13,15,17,18,19,20,21,23,24
2119,3,2,5,8,11,12,13,14,15,17,19,20,23,24,25
2119,4,1,2,4,5,8,10,11,14,16,17,20,22,23,25
2119,5,2,4,6,7,9,11,12,13,15,17,19,21,24,25
2119,6,1,2,3,5,8,10,11,13,15,19,20,21,22,23
2119,7,1,2,5,6,9,11,13,14,15,16,19,22,23,24
2119,8,1,2,3,4,8,9,11,12,13,17,18,20,21,24
2120,1,3,5,7,9,10,12,13,16,17,18,19,20,23,24
2120,2,1,2,5,8,9,12,13,14,15,16,21,22,23,24
2120,3,1,4,7,8,10,11,16,17,19,20,22,23,24,25
2120,4,2,3,6,7,8,9,10,12,14,15,17,20,23,25
2120,5,1,2,3,6,9,11,12,16,17,19,21,22,23,25
2120,6,1,3,4,9,10,12,13,14,16,18,20,21,22,23
2120,7,1,2,6,7,9,10,13,16,17,18,19,21,22,23
2120,8,1,3,5,6,8,9,11,12,15,16,18,21,22,25
2121,1,2,3,5,6,8,12,13,14,16,17,19,23,24,25
2121,2,1,2,3,4,5,7,8,9,10,12,15,17,19,20
2121,3,1,6,9,10,11,12,13,17,18,19,21,22,23,25
2121,4,3,5,6,8,10,14,15,16,18,19,20,21,22,23
2121,5,3,4,7,8,9,11,14,15,16,17,18,20,22,25
2121,6,1,3,5,7,8,10,11,14,15,16,19,22,23,24
2121,7,1,3,4,6,7,9,10,11,13,14,15,20,21,24
2121,8,2,5,6,7,8,10,12,14,16,17,18,19,20,24
2122,1,2,3,4,5,6,7,10,14,18,19,21,22,24,25
2122,2,1,3,5,6,7,8,10,12,14,19,21,22,24,25
2122,3,1,4,5,6,8,9,10,11,15,17,18,20,21,25
2122,4,3,4,5,6,7,9,10,13,16,17,20,21,22,25
2122,5,2,3,5,6,7,9,11,12,15,16,18,19,21,25
2122,6,1,4,6,7,8,10,11,16,17,18,22,23,24,25
2122,7,1,3,4,6,9,10,11,12,13,15,16,20,21,25
2122,8,1,2,7,9,11,13,14,17,18,19,21,22,23,24
2123,1,1,2,3,5,6,9,10,12,13,14,18,20,21,23
2123,2,1,2,3,4,7,9,11,13,14,15,16,19,21,23
2123,3,1,5,6,8,9,11,13,14,15,17,20,22,23,24
2123,4,1,2,3,8,9,10,11,12,14,20,21,23,24,25
2123,5,1,4,6,7,9,10,11,13,15,17,18,19,22,25
2123,6,3,4,5,6,7,9,10,11,13,17,18,19,20,22
2123,7,1,3,5,7,11,13,14,16,17,18,22,23,24,25
2123,8,1,3,4,7,9,10,13,14,16,19,20,21,22,24
2124,1,2,5,6,8,9,10,11,12,14,17,18,21,23,24
2124,2,1,5,7,9,10,11,12,13,14,15,16,17,22,25
2124,3,1,2,5,6,7,8,9,13,15,20,22,23,24,25
2124,4,1,3,4,5,6,7,10,12,13,14,15,17,21,25
2124,5,4,6,7,8,9,10,12,13,14,15,20,22,24,25
2124,6,2,5,9,10,12,13,14,15,18,19,20,23,24,25
2124,7,4,6,7,9,11,12,13,14,16,19,21,22,24,25
2124,8,1,4,8,9,10,12,14,15,16,18,20,21,24,25
2125,1,1,3,5,9,10,11,15,17,18,19,20,22,24,25
2125,2,1,3,4,5,6,7,8,9,10,13,17,18,21,25
2125,3,1,2,3,5,7,9,13,14,15,16,18,22,23,25
2125,4,2,3,4,7,8,11,15,17,18,20,21,22,23,25
2125,5,3,4,5,6,8,9,10,11,12,15,20,21,22,25
2125,6,2,6,7,8,9,10,11,13,14,16,18,19,20,25
2125,7,1,3,7,8,9,10,13,14,16,17,19,20,24,25
2125,8,1,5,7,9,11,12,13,14,16,18,20,22,23,25
2126,1,4,5,7,8,9,10,13,14,17,18,19,22,23,24
2126,2,1,3,4,5,9,10,13,15,17,21,22,23,24,25
2126,3,6,7,8,10,11,12,14,16,17,18,19,20,21,24
2126,4,2,3,6,8,10,12,14,15,16,18,19,20,23,24
2126,5,2,3,4,7,8,10,14,15,17,19,20,22,23,24
2126,6,2,3,4,10,11,13,15,17,19,20,21,22,23,25
2126,7,3,4,6,7,9,11,12,14,15,17,19,20,23,24
2126,8,1,4,7,8,12,15,16,17,18,19,20,23,24,25
2127,1,1,2,3,4,7,11,12,15,18,20,21,22,23,24
2127,2,5,7,8,9,10,11,12,13,14,15,20,21,23,25
2127,3,1,2,6,7,8,9,12,14,15,16,21,23,24,25
2127,4,1,2,5,7,8,10,13,14,15,16,18,19,22,24
2127,5,1,4,5,6,7,8,11,13,16,18,20,22,24,25
2127,6,1,2,4,6,8,12,15,16,19,20,21,23,24,25
2127,7,3,4,5,8,9,10,11,15,17,20,21,22,23,24
2127,8,6,7,8,9,10,12,15,19,20,21,22,23,24,25
2128,1,1,4,5,6,9,10,11,12,14,20,21,22,23,24
2128,2,1,2,5,7,8,9,10,13,15,17,18,20,23,24
2128,3,1,2,3,4,5,7,11,14,15,16,17,18,19,23
2128,4,1,2,3,4,5,8,10,13,16,17,18,20,24,25
2128,5,2,3,7,9,10,11,14,15,19,20,22,23,24,25
2128,6,1,2,3,4,6,11,12,13,15,16,17,21,22,25
2128,7,2,3,5,7,8,10,12,14,15,17,18,20,21,22
2128,8,1,2,5,8,9,10,11,12,13,14,16,18,21,23
2129,1,1,3,4,5,6,8,10,12,16,19,20,21,23,24
2129,2,2,3,4,6,7,11,12,13,14,15,17,18,20,24
2129,3,3,4,5,8,9,10,11,16,17,18,20,21,22,23
2129,4,2,5,9,10,13,14,15,16,17,18,19,21,24,25
2129,5,2,6,8,11,12,13,14,15,17,18,20,21,23,24
2129,6,2,5,8,12,13,17,18,19,20,21,22,23,24,25
2129,7,1,2,3,4,7,10,12,14,15,18,19,23,24,25
2129,8,1,2,3,4,7,8,9,10,14,15,16,19,22,25
2130,1,1,2,5,7,10,12,13,16,17,19,20,22,23,24
2130,2,1,4,5,7,8,9,10,12,13,14,16,21,22,23
2130,3,1,2,5,7,10,11,12,13,14,15,16,20,22,24
2130,4,1,3,4,5,7,8,10,12,13,15,17,19,20,21
2130,5,2,3,4,5,6,7,8,10,14,17,18,21,24,25
2130,6,1,2,3,6,8,11,12,13,16,17,20,21,22,24
2130,7,1,2,4,5,10,12,13,14,17,19,20,21,23,25
2130,8,1,2,3,4,6,8,10,12,13,16,19,21,23,24
2131,1,1,3,4,5,7,9,10,12,13,14,17,18,19,23
2131,2,2,3,5,8,9,10,11,12,15,16,20,21,24,25
2131,3,1,6,7,8,12,13,16,17,18,20,21,23,24,25
2131,4,5,9,10,11,13,14,15,16,18,19,20,21,22,25
2131,5,1,3,5,6,7,8,12,13,14,17,18,19,22,23
2131,6,1,2,3,4,5,6,10,11,16,18,19,20,21,22
2131,7,1,3,7,8,10,12,13,16,17,19,21,22,23,24
2131,8,2,4,5,6,8,9,11,13,14,15,20,21,23,25
2132,1,1,2,3,5,6,7,8,10,11,15,20,21,24,25
2132,2,3,5,6,8,9,10,12,13,14,16,18,19,21,24
2132,3,2,3,5,7,13,15,17,18,19,20,21,23,24,25
2132,4,2,3,4,5,10,11,13,15,18,19,22,23,24,25
2132,5,1,2,4,5,7,9,10,12,14,16,17,19,21,24
2132,6,2,5,6,8,10,11,15,17,18,20,21,22,23,24
2132,7,1,4,6,8,10,11,12,15,18,19,20,21,23,24
2132,8,1,3,4,6,7,9,11,12,13,15,17,23,24,25
2133,1,1,3,4,5,6,7,13,15,16,17,18,19,24,25
2133,2,1,2,7,8,9,12,15,16,17,19,22,23,24,25
2133,3,3,4,7,8,11,13,14,15,16,17,18,21,24,25
2133,4,3,4,5,7,9,10,11,12,14,15,17,19,22,23
2133,5,1,2,3,4,6,8,14,15,16,21,22,23,24,25
2133,6,1,2,3,4,6,7,8,12,13,14,16,17,19,25
2133,7,2,3,4,5,6,7,11,13,14,17,18,20,21,24
2133,8,2,3,6,7,8,12,13,15,19,20,21,22,24,25
2134,1,1,2,4,7,9,10,11,14,15,16,19,20,21,22
2134,2,2,3,5,6,10,11,12,13,14,18,19,20,21,25
2134,3,1,4,5,7,8,12,14,15,17,18,19,21,24,25
2134,4,2,3,5,7,8,9,12,13,14,16,17,22,23,24
2134,5,1,4,5,6,7,9,10,11,12,13,14,15,22,25
2134,6,1,4,5,7,8,12,14,15,20,21,22,23,24,25
2134,7,3,4,5,9,10,12,13,16,17,20,21,23,24,25
2134,8,1,2,3,6,7,8,11,13,17,19,21,22,23,25
2135,1,1,2,3,5,6,9,12,14,16,19,21,22,23,25
2135,2,2,3,4,6,10,11,13,14,15,16,18,20,21,24
2135,3,3,4,7,8,9,12,16,17,19,20,22,23,24,25
2135,4,1,2,3,6,7,9,13,14,17,18,19,22,24,25
2135,5,1,5,6,9,10,12,14,16,17,18,20,21,22,24
2135,6,2,3,6,7,8,9,11,12,15,18,21,22,23,24
2135,7,1,5,6,7,9,12,15,17,18,19,20,22,23,25
2135,8,1,3,4,6,8,10,12,14,15,19,20,23,24,25
2136,1,1,2,4,7,10,12,15,16,17,18,21,22,24,25
2136,2,4,5,7,8,9,11,14,15,17,18,20,21,22,23
2136,3,2,3,4,5,7,9,10,14,16,17,18,19,22,25
2136,4,2,4,7,8,10,11,14,15,16,17,20,22,23,24
2136,5,5,6,8,9,12,15,16,17,18,19,20,21,23,24
2136,6,1,2,3,4,7,8,13,15,16,17,18,19,22,24
2136,7,2,4,7,9,10,11,12,13,14,18,22,23,24,25
2136,8,1,2,3,5,9,12,14,15,18,20,22,23,24,25
2137,1,1,3,4,5,6,7,12,14,17,19,21,22,23,24
2137,2,1,3,4,6,8,9,11,12,17,18,19,20,21,23
2137,3,4,5,6,7,9,10,11,14,17,18,19,20,22,23
2137,4,3,4,6,7,11,13,15,16,17,18,21,22,24,25
2137,5,1,3,4,5,8,10,11,12,16,17,19,20,22,25
2137,6,1,2,5,6,7,8,9,13,14,16,17,20,23,24
2137,7,1,3,5,6,8,9,13,14,16,17,18,19,21,23
2137,8,1,2,3,4,5,11,14,15,16,20,21,22,23,25
2138,1,1,3,5,6,8,9,12,13,14,16,18,20,22,25
2138,2,6,7,8,9,10,11,12,13,16,17,19,21,23,24
2138,3,1,2,3,8,9,10,11,12,16,17,19,21,22,24
2138,4,1,2,3,4,5,6,7,9,10,12,13,16,19,20
2138,5,1,2,4,6,11,12,14,16,18,20,21,23,24,25
2138,6,1,4,6,9,12,13,14,16,17,18,20,21,22,24
2138,7,2,4,7,9,10,12,13,14,18,19,20,22,23,24
2138,8,1,2,3,4,7,8,9,10,12,13,14,15,18,21
2139,1,5,6,9,11,12,14,15,16,17,20,21,22,23,24
2139,2,1,2,3,6,11,12,13,14,15,19,20,21,23,25
2139,3,3,4,6,8,9,11,12,13,16,17,19,20,22,25
2139,4,1,2,3,4,5,10,12,14,16,19,21,22,23,24
2139,5,3,6,8,10,11,12,13,14,15,16,18,19,20,21
2139,6,1,6,7,8,9,10,13,14,18,19,20,22,23,24
2139,7,2,3,5,6,8,9,12,13,15,17,18,22,23,24
2139,8,4,5,6,8,9,10,11,12,14,15,19,20,21,22
2140,1,1,2,4,7,8,11,14,15,16,17,18,19,22,25
2140,2,2,3,5,6,10,11,12,13,15,18,19,21,22,24
2140,3,1,2,3,4,5,6,8,10,13,15,16,18,23,24
2140,4,2,3,4,5,6,8,9,12,15,16,17,19,22,23
2140,5,1,2,3,5,6,7,8,9,11,12,14,16,20,23
2140,6,1,3,4,5,7,10,11,12,13,14,17,18,21,23
2140,7,1,4,6,8,9,10,12,14,15,18,21,22,23,24
2140,8,1,2,3,7,8,9,11,12,13,15,18,23,24,25
2141,1,1,2,3,6,7,8,10,12,13,17,21,22,24,25
2141,2,3,5,6,7,8,9,10,12,14,15,19,20,22,23
2141,3,5,8,9,12,13,14,15,16,18,19,21,22,23,24
2141,4,2,5,6,8,9,10,12,13,17,18,20,21,23,24
2141,5,2,3,5,7,11,14,17,18,19,20,21,22,24,25
2141,6,5,6,8,9,10,11,12,14,16,18,20,21,22,24
2141,7,5,8,10,11,12,13,14,16,18,19,21,23,24,25
2141,8,1,3,4,5,6,8,9,13,14,15,18,20,21,24
2142,1,1,2,3,8,12,14,15,17,18,19,20,21,22,24
2142,2,1,2,3,4,8,9,13,14,15,17,19,21,22,24
2142,3,2,3,5,6,7,12,14,15,18,19,20,22,23,25
2142,4,1,5,8,11,12,14,16,17,18,20,21,22,23,24
2142,5,1,2,3,4,6,7,11,12,14,15,16,21,24,25
2142,6,5,6,8,9,10,11,12,13,17,20,21,22,23,25
2142,7,3,4,5,6,8,10,11,12,14,15,19,20,21,22
2142,8,4,5,7,9,10,12,13,14,16,18,20,21,22,23
2143,1,1,3,4,5,7,8,9,11,15,18,19,20,21,23
2143,2,1,2,3,6,7,9,12,13,15,16,17,20,21,25
2143,3,2,3,4,6,7,10,11,13,14,15,16,17,21,22
2143,4,2,3,4,5,11,13,14,16,17,18,20,21,22,24
2143,5,2,3,4,6,7,12,14,15,17,18,19,21,24,25
2143,6,2,5,6,7,8,12,15,16,17,18,20,22,23,24
2143,7,1,3,4,5,7,8,11,13,14,15,17,19,20,22
2143,8,1,3,5,7,10,12,13,14,15,17,19,20,21,22
2144,1,1,6,7,8,9,10,12,13,18,19,20,22,24,25
2144,2,3,4,5,7,9,12,14,15,17,19,20,21,24,25
2144,3,2,4,7,8,9,11,12,13,15,16,18,19,20,22
2144,4,3,6,7,8,11,12,13,17,18,19,20,22,23,24
2144,5,3,6,7,8,9,11,12,14,15,17,18,21,23,24
2144,6,2,3,4,6,7,9,10,11,14,15,16,22,24,25
2144,7,2,6,7,10,11,12,13,15,17,19,20,21,23,25
2144,8,2,4,5,8,11,13,15,16,17,18,19,21,23,25
2145,1,1,3,5,6,7,9,11,12,18,19,21,22,23,24
2145,2,4,6,7,9,10,12,13,15,17,18,19,23,24,25
2145,3,1,3,5,7,8,9,11,12,13,15,16,19,23,25
2145,4,3,5,6,8,9,10,11,12,17,19,20,21,22,25
2145,5,1,6,7,9,10,12,13,14,15,19,20,21,23,24
2145,6,2,3,5,8,11,13,14,15,18,19,20,21,22,25
2145,7,3,4,6,7,9,10,11,12,14,18,19,22,23,24
2145,8,6,7,9,11,12,13,14,15,16,18,20,21,22,23
2146,1,2,4,5,8,10,11,12,13,15,17,18,19,20,22
2146,2,4,5,8,11,12,13,16,17,18,20,21,22,24,25
2146,3,2,3,4,5,6,7,10,14,15,17,18,22,23,25
2146,4,3,4,7,10,11,12,14,15,17,18,19,20,21,23
2146,5,3,5,6,7,10,11,15,16,17,19,20,21,22,25
2146,6,3,4,6,8,9,12,13,15,16,17,19,20,22,23
2146,7,1,2,5,6,8,11,12,14,15,17,18,19,23,24
2146,8,1,2,4,5,6,8,9,15,19,20,21,23,24,25
2147,1,1,3,5,6,7,8,9,10,11,12,14,17,22,23
2147,2,1,3,5,6,7,9,10,11,13,15,16,17,19,25
2147,3,1,2,3,5,7,8,11,15,16,17,20,22,23,24
2147,4,1,2,3,7,10,11,13,14,17,18,19,20,22,23
2147,5,1,3,4,6,7,10,11,12,17,19,20,21,22,24
2147,6,1,2,3,4,9,11,13,14,15,19,20,23,24,25
2147,7,2,4,9,12,13,14,15,17,19,20,21,22,23,25
2147,8,1,3,5,7,8,9,14,15,16,18,19,21,23,25
2148,1,2,3,6,7,11,14,15,18,19,20,21,22,23,25
2148,2,1,2,3,4,8,11,13,15,16,17,18,20,23,24
2148,3,1,5,7,8,9,10,14,15,18,19,20,23,24,25
2148,4,2,7,10,11,14,15,16,19,20,21,22,23,24,25
2148,5,1,2,3,4,9,10,11,15,16,17,19,21,22,25
2148,6,3,5,6,9,10,11,13,14,16,17,19,20,21,22
2148,7,1,2,5,6,10,11,12,14,15,17,19,21,23,25
2148,8,2,3,4,5,6,7,9,10,11,12,18,21,22,23
2149,1,1,2,5,6,11,13,14,15,17,19,21,23,24,25
2149,2,2,5,6,7,9,10,11,12,15,17,21,22,23,24
2149,3,2,3,5,7,8,9,10,11,14,16,18,19,21,25
2149,4,3,5,6,7,11,12,14,15,16,21,22,23,24,25
2149,5,1,3,4,5,8,10,11,12,14,15,16,17,21,24
2149,6,3,6,8,9,10,11,12,15,16,18,20,22,23,24
2149,7,2,5,6,8,11,13,14,16,18,19,21,22,23,25
2149,8,3,4,9,10,11,12,13,16,17,19,20,21,22,23
2150,1,1,7,8,9,10,11,12,13,14,16,17,18,19,22
2150,2,1,2,3,5,6,7,10,12,14,15,16,17,21,25
2150,3,1,2,5,6,10,11,13,14,15,17,18,20,23,25
2150,4,1,4,5,8,11,14,15,18,20,21,22,23,24,25
2150,5,2,6,9,10,11,12,13,16,18,19,21,22,23,24
2150,6,1,3,4,7,8,10,11,12,14,16,18,19,22,24
2150,7,1,4,5,6,7,8,14,16,17,18,20,21,23,25
2150,8,2,4,6,10,11,13,14,15,16,17,19,21,23,24
2151,1,1,2,7,9,10,11,16,18,19,20,21,22,24,25
2151,2,4,6,7,9,10,11,13,14,17,20,21,22,24,25
2151,3,4,5,6,7,9,12,14,17,19,20,21,22,23,24
2151,4,2,4,5,6,7,9,10,11,12,13,14,15,16,24
2151,5,2,5,7,8,9,10,13,15,16,17,18,20,21,24
2151,6,1,2,4,6,8,12,15,16,19,20,21,22,23,25
2151,7,3,4,6,8,11,13,14,17,18,19,20,22,24,25
2151,8,2,3,5,6,8,11,13,15,16,17,20,22,24,25
2152,1,3,4,5,7,8,9,10,12,16,17,19,20,21,23
2152,2,1,2,3,4,6,8,11,12,13,19,20,21,23,24
2152,3,1,3,7,9,10,11,12,13,14,15,21,22,24,25
2152,4,2,4,5,7,8,9,11,12,14,16,20,21,24,25
2152,5,4,5,6,7,9,12,13,15,16,17,20,23,24,25
2152,6,2,4,5,9,10,11,12,13,14,16,17,19,20,23
2152,7,2,3,5,9,11,12,13,14,15,18,19,22,23,24
2152,8,1,2,5,7,8,10,11,13,14,17,18,21,22,25
2153,1,1,2,5,8,11,13,14,15,16,17,19,21,22,25
2153,2,1,2,3,4,5,7,8,9,11,12,16,19,22,23
2153,3,1,3,4,6,7,9,13,15,16,19,20,21,22,24
2153,4,1,2,6,10,12,13,14,15,16,17,19,22,23,25
2153,5,1,2,3,4,5,8,9,10,12,14,15,17,21,23
2153,6,1,5,7,8,9,10,11,12,14,15,17,18,19,21
2153,7,5,7,8,9,13,15,16,17,19,20,21,23,24,25
2153,8,1,2,3,4,6,7,9,13,15,16,18,19,21,25
2154,1,1,4,6,8,10,11,12,15,16,17,20,21,22,25
2154,2,1,3,4,7,8,9,10,12,15,20,21,23,24,25
2154,3,2,4,5,8,10,12,14,15,16,19,21,22,23,25
2154,4,1,4,5,6,8,9,11,12,17,18,19,21,24,25
2154,5,1,2,3,5,8,9,10,12,15,16,18,22,23,24
2154,6,1,2,4,6,9,10,12,14,15,18,20,21,22,25
2154,7,1,2,4,5,13,14,16,17,18,19,20,21,22,24
2154,8,1,2,3,4,5,7,9,11,14,15,16,20,22,25
2155,1,2,3,4,6,10,13,15,17,18,19,20,22,24,25
2155,2,1,3,6,7,9,11,12,14,15,19,20,22,23,24
2155,3,1,2,5,6,7,10,11,12,13,18,19,22,24,25
2155,4,1,3,5,7,11,12,14,17,18,19,21,23,24,25
2155,5,2,5,7,8,10,13,14,15,19,20,21,22,23,25
2155,6,2,3,4,8,9,12,13,15,17,21,22,23,24,25
2155,7,2,4,5,7,8,9,10,16,18,20,21,22,23,24
2155,8,1,5,9,11,12,13,16,18,19,20,21,22,24,25
2156,1,1,3,4,5,7,11,12,13,14,15,19,20,21,24
2156,2,2,4,6,8,9,10,11,12,14,16,19,21,22,23
2156,3,2,3,5,6,8,10,11,12,16,17,19,20,23,25
2156,4,7,8,9,10,12,14,15,16,18,19,20,21,24,25
2156,5,1,3,6,7,8,9,10,12,14,15,16,17,24,25
2156,6,1,6,8,9,12,14,15,16,17,19,20,21,23,24
2156,7,1,4,6,7,9,12,13,15,18,21,22,23,24,25
2156,8,2,3,5,7,11,12,15,16,18,20,22,23,24,25
2157,1,1,2,5,7,9,11,15,18,19,20,21,22,24,25
2157,2,5,6,9,10,12,13,15,17,18,19,20,23,24,25
2157,3,1,3,4,5,9,13,14,16,17,20,21,23,24,25
2157,4,1,5,7,10,11,12,13,14,15,17,19,21,23,25
2157,5,1,3,5,7,9,10,12,14,20,21,22,23,24,25
2157,6,2,3,4,6,8,11,12,16,18,19,22,23,24,25
2157,7,2,3,5,7,8,10,12,14,16,17,18,19,22,25
2157,8,2,3,4,6,7,8,9,10,13,18,19,20,22,25
2158,1,1,3,4,6,7,8,9,10,11,12,13,14,18,25
2158,2,4,5,6,8,9,11,13,14,15,16,19,20,23,25
2158,3,1,2,3,4,5,6,7,10,13,17,18,21,22,23
2158,4,1,2,3,4,7,8,9,10,16,17,18,19,22,23
2158,5,2,4,6,7,8,9,11,12,14,17,18,19,23,24
2158,6,1,2,3,5,7,8,13,14,15,17,18,20,24,25
2158,7,2,3,4,6,7,8,10,12,13,14,16,17,19,23
2158,8,1,2,5,7,8,9,12,15,16,17,22,23,24,25
2159,1,2,3,5,6,7,10,12,13,16,20,21,22,23,25
2159,2,1,2,3,5,7,9,12,14,15,19,20,22,23,24
2159,3,1,2,3,4,5,6,11,15,17,19,20,21,22,24
2159,4,1,2,4,5,7,9,10,11,12,20,21,22,23,24
2159,5,1,5,6,8,11,13,16,17,18,19,21,22,24,25
2159,6,1,6,7,11,12,13,14,15,16,17,18,19,21,23
2159,7,3,4,8,9,11,13,14,17,18,19,21,23,24,25
2159,8,1,3,6,11,12,14,15,16,17,20,21,22,24,25
2160,1,2,4,5,7,9,11,14,16,18,19,22,23,24,25
2160,2,2,3,5,6,7,8,10,12,13,14,16,20,23,25
2160,3,2,6,7,8,11,13,14,16,17,18,21,22,24,25
2160,4,3,4,5,7,8,10,12,13,16,17,19,20,21,23
2160,5,2,3,4,6,7,9,10,16,19,20,21,23,24,25
2160,6,3,4,5,7,8,9,10,11,15,18,19,20,21,22
2160,7,1,2,5,7,8,9,10,11,14,15,16,17,18,25
2160,8,1,2,3,5,6,9,11,13,14,17,19,20,22,23
2161,1,3,4,7,8,9,10,11,12,13,16,19,21,23,24
2161,2,1,2,3,5,9,11,15,18,19,20,22,23,24,25
2161,3,1,4,5,8,9,10,13,14,17,18,19,21,23,25
2161,4,2,4,5,12,13,14,15,16,18,19,21,22,24,25
2161,5,3,5,6,7,8,9,12,14,16,17,18,19,21,22
2161,6,3,4,5,6,8,11,14,15,16,17,19,21,24,25
2161,7,1,3,5,9,10,12,13,16,18,19,22,23,24,25
2161,8,1,5,7,10,11,12,14,15,16,17,18,19,21,22
2162,1,1,5,6,8,9,11,15,19,20,21,22,23,24,25
2162,2,1,2,3,6,8,9,12,14,15,16,19,22,23,24
2162,3,1,2,5,6,7,9,10,11,12,13,14,15,17,21
2162,4,2,3,4,6,7,10,12,15,16,17,19,22,23,25
2162,5,1,2,3,5,7,8,9,10,14,19,20,23,24,25
2162,6,1,4,5,6,7,9,11,13,15,20,21,22,23,24
2162,7,3,4,5,6,8,9,11,13,14,16,18,19,20,24
2162,8,1,2,3,4,5,8,10,12,16,19,21,22,23,24
2163,1,3,5,8,9,10,12,15,17,18,19,20,22,23,25
2163,2,2,3,5,10,11,12,14,18,20,21,22,23,24,25
2163,3,5,6,8,9,10,12,13,14,15,16,17,19,22,24
2163,4,2,6,8,9,10,11,12,13,14,15,18,22,24,25
2163,5,1,3,4,6,7,9,12,14,15,17,18,19,22,24
2163,6,1,2,5,8,9,10,11,12,15,16,17,20,21,25
2163,7,1,5,9,10,11,12,13,14,17,18,19,21,24,25
2163,8,1,4,5,6,9,11,12,13,14,17,19,20,21,24
2164,1,2,3,5,6,7,8,9,12,13,15,17,20,21,23
2164,2,2,3,5,7,10,11,15,18,19,21,22,23,24,25
2164,3,1,2,7,10,12,13,14,15,16,17,18,19,21,25
2164,4,1,2,3,4,6,8,11,14,15,16,18,19,20,25
2164,5,1,4,5,7,8,9,10,12,13,14,15,20,22,23
2164,6,2,3,7,12,13,14,15,16,17,18,20,21,22,23
2164,7,2,3,5,6,7,8,9,10,11,17,19,20,22,23
2164,8,1,2,5,6,8,9,10,11,13,16,18,19,21,22
2165,1,1,2,3,5,7,9,11,14,15,17,18,19,21,23
2165,2,3,4,5,7,10,11,12,13,15,16,17,18,21,25
2165,3,1,3,4,5,6,12,14,16,17,19,22,23,24,25
2165,4,1,2,7,10,13,15,16,17,18,19,20,21,24,25
2165,5,1,3,5,6,8,9,15,16,18,19,20,21,22,23
2165,6,2,5,7,8,9,12,13,14,16,17,20,22,23,25
2165,7,2,3,4,5,7,10,11,12,13,15,16,19,23,25
2165,8,1,3,4,5,6,7,10,13,16,20,21,22,23,24
2166,1,1,2,4,9,10,11,12,14,15,17,18,19,21,25
2166,2,2,3,5,8,9,10,11,15,16,17,18,21,22,24
2166,3,1,2,3,5,6,8,11,12,14,15,16,17,18,24
2166,4,1,5,7,9,11,13,15,16,18,19,20,21,23,25
2166,5,3,5,7,10,11,13,14,18,19,20,22,23,24,25
2166,6,2,3,5,6,11,12,13,15,16,18,19,20,21,22
2166,7,2,4,6,7,8,10,11,12,16,17,18,21,23,25
2166,8,1,2,4,5,9,12,14,15,16,19,22,23,24,25
2167,1,1,2,3,6,7,10,13,14,15,16,17,19,22,25
2167,2,1,3,5,7,8,9,10,11,12,17,20,21,23,25
2167,3,1,6,9,10,11,15,17,18,19,20,21,22,23,24
2167,4,2,5,7,9,10,12,14,16,17,18,20,21,23,24
2167,5,1,2,5,6,8,10,12,13,15,16,17,19,21,24
2167,6,1,2,6,7,10,12,14,17,18,19,20,21,22,24
2167,7,1,3,5,10,11,12,13,15,18,19,21,22,23,25
2167,8,1,5,7,8,9,10,16,18,19,21,22,23,24,25
2168,1,3,4,5,6,8,10,11,12,13,15,16,17,19,20
2168,2,2,3,4,6,7,9,11,12,13,14,17,18,20,25
2168,3,1,2,4,5,6,7,9,13,14,16,18,21,23,24
2168,4,2,3,4,6,7,8,10,11,14,15,18,19,21,22
2168,5,2,4,5,9,11,12,13,17,19,21,22,23,24,25
2168,6,1,4,6,9,10,11,12,14,15,17,22,23,24,25
2168,7,1,2,7,8,9,12,13,16,17,19,20,22,24,25
2168,8,1,3,5,6,8,9,13,14,15,16,17,21,22,24
2169,1,1,3,5,6,7,8,14,17,19,20,21,22,23,24
2169,2,1,2,3,4,6,7,8,13,14,17,18,19,21,22
2169,3,1,2,3,4,5,14,15,18,19,20,21,22,23,24
2169,4,2,3,7,10,11,12,13,14,15,16,19,20,21,25
2169,5,1,3,4,6,7,9,10,17,18,19,21,22,23,25
2169,6,1,2,4,5,7,10,12,13,14,16,18,19,24,25
2169,7,1,3,7,9,10,11,13,14,16,17,18,19,20,21
2169,8,1,3,4,5,6,9,11,13,14,18,21,23,24,25
2170,1,3,4,6,7,9,10,13,14,16,17,21,22,23,24
2170,2,1,2,4,5,6,12,13,14,16,17,18,19,20,21
2170,3,1,3,4,5,8,9,10,11,12,15,18,20,21,25
2170,4,1,7,8,9,10,11,13,15,16,18,19,22,23,25
2170,5,1,2,4,6,8,10,11,14,15,16,17,19,22,24
2170,6,1,2,3,4,5,6,11,13,15,17,18,19,23,24
2170,7,1,2,3,5,6,7,8,10,11,12,16,18,20,21
2170,8,2,3,5,6,8,12,14,15,16,19,21,22,23,25
2171,1,1,3,5,6,8,10,11,13,14,15,20,22,23,24
2171,2,2,4,6,7,9,10,12,13,14,15,16,17,21,24
2171,3,3,4,5,7,8,11,12,14,15,17,18,19,24,25
2171,4,2,6,7,9,12,13,15,16,17,19,21,22,23,24
2171,5,1,2,3,5,10,11,12,14,17,19,20,21,22,23
2171,6,1,5,9,10,11,12,13,15,16,19,20,21,22,24
2171,7,2,3,4,6,7,8,11,13,14,15,16,17,18,23
2171,8,1,3,5,6,8,9,11,12,15,17,18,19,21,23
2172,1,3,4,5,6,8,11,14,15,16,18,21,23,24,25
2172,2,4,6,7,9,10,11,12,13,14,15,21,22,24,25
2172,3,2,4,5,7,8,9,10,12,14,15,17,20,21,23
2172,4,1,3,4,7,10,11,12,13,15,17,18,22,23,25
2172,5,1,3,5,6,8,9,10,12,13,16,18,20,22,24
2172,6,1,6,7,9,10,12,13,15,16,19,20,21,24,25
2172,7,1,2,3,5,8,9,10,12,15,19,21,22,23,25
2172,8,2,3,4,5,6,7,11,13,14,19,20,22,24,25
2173,1,1,3,5,6,7,8,10,11,12,14,15,18,19,21
2173,2,1,3,4,5,6,7,12,13,16,17,20,21,23,25
2173,3,2,3,4,6,8,10,11,13,15,16,17,19,24,25
2173,4,2,4,8,9,10,12,14,15,16,17,19,20,22,25
2173,5,1,3,4,5,8,10,12,14,15,17,19,20,21,22
2173,6,1,2,5,6,7,8,9,10,13,15,17,18,19,20
2173,7,1,6,7,8,9,11,13,14,15,16,18,19,22,23
2173,8,2,3,4,5,6,8,9,14,15,17,18,19,21,22
2174,1,1,5,6,7,8,9,12,14,15,18,19,21,24,25
2174,2,1,3,4,10,11,12,14,15,16,17,19,21,22,25
2174,3,2,4,6,9,10,11,13,14,15,16,19,21,22,25
2174,4,1,2,3,6,7,8,9,10,11,12,14,15,20,23
2174,5,1,2,5,7,8,9,10,12,15,18,20,22,23,25
2174,6,1,2,4,5,7,8,10,13,17,18,19,20,24,25
2174,7,1,2,3,6,7,8,10,12,14,15,17,20,21,25
2174,8,2,4,6,7,8,9,11,12,13,14,16,19,21,23
2175,1,1,2,4,5,8,11,13,14,15,17,21,23,24,25
2175,2,1,3,4,5,6,8,9,10,13,14,20,21,22,25
2175,3,1,2,3,4,6,7,8,9,14,15,16,18,19,22
2175,4,1,2,3,4,6,8,12,14,15,16,19,20,21,23
2175,5,1,2,3,8,9,11,12,13,14,15,16,20,23,24
2175,6,1,4,6,8,10,11,13,14,16,19,20,21,22,25
2175,7,1,2,7,8,10,11,14,17,18,19,21,22,23,25
2175,8,3,5,6,7,9,10,12,16,17,18,19,21,22,23
2176,1,2,4,5,6,8,9,10,11,12,15,18,21,23,25
2176,2,1,3,4,5,6,8,10,12,13,16,20,21,23,24
2176,3,1,2,8,9,10,11,12,13,14,17,21,22,23,24
2176,4,2,4,5,6,7,8,9,10,11,16,17,18,21,23
2176,5,1,2,3,4,5,6,7,8,12,17,19,21,24,25
2176,6,1,2,4,5,8,9,12,15,16,19,20,21,23,25
2176,7,1,3,6,7,8,9,10,11,12,14,17,21,22,25
2176,8,1,4,5,7,11,12,13,17,20,21,22,23,24,25
2177,1,1,3,4,6,7,10,12,13,14,16,20,22,24,25
2177,2,2,5,7,8,10,12,13,14,15,16,17,18,21,22
2177,3,1,3,7,9,10,12,14,16,17,18,20,22,23,24
2177,4,1,2,3,4,5,7,9,10,16,17,19,20,24,25
2177,5,2,4,6,7,8,11,13,15,16,18,21,22,23,24
2177,6,2,3,6,7,9,10,12,13,18,19,20,21,22,24
2177,7,1,6,7,8,9,13,15,16,17,18,20,21,22,25
2177,8,2,3,5,6,7,9,12,14,16,20,21,22,24,25
2178,1,1,2,3,6,7,8,10,11,13,14,16,18,19,21
2178,2,2,3,4,6,8,9,11,12,15,19,20,21,22,25
2178,3,1,3,4,7,8,10,14,15,17,18,20,22,23,25
2178,4,1,4,6,7,10,11,12,13,15,16,17,18,19,21
2178,5,2,4,7,9,10,13,15,16,20,21,22,23,24,25
2178,6,3,4,5,8,9,10,12,13,19,20,21,23,24,25
2178,7,3,6,7,8,9,11,12,13,15,19,20,21,23,24
2178,8,2,5,6,9,10,15,16,17,18,19,21,22,23,25
2179,1,1,2,3,4,6,7,8,12,16,17,18,19,20,23
2179,2,2,3,6,9,10,11,12,14,16,17,19,22,24,25
2179,3,2,3,4,5,7,9,10,12,18,19,22,23,24,25
2179,4,2,4,5,6,7,9,10,11,17,20,21,22,23,25
2179,5,2,4,6,7,11,12,13,14,15,18,20,22,23,24
2179,6,3,6,7,8,10,13,14,15,19,21,22,23,24,25
2179,7,6,8,9,10,11,12,13,15,17,18,20,21,23,25
2179,8,4,5,6,7,8,9,13,16,17,18,19,20,21,25
2180,1,3,4,6,10,12,13,15,16,17,19,20,21,22,23
2180,2,1,2,7,8,9,11,13,14,15,16,22,23,24,25
2180,3,3,4,6,8,9,12,13,15,16,17,18,21,22,23
2180,4,2,3,5,6,7,9,11,12,13,20,21,22,24,25
2180,5,2,5,7,8,9,12,13,15,16,17,19,20,23,25
2180,6,2,3,6,10,13,14,15,16,17,18,19,23,24,25
2180,7,3,5,6,7,12,14,15,16,17,18,20,21,23,25
2180,8,2,3,5,6,7,10,11,12,13,15,18,19,21,23
2181,1,1,4,6,7,8,9,10,11,13,15,17,19,23,25
2181,2,1,3,7,8,9,10,13,14,15,16,18,20,22,25
2181,3,1,2,3,8,10,12,13,14,15,17,20,21,22,24
2181,4,1,2,3,7,9,10,12,13,15,16,19,21,22,23
2181,5,2,7,8,9,12,13,15,18,20,21,22,23,24,25
2181,6,3,4,5,7,9,10,11,12,14,16,17,20,23,25
2181,7,1,3,4,6,10,11,13,14,15,16,17,19,20,25
2181,8,1,2,4,5,7,8,11,14,15,16,17,20,24,25
2182,1,2,3,5,6,7,9,10,12,13,16,18,20,23,24
2182,2,3,4,7,9,10,11,12,16,17,18,19,21,23,25
2182,3,1,2,5,6,7,8,10,12,15,18,19,20,22,23
2182,4,1,2,4,10,12,13,15,16,19,21,22,23,24,25
2182,5,2,3,6,8,10,11,13,14,18,19,20,21,23,25
2182,6,2,3,4,5,6,12,13,14,16,17,18,19,22,25
2182,7,1,2,3,4,7,8,10,11,12,13,14,18,21,23
2182,8,1,4,5,6,8,9,10,11,13,15,17,20,23,25
2183,1,1,2,3,5,7,8,12,14,16,17,18,19,20,23
2183,2,1,3,5,8,9,12,13,14,15,18,19,21,22,24
2183,3,1,4,5,7,8,10,11,12,13,14,16,19,20,21
2183,4,1,2,4,6,10,11,14,16,18,19,22,23,24,25
2183,5,1,5,7,8,11,12,13,14,16,17,19,21,22,23
2183,6,2,4,5,6,10,11,12,13,15,16,18,19,20,24
2183,7,1,2,5,7,8,9,10,11,13,20,22,23,24,25
2183,8,4,5,7,8,11,12,13,15,16,18,21,22,23,25
2184,1,2,3,6,8,9,10,12,14,16,17,18,21,22,24
2184,2,4,5,7,9,10,12,13,14,15,16,17,19,21,24
2184,3,2,5,6,9,11,13,18,19,20,21,22,23,24,25
2184,4,2,3,4,5,7,8,9,10,14,15,20,21,22,25
2184,5,1,2,3,4,5,6,8,10,12,16,17,18,20,23
2184,6,1,4,5,6,7,9,10,11,15,16,19,21,22,23
2184,7,1,3,4,8,9,11,13,17,18,19,21,23,24,25
2184,8,1,3,4,5,7,10,11,12,13,14,18,19,21,22
2185,1,3,4,6,12,13,14,16,18,19,21,22,23,24,25
2185,2,2,5,9,10,11,13,14,15,17,18,21,22,23,25
2185,3,1,3,4,6,7,8,12,14,20,21,22,23,24,25
2185,4,1,2,4,6,7,8,10,15,17,19,20,21,23,25
2185,5,1,2,6,7,10,11,12,14,15,16,19,20,21,23
2185,6,1,2,3,4,7,8,10,11,13,14,16,19,23,24
2185,7,1,3,5,7,8,9,14,16,17,18,19,20,24,25
2185,8,2,4,5,6,7,8,12,13,14,15,17,19,20,21
2186,1,1,2,3,5,7,10,13,14,15,16,19,22,23,24
2186,2,3,4,5,6,8,9,10,11,12,15,17,19,20,22
2186,3,1,3,12,13,15,16,17,18,20,21,22,23,24,25
2186,4,1,2,7,8,9,11,13,14,15,17,20,21,22,25
2186,5,1,2,4,5,6,7,8,11,15,16,17,19,20,21
2186,6,1,2,5,6,7,9,10,12,14,16,17,18,22,24
2186,7,2,5,7,10,11,14,15,16,17,18,22,23,24,25
2186,8,2,3,7,9,10,11,12,14,15,17,18,23,24,25
2187,1,2,5,7,8,9,11,12,14,15,16,17,20,22,23
2187,2,1,2,4,6,11,12,13,15,16,20,21,23,24,25
2187,3,2,3,4,7,8,11,12,13,14,15,16,18,21,23
2187,4,1,2,7,10,11,16,17,18,19,20,21,22,23,25
2187,5,3,4,5,6,8,9,10,11,12,15,17,18,23,24
2187,6,1,5,9,10,12,13,15,16,17,18,20,21,22,24
2187,7,3,5,6,7,9,10,12,13,15,18,19,21,23,24
2187,8,1,3,5,6,7,9,10,15,17,18,20,22,24,25
2188,1,2,3,5,8,9,10,11,15,16,18,19,21,23,24
2188,2,1,2,4,8,10,11,12,13,14,15,17,19,21,22
2188,3,2,5,7,8,12,13,14,16,17,18,20,21,22,25
2188,4,1,2,3,5,7,8,11,12,16,17,19,20,21,23
2188,5,2,4,5,6,9,10,11,12,14,17,18,22,23,24
2188,6,1,2,3,9,10,11,12,15,16,19,20,21,24,25
2188,7,4,8,9,10,12,14,15,16,17,18,19,21,24,25
2188,8,3,4,5,9,12,13,15,16,18,20,21,22,23,24
2189,1,2,3,7,8,9,10,13,14,15,17,18,21,23,24
2189,2,2,3,4,5,7,10,12,16,17,19,20,21,22,25
2189,3,1,2,3,4,6,7,12,17,20,21,22,23,24,25
2189,4,4,6,7,9,10,11,13,15,16,17,19,22,24,25
2189,5,2,3,4,6,7,8,12,13,15,16,18,21,24,25
2189,6,1,3,4,9,12,14,15,16,17,20,21,22,23,24
2189,7,2,4,6,8,9,11,14,15,16,18,21,22,23,24
2189,8,3,5,6,7,8,12,13,14,16,17,18,19,23,24
2190,1,3,6,9,10,13,15,16,17,19,20,22,23,24,25
2190,2,4,6,7,8,12,14,16,17,19,20,21,22,23,24
2190,3,2,4,7,9,10,11,15,16,17,18,20,21,24,25
2190,4,1,4,5,8,9,11,13,15,16,18,19,20,21,24
2190,5,2,5,6,7,8,9,10,11,12,13,14,17,21,25
2190,6,3,4,5,7,9,12,13,14,15,17,18,20,23,25
2190,7,2,5,6,7,14,15,17,19,20,21,22,23,24,25
2190,8,1,4,7,8,9,11,13,14,16,17,18,19,20,23
2191,1,2,3,4,5,9,15,16,17,19,20,21,23,24,25
2191,2,2,3,4,7,8,9,10,12,13,16,17,21,24,25
2191,3,1,3,5,6,8,9,11,12,14,18,20,22,23,25
2191,4,8,9,10,11,12,13,15,16,17,20,21,23,24,25
2191,5,1,2,3,4,6,9,11,12,13,16,17,20,21,25
2191,6,2,3,4,6,10,12,14,16,18,19,20,21,22,24
2191,7,2,4,5,6,7,8,9,11,14,16,18,19,21,23
2191,8,1,2,3,8,9,10,12,13,16,17,18,19,21,22
2192,1,1,2,3,10,11,12,13,14,15,16,17,21,23,25
2192,2,1,5,11,12,13,14,15,16,17,21,22,23,24,25
2192,3,1,4,5,6,7,8,11,12,16,17,21,22,23,24
2192,4,1,4,5,8,9,10,12,13,15,16,19,20,21,25
2192,5,1,2,4,5,7,11,13,14,15,17,19,22,24,25
2192,6,1,4,5,6,9,10,11,12,14,16,17,19,20,23
2192,7,1,3,4,5,6,9,11,12,14,16,17,18,19,24
2192,8,3,4,5,6,9,10,14,16,17,18,20,21,23,24
2193,1,2,3,5,7,11,12,13,14,16,18,20,22,24,25
2193,2,1,2,4,5,6,7,12,14,17,20,22,23,24,25
2193,3,1,3,4,5,6,8,9,14,15,17,22,23,24,25
2193,4,1,3,5,7,8,9,10,12,13,14,19,21,22,23
2193,5,3,4,5,7,8,9,11,12,14,16,17,19,23,25
2193,6,2,5,7,10,11,12,13,15,16,17,18,21,22,25
2193,7,1,8,12,13,15,16,17,18,19,20,22,23,24,25
2193,8,1,3,5,7,10,12,14,17,18,19,22,23,24,25
2194,1,3,4,5,6,7,8,13,15,16,17,19,21,22,24
2194,2,2,3,5,7,8,9,10,12,15,16,18,19,20,25
2194,3,2,3,5,6,9,10,13,15,16,18,19,21,23,24
2194,4,1,3,4,9,11,13,14,15,17,20,21,22,23,24
2194,5,1,3,5,6,8,9,10,12,13,14,15,17,18,21
2194,6,1,2,3,4,6,7,8,9,11,12,14,15,18,24
2194,7,1,2,5,7,8,9,11,12,13,14,15,17,19,22
2194,8,1,2,3,4,5,7,9,11,12,15,17,21,22,23
2195,1,1,2,5,6,7,8,11,15,16,17,18,21,22,25
2195,2,1,2,5,6,7,10,13,14,17,18,19,20,22,25
2195,3,1,2,3,4,8,9,10,11,12,13,18,19,22,24
2195,4,1,6,8,9,11,12,14,15,16,19,20,21,22,25
2195,5,1,3,4,9,12,13,14,15,16,17,18,19,22,24
2195,6,1,2,5,7,10,11,12,14,15,18,19,22,23,25
2195,7,1,3,4,6,8,11,12,13,14,15,17,18,19,25
2195,8,1,4,7,9,10,11,12,14,15,16,17,18,22,24
2196,1,2,4,6,8,11,13,14,16,18,20,21,23,24,25
2196,2,2,3,4,6,7,9,10,11,12,13,16,17,21,22
2196,3,1,4,5,6,7,8,9,10,11,19,20,21,22,23
2196,4,1,3,4,5,6,11,13,16,20,21,22,23,24,25
2196,5,3,4,5,10,11,13,15,16,17,18,19,21,24,25
2196,6,1,2,3,4,8,10,12,13,14,15,18,20,21,22
2196,7,3,6,8,10,11,13,14,15,16,18,19,20,21,23
2196,8,3,4,6,7,8,9,10,12,14,15,16,17,18,24
2197,1,2,3,4,5,7,8,9,10,14,16,20,21,23,25
2197,2,1,2,3,5,6,7,8,11,12,17,19,20,23,24
2197,3,1,3,4,8,9,12,13,17,19,20,21,23,24,25
2197,4,1,2,4,5,8,9,10,13,14,20,22,23,24,25
2197,5,1,2,3,5,7,8,10,11,14,15,18,19,21,22
2197,6,2,5,6,7,9,11,12,14,15,17,19,21,22,24
2197,7,1,2,5,6,7,9,11,12,17,19,20,21,22,23
2197,8,1,2,4,6,8,9,10,14,15,17,18,20,24,25
2198,1,2,4,6,8,9,10,11,14,15,17,18,20,22,25
2198,2,2,5,6,8,9,11,14,15,17,19,20,21,22,25
2198,3,5,6,8,9,10,11,12,13,17,18,19,20,22,25
2198,4,6,7,10,11,12,13,14,15,17,18,21,23,24,25
2198,5,3,5,6,7,8,9,11,12,13,14,16,18,19,24
2198,6,2,3,6,7,8,10,11,12,13,14,16,17,19,20
2198,7,2,3,4,5,7,8,11,13,14,16,18,21,23,25
2198,8,1,3,4,5,6,7,10,12,14,19,20,22,23,24
2199,1,1,3,4,9,10,11,12,14,15,16,17,19,20,23
2199,2,2,4,5,11,12,13,14,15,16,17,18,21,22,25
2199,3,1,2,3,5,7,10,11,13,15,16,20,22,24,25
2199,4,2,3,5,7,10,13,15,17,18,19,20,22,23,25
2199,5,2,4,5,11,13,14,16,17,18,19,20,23,24,25
2199,6,4,5,10,11,12,13,14,16,17,19,21,22,24,25
2199,7,1,3,4,5,6,7,8,12,14,15,17,18,19,23
2199,8,1,5,8,9,12,13,14,15,16,20,21,23,24,25
2200,1,2,3,4,5,6,9,11,12,16,19,20,22,23,25
2200,2,1,2,4,7,8,9,10,11,12,14,17,18,20,22
2200,3,1,4,6,8,10,12,13,14,16,18,19,21,22,24
2200,4,3,4,5,7,10,11,13,15,16,17,18,20,21,24
2200,5,2,4,5,8,11,12,14,15,17,18,19,21,24,25
2200,6,3,5,7,8,9,10,11,14,17,18,20,21,23,24
2200,7,1,2,4,5,6,7,10,11,12,13,16,21,22,23
2200,8,2,4,5,7,8,11,14,16,17,18,20,21,22,24
2201,1,1,2,3,5,6,7,12,14,15,18,20,22,24,25
2201,2,4,6,7,8,10,11,12,13,16,18,19,21,23,24
2201,3,1,2,7,9,10,11,12,13,16,19,20,21,24,25
2201,4,1,2,3,5,6,9,15,16,17,18,19,22,24,25
2201,5,3,4,7,8,9,10,11,12,14,16,17,19,20,25
2201,6,1,4,7,8,9,10,11,13,17,18,19,20,21,25
2201,7,1,2,4,5,8,10,11,13,17,18,19,21,23,24
2201,8,1,2,3,5,6,7,8,10,11,13,16,17,20,25
2202,1,3,6,7,8,10,11,13,14,15,16,18,20,23,25
2202,2,1,3,4,5,9,11,12,14,16,17,19,20,23,24
2202,3,1,4,6,8,10,12,13,15,16,17,18,19,22,24
2202,4,1,2,4,5,6,10,11,14,17,19,21,22,24,25
2202,5,2,5,9,11,14,15,16,17,18,19,20,23,24,25
2202,6,3,4,5,7,11,12,13,15,16,18,19,20,23,24
2202,7,1,3,4,8,9,12,13,14,15,18,19,22,23,25
2202,8,1,2,3,4,6,9,10,14,15,16,17,19,21,24
2203,1,1,2,4,7,8,10,11,12,18,19,20,23,24,25
2203,2,1,2,3,4,6,8,9,10,11,15,20,21,22,25
2203,3,2,5,6,7,8,9,14,17,18,19,20,21,22,23
2203,4,2,3,6,7,8,10,11,13,14,15,17,18,19,24
2203,5,1,3,4,7,9,10,11,14,17,18,19,20,23,25
2203,6,2,3,4,9,10,13,15,16,17,19,20,22,23,25
2203,7,1,2,4,8,10,11,12,13,14,15,18,19,22,25
2203,8,1,2,3,4,7,9,11,12,13,18,20,21,24,25
2204,1,2,3,5,6,8,9,10,11,13,17,19,21,23,24
2204,2,1,2,4,5,6,8,9,11,14,16,17,21,22,25
2204,3,2,5,6,8,12,16,17,18,20,21,22,23,24,25
2204,4,1,2,5,8,10,12,13,15,16,17,18,20,21,22
2204,5,1,3,4,7,9,10,14,15,17,19,20,21,23,25
2204,6,1,2,4,5,7,8,9,10,11,12,14,20,23,24
2204,7,4,5,7,9,12,14,15,17,18,19,20,21,22,24
2204,8,1,4,5,6,7,11,12,13,14,15,16,21,22,24
2205,1,1,4,5,6,7,8,12,13,14,15,16,17,19,25
2205,2,1,3,4,5,7,9,11,12,13,15,16,20,23,25
2205,3,3,6,7,9,11,12,13,14,16,18,19,21,24,25
2205,4,1,2,5,6,9,11,12,15,16,19,21,23,24,25
2205,5,2,6,7,8,9,13,14,15,16,17,18,21,23,25
2205,6,2,4,6,7,8,10,13,14,18,19,21,22,23,24
2205,7,2,3,4,5,8,9,11,13,14,18,19,20,21,22
2205,8,1,2,3,4,5,7,8,9,11,16,18,20,22,23
2206,1,1,3,4,6,8,12,15,16,17,18,20,23,24,25
2206,2,3,6,8,9,10,11,17,18,19,20,21,22,23,24
2206,3,4,5,6,8,9,10,11,13,15,17,19,22,24,25
2206,4,1,3,6,9,13,14,15,17,19,21,22,23,24,25
2206,5,2,4,5,7,8,9,10,14,18,20,22,23,24,25
2206,6,1,2,4,10,11,12,13,14,15,19,20,22,23,24
2206,7,2,6,8,9,10,11,15,17,18,20,21,22,23,24
2206,8,2,3,5,9,11,12,17,18,19,20,21,22,23,24
2207,1,1,2,3,4,5,8,11,12,13,15,17,20,21,24
2207,2,1,2,5,6,7,8,9,11,13,14,17,22,23,24
2207,3,2,3,4,5,6,9,11,13,18,19,22,23,24,25
2207,4,1,4,6,7,11,12,13,14,16,17,18,21,23,24
2207,5,1,2,5,6,9,11,12,13,14,15,16,18,22,23
2207,6,2,3,4,5,6,10,12,13,14,17,20,21,22,25
2207,7,2,3,6,8,10,11,13,14,16,17,18,23,24,25
2207,8,1,3,5,6,7,8,9,11,12,15,16,19,21,24
2208,1,2,4,5,7,9,10,11,13,14,15,18,19,20,21
2208,2,1,2,3,4,8,13,17,18,19,20,21,22,23,25
2208,3,1,2,4,5,9,11,14,15,17,19,20,22,23,24
2208,4,1,5,7,9,10,11,12,14,15,16,19,22,23,24
2208,5,6,7,11,12,13,15,16,17,18,21,22,23,24,25
2208,6,5,7,8,9,10,12,13,14,15,16,19,21,22,24
2208,7,2,4,5,7,8,9,10,12,14,15,19,20,22,23
2208,8,2,4,6,7,8,9,10,11,15,18,21,23,24,25
2209,1,1,4,7,8,9,11,14,15,17,20,21,22,24,25
2209,2,2,3,5,6,7,10,11,14,15,16,18,19,21,25
2209,3,1,3,4,5,6,9,10,11,12,14,19,20,22,24
2209,4,3,4,7,8,12,13,14,15,16,20,21,22,24,25
2209,5,1,5,6,10,11,12,13,14,17,18,19,20,23,24
2209,6,1,4,7,8,10,11,13,14,15,19,20,21,22,24
2209,7,1,2,3,4,5,8,9,10,11,13,14,18,22,23
2209,8,1,2,3,4,5,6,7,11,18,19,20,21,22,23
2210,1,2,4,6,7,10,13,15,16,17,18,19,20,22,24
2210,2,1,2,3,4,5,6,7,8,11,13,14,15,19,24
2210,3,5,6,7,9,12,13,15,16,18,19,20,21,22,25
2210,4,1,2,5,8,10,12,13,14,17,20,21,22,23,24
2210,5,1,6,8,9,10,12,15,16,17,18,20,23,24,25
2210,6,1,4,5,7,8,10,11,13,14,18,19,21,24,25
2210,7,1,2,3,6,9,10,11,13,15,16,19,22,24,25
2210,8,3,4,5,6,7,8,10,13,15,16,17,19,22,23
2211,1,5,7,8,10,12,17,18,19,20,21,22,23,24,25
2211,2,2,3,4,7,10,11,13,14,15,16,17,18,21,24
2211,3,1,4,5,6,7,8,9,10,12,13,19,21,23,25
2211,4,2,3,4,5,9,10,11,13,15,16,17,19,22,23
2211,5,1,2,3,4,5,7,9,10,12,16,18,19,22,25
2211,6,1,3,6,7,9,10,12,14,15,16,17,21,23,24
2211,7,1,4,6,7,8,9,10,14,17,18,19,21,23,24
2211,8,1,6,8,10,12,13,15,16,17,19,20,21,22,25
2212,1,1,2,5,6,8,13,14,15,16,17,18,19,22,25
2212,2,1,3,6,7,10,11,13,14,17,21,22,23,24,25
2212,3,2,3,5,6,7,8,12,13,14,17,18,20,21,23
2212,4,1,3,6,7,8,9,11,16,17,19,20,21,22,25
2212,5,1,2,3,6,7,10,13,14,16,20,21,23,24,25
2212,6,1,2,4,5,6,7,8,9,11,13,14,15,16,24
2212,7,4,5,6,8,10,11,12,15,18,19,22,23,24,25
2212,8,1,2,3,5,7,8,10,11,13,14,19,20,21,25
2213,1,1,5,8,9,11,12,15,16,17,18,20,21,22,25
2213,2,1,2,3,7,8,9,11,17,18,20,21,23,24,25
2213,3,2,4,6,8,9,10,11,14,16,17,18,19,21,23
2213,4,1,2,3,5,6,7,8,9,13,14,16,17,22,24
2213,5,2,3,6,7,9,10,11,12,16,17,18,22,23,24
2213,6,2,3,4,8,9,10,11,16,20,21,22,23,24,25
2213,7,1,2,3,5,6,9,11,14,15,17,20,21,23,25
2213,8,1,2,4,8,9,10,11,12,17,18,20,22,23,24
2214,1,1,3,5,7,8,10,13,15,17,18,21,22,23,25
2214,2,2,6,7,10,11,12,15,16,17,18,19,23,24,25
2214,3,2,3,4,6,7,8,9,10,11,12,13,14,20,25
2214,4,3,5,6,7,9,10,11,12,13,17,20,21,24,25
2214,5,1,2,5,7,9,10,12,13,14,16,17,20,24,25
2214,6,3,5,6,10,12,13,14,16,18,19,20,21,22,23
2214,7,1,2,3,4,5,7,9,10,11,12,14,17,18,20
2214,8,4,5,7,10,11,13,15,17,18,19,22,23,24,25
2215,1,3,4,5,6,7,9,11,14,17,18,19,20,22,23
2215,2,1,3,4,5,11,12,13,15,16,18,19,20,22,25
2215,3,4,6,7,8,9,10,11,12,13,14,17,19,22,24
2215,4,1,4,5,7,11,12,13,14,15,18,20,23,24,25
2215,5,4,5,6,8,9,10,11,12,13,16,17,21,22,23
2215,6,1,6,7,9,10,11,13,14,16,17,19,21,22,23
2215,7,1,2,3,6,9,10,11,15,16,17,18,20,21,25
2215,8,2,3,4,5,6,7,10,12,16,18,20,22,23,25
2216,1,4,5,6,7,8,10,11,12,13,15,16,17,22,24
2216,2,1,3,4,5,7,8,9,11,12,14,15,16,18,21
2216,3,1,6,7,9,11,13,15,18,19,20,22,23,24,25
2216,4,3,4,6,7,9,12,13,14,15,18,20,21,23,25
2216,5,2,4,5,6,9,10,12,14,15,17,20,21,24,25
2216,6,1,2,5,6,7,11,16,17,18,19,22,23,24,25
2216,7,2,6,9,12,13,14,16,17,18,20,21,22,24,25
2216,8,2,3,4,5,6,7,9,11,13,14,15,18,20,23
2217,1,1,3,7,10,11,12,13,15,16,18,19,20,21,25
2217,2,3,4,6,7,9,10,15,16,18,19,20,23,24,25
2217,3,1,2,4,6,7,8,13,14,16,17,18,22,24,25
2217,4,2,3,6,8,9,12,13,16,17,18,19,20,23,25
2217,5,4,6,7,8,12,13,14,15,16,20,21,23,24,25
2217,6,1,2,3,5,6,7,9,10,11,16,17,19,21,22
2217,7,1,2,4,6,8,10,12,14,16,19,20,21,24,25
2217,8,4,5,9,10,11,14,16,17,18,21,22,23,24,25
2218,1,1,2,4,8,9,12,14,15,17,18,19,20,23,24
2218,2,3,4,7,9,10,11,13,14,15,16,20,22,24,25
2218,3,1,2,5,6,7,8,9,10,11,13,17,21,23,24
2218,4,4,6,7,8,10,11,12,15,16,17,18,20,21,23
2218,5,1,3,4,5,6,7,9,11,13,14,15,19,21,25
2218,6,1,3,5,8,9,11,14,15,18,19,20,22,23,24
2218,7,2,4,6,7,8,10,11,12,13,14,16,21,24,25
2218,8,3,4,5,6,7,8,9,11,12,14,15,20,23,25
2219,1,1,2,3,5,11,13,14,15,16,18,19,22,24,25
2219,2,3,5,8,9,11,12,14,15,16,18,19,20,23,24
2219,3,1,4,6,7,8,9,10,13,14,15,16,19,21,22
2219,4,1,4,5,7,8,10,11,12,13,15,21,22,24,25
2219,5,2,3,4,5,6,8,9,11,14,17,20,22,23,24
2219,6,2,3,6,7,8,9,10,11,15,18,19,22,24,25
2219,7,3,5,6,7,9,13,14,15,18,21,22,23,24,25
2219,8,1,2,4,5,9,11,12,13,15,16,20,22,23,25
2220,1,3,5,6,9,10,11,13,15,16,17,19,21,23,25
2220,2,2,6,9,10,11,12,13,14,16,17,19,20,22,25
2220,3,1,2,4,6,9,10,11,12,13,16,19,20,21,22
2220,4,2,3,4,5,6,7,9,12,14,15,16,18,20,23
2220,5,3,4,6,8,10,11,12,17,18,19,20,21,22,24
2220,6,1,2,7,8,11,12,14,15,17,18,21,22,23,25
2220,7,1,2,3,4,5,8,9,12,17,18,20,22,24,25
2220,8,2,3,7,8,9,13,14,15,16,18,19,20,24,25
2221,1,2,3,5,7,9,12,13,14,17,18,19,23,24,25
2221,2,1,2,3,4,7,8,11,14,17,18,19,22,23,24
2221,3,1,2,3,5,6,7,8,12,13,14,18,19,21,23
2221,4,2,5,6,7,9,12,13,16,17,19,20,21,22,25
2221,5,3,7,8,12,13,14,15,16,17,19,20,21,22,25
2221,6,1,2,3,6,7,10,11,15,16,17,18,21,23,24
2221,7,1,2,3,4,6,8,10,12,13,15,16,17,18,21
2221,8,2,3,4,6,7,9,10,13,14,15,16,18,19,24
2222,1,2,3,5,6,7,8,9,10,13,16,17,19,24,25
2222,2,2,5,7,8,10,12,13,17,19,20,21,22,23,25
2222,3,2,4,5,7,8,10,13,15,17,19,21,22,24,25
2222,4,2,3,4,5,7,8,10,12,13,14,15,19,20,21
2222,5,3,4,5,6,7,9,10,14,15,16,20,21,22,23
2222,6,1,2,6,7,10,11,12,15,17,18,19,20,22,23
2222,7,2,3,4,6,7,9,12,14,17,18,19,20,21,24
2222,8,2,4,6,8,9,10,11,12,14,15,18,22,23,25
2223,1,1,2,6,7,9,11,14,15,18,20,22,23,24,25
2223,2,4,6,7,12,14,15,16,17,18,19,20,22,24,25
2223,3,1,2,7,8,9,10,12,16,18,20,22,23,24,25
2223,4,4,5,6,7,10,11,12,13,18,19,20,21,23,25
2223,5,1,3,8,10,12,14,15,16,17,18,20,22,23,24
2223,6,1,2,4,5,6,8,9,11,13,16,17,22,23,25
2223,7,3,6,7,8,9,12,13,15,18,19,20,21,23,24
2223,8,2,6,7,8,11,12,15,16,19,20,21,22,23,25
2224,1,1,2,5,6,7,8,10,11,13,16,18,21,23,25
2224,2,2,3,4,7,8,13,14,16,18,19,22,23,24,25
2224,3,1,8,10,13,14,15,16,18,19,20,21,23,24,25
2224,4,1,2,4,5,6,9,10,12,14,19,20,21,23,25
2224,5,1,2,9,10,11,12,13,14,17,18,19,23,24,25
2224,6,1,4,10,11,12,14,17,18,20,21,22,23,24,25
2224,7,1,2,3,6,8,10,11,12,13,16,17,18,24,25
2224,8,1,3,5,6,7,8,10,11,12,13,17,21,22,24
2225,1,1,2,3,6,7,9,11,13,15,21,22,23,24,25
2225,2,1,2,3,4,6,7,10,11,12,14,18,19,20,23
2225,3,2,4,5,7,9,10,12,14,15,17,19,21,22,24
2225,4,3,5,6,10,11,12,13,15,16,17,19,20,22,24
2225,5,1,2,5,6,8,10,11,13,14,15,17,18,19,20
2225,6,1,3,6,7,10,11,12,13,14,17,18,19,23,24
2225,7,2,4,5,6,7,8,9,16,17,19,21,22,24,25
2225,8,2,5,6,9,10,12,13,17,18,19,20,21,22,23
2226,1,1,5,7,8,10,11,14,16,17,18,19,21,22,25
2226,2,1,4,5,7,9,10,13,14,15,18,20,22,23,25
2226,3,3,6,8,9,11,12,13,14,15,16,18,19,23,25
2226,4,1,2,5,6,10,13,14,15,17,18,19,20,23,24
2226,5,2,3,4,6,7,8,13,15,16,17,19,22,24,25
2226,6,2,3,5,6,7,11,12,14,17,18,20,21,22,23
2226,7,2,3,4,5,6,10,12,14,15,17,20,21,23,25
2226,8,3,6,7,9,10,12,14,16,17,18,19,20,23,25
2227,1,2,3,5,8,10,13,15,16,17,18,19,20,22,24
2227,2,1,9,10,11,12,13,14,15,19,20,22,23,24,25
2227,3,1,3,5,6,8,12,14,15,16,18,22,23,24,25
2227,4,2,5,7,9,12,13,15,16,17,18,20,22,23,24
2227,5,1,4,6,8,11,12,16,17,20,21,22,23,24,25
2227,6,1,2,3,5,6,7,10,12,14,16,18,20,21,25
2227,7,1,2,3,6,9,10,13,14,16,19,20,21,23,25
2227,8,2,3,4,6,7,8,11,12,14,16,20,22,24,25
2228,1,2,5,6,8,11,12,13,14,15,16,18,19,20,24
2228,2,1,2,3,4,6,9,13,14,17,18,22,23,24,25
2228,3,3,5,7,8,10,11,13,14,16,17,19,22,23,25
2228,4,1,2,4,7,9,10,12,13,14,17,19,20,21,25
2228,5,1,2,4,5,6,9,10,12,16,18,21,22,24,25
2228,6,1,3,4,5,6,7,8,9,13,15,16,17,18,19
2228,7,1,3,5,7,8,9,14,15,16,19,20,23,24,25
2228,8,1,4,5,6,7,8,9,11,15,20,21,23,24,25
2229,1,1,3,4,7,10,13,14,15,16,17,18,22,23,24
2229,2,2,4,7,8,9,11,12,13,14,16,17,20,24,25
2229,3,2,5,6,10,11,12,13,15,17,18,20,21,23,25
2229,4,1,2,3,4,5,7,9,14,15,17,20,21,23,25
2229,5,2,3,5,6,7,8,9,10,13,15,17,19,23,25
2229,6,6,8,10,12,13,14,15,17,18,21,22,23,24,25
2229,7,1,2,4,6,7,8,9,12,14,15,16,17,19,21
2229,8,2,6,7,8,9,11,13,16,17,18,20,21,22,24
2230,1,4,5,7,8,9,10,13,14,16,19,20,23,24,25
2230,2,1,2,3,6,8,10,11,16,17,18,19,20,23,24
2230,3,1,2,3,5,8,10,12,14,15,19,21,22,23,25
2230,4,1,2,4,5,7,11,12,13,15,16,17,18,19,23
2230,5,1,2,5,8,9,10,11,12,16,19,22,23,24,25
2230,6,1,2,5,7,8,11,12,13,17,21,22,23,24,25
2230,7,2,7,8,11,12,13,14,15,16,17,18,20,21,25
2230,8,1,2,3,5,7,10,12,13,18,20,22,23,24,25
2231,1,1,3,4,6,7,9,11,13,16,18,19,20,21,22
2231,2,5,8,9,10,13,15,16,18,19,20,21,22,23,25
2231,3,3,4,5,6,7,8,10,12,13,15,17,18,23,24
2231,4,1,2,3,5,7,8,11,12,13,18,20,21,23,25
2231,5,1,2,3,6,7,9,10,12,15,17,18,21,22,24
2231,6,2,3,4,5,6,7,8,9,16,17,18,22,24,25
2231,7,1,2,3,4,5,7,9,10,12,14,18,21,23,25
2231,8,1,2,3,4,5,6,8,9,10,11,13,17,24,25
2232,1,1,2,3,4,5,6,8,9,10,12,14,15,19,23
2232,2,1,2,3,5,7,9,11,13,14,17,21,22,24,25
2232,3,2,4,6,9,10,11,12,13,14,19,20,21,23,25
2232,4,1,2,3,4,5,6,7,11,13,14,15,20,21,25
2232,5,3,5,7,8,11,12,15,16,18,19,20,21,22,25
2232,6,3,4,6,7,8,9,10,11,12,13,17,18,23,24
2232,7,1,5,7,8,9,10,11,12,13,14,17,19,21,25
2232,8,1,3,6,8,10,11,13,14,15,16,18,20,21,25
2233,1,2,3,4,5,6,8,10,13,14,18,20,21,24,25
2233,2,1,2,4,6,7,8,9,12,13,15,17,21,22,25
2233,3,3,6,7,8,9,10,11,13,14,16,19,20,21,23
2233,4,1,6,9,12,13,14,15,18,19,20,21,22,24,25
2233,5,2,4,5,7,8,9,11,12,18,19,20,22,23,25
2233,6,1,2,5,9,10,11,12,13,15,17,18,19,21,22
2233,7,2,5,6,10,11,12,15,18,19,21,22,23,24,25
2233,8,1,3,4,6,7,10,11,12,13,14,18,20,22,25
2234,1,1,4,6,7,9,10,11,13,14,16,18,20,21,24
2234,2,3,4,6,8,9,10,11,12,14,15,17,19,20,22
2234,3,1,3,5,10,11,12,13,18,19,20,21,22,24,25
2234,4,2,6,7,8,10,11,14,15,17,20,21,22,23,25
2234,5,3,7,8,9,10,12,13,14,15,16,20,21,22,23
2234,6,1,2,3,4,8,9,10,11,15,16,20,21,22,25
2234,7,1,4,5,6,7,8,11,12,14,17,22,23,24,25
2234,8,2,4,5,6,10,11,14,15,16,19,20,21,24,25
2235,1,2,3,4,5,7,8,9,10,11,14,15,16,20,21
2235,2,2,4,5,6,7,9,12,15,16,18,20,21,22,23
2235,3,2,3,4,5,9,10,13,14,18,20,21,23,24,25
2235,4,1,2,4,6,8,10,17,18,19,21,22,23,24,25
2235,5,2,3,5,7,8,13,14,15,16,17,18,21,22,25
2235,6,5,7,8,9,11,12,15,16,18,20,21,23,24,25
2235,7,1,2,5,6,7,8,10,15,17,18,20,23,24,25
2235,8,1,4,6,8,11,12,13,14,15,16,19,20,21,24
2236,1,2,3,4,5,6,7,9,11,14,19,21,22,23,25
2236,2,2,5,6,9,10,11,12,13,15,16,19,21,23,25
2236,3,1,2,4,5,7,8,11,12,16,17,18,20,21,22
2236,4,2,5,7,8,9,10,13,15,16,17,19,20,21,23
2236,5,1,2,3,4,5,8,10,12,17,18,19,20,24,25
2236,6,1,2,5,7,8,9,11,13,14,19,20,21,22,25
2236,7,3,4,5,7,9,10,11,12,14,18,20,22,24,25
2236,8,2,4,5,6,8,10,11,13,15,16,17,18,21,24
2237,1,3,4,5,6,7,9,10,12,14,15,16,21,24,25
2237,2,2,4,7,9,10,11,12,14,16,17,19,20,22,24
2237,3,2,3,5,6,8,10,11,12,13,14,15,20,23,24
2237,4,3,4,5,7,9,11,12,13,14,15,21,23,24,25
2237,5,2,3,4,6,11,13,15,17,18,19,20,21,22,24
2237,6,2,4,6,8,11,12,13,14,16,18,19,20,23,24
2237,7,1,2,7,8,9,11,12,13,14,15,16,17,23,24
2237,8,1,7,8,9,10,11,12,13,14,16,22,23,24,25
2238,1,2,4,7,8,9,10,12,13,16,17,18,20,21,23
2238,2,1,4,5,6,10,12,13,16,17,18,19,21,23,25
2238,3,1,3,6,8,10,11,12,13,16,18,21,23,24,25
2238,4,1,2,8,10,13,14,15,16,18,20,21,22,23,25
2238,5,3,4,5,6,8,10,11,16,18,19,20,21,22,23
2238,6,1,2,5,7,8,10,11,16,17,18,19,23,24,25
2238,7,1,2,3,4,10,12,13,14,15,18,19,21,22,23
2238,8,3,5,6,9,10,11,14,16,17,19,20,21,22,25
2239,1,4,6,8,10,12,13,15,17,18,19,20,21,23,24
2239,2,1,3,4,5,8,10,11,13,15,17,18,20,22,24
2239,3,2,3,4,5,6,9,13,16,17,21,22,23,24,25
2239,4,3,5,6,7,8,9,10,11,12,16,20,21,22,25
2239,5,2,4,6,7,8,9,12,13,14,16,18,20,21,23
2239,6,1,2,3,5,9,13,14,16,17,19,22,23,24,25
2239,7,1,2,3,10,11,12,16,17,18,20,21,22,24,25
2239,8,2,4,6,7,8,9,10,11,15,17,21,22,24,25
2240,1,1,2,7,8,10,13,15,17,18,19,21,22,23,25
2240,2,1,2,4,5,6,8,9,10,11,13,20,22,23,25
2240,3,1,2,5,6,8,9,11,13,14,15,20,21,22,23
2240,4,2,3,4,5,6,8,11,14,15,16,19,20,23,25
2240,5,1,2,4,6,9,10,12,15,16,17,21,22,23,24
2240,6,2,3,6,13,15,17,18,19,20,21,22,23,24,25
2240,7,4,6,7,9,10,12,14,17,19,20,21,23,24,25
2240,8,1,2,7,8,9,12,14,15,16,17,20,21,22,24
2241,1,5,6,8,10,11,13,15,17,19,20,21,22,24,25
2241,2,1,3,5,6,7,9,12,14,15,17,18,21,22,25
2241,3,1,2,4,6,8,9,11,13,14,17,19,20,22,24
2241,4,1,2,5,7,9,11,13,14,16,17,18,20,22,23
2241,5,1,2,3,5,6,7,9,10,14,15,19,22,23,24
2241,6,1,3,5,6,7,8,10,12,14,15,19,21,23,25
2241,7,1,4,5,6,7,8,10,12,14,15,22,23,24,25
2241,8,1,7,10,11,12,14,15,16,17,19,20,21,23,25
2242,1,2,3,4,7,10,11,12,13,15,17,19,21,24,25
2242,2,2,3,5,6,7,9,11,12,14,18,19,23,24,25
2242,3,1,2,4,7,10,11,12,15,16,17,18,22,23,25
2242,4,1,3,5,7,8,10,16,17,18,20,21,22,23,25
2242,5,1,2,3,4,7,9,10,11,13,14,15,19,21,23
2242,6,1,3,4,5,6,7,9,13,16,18,20,21,24,25
2242,7,1,3,4,7,9,11,12,14,16,18,19,20,23,25
2242,8,1,3,5,8,10,11,13,14,16,17,22,23,24,25
2243,1,2,5,6,7,8,10,12,14,17,20,21,22,23,25
2243,2,2,3,5,6,7,12,13,14,15,19,20,23,24,25
2243,3,3,4,5,6,10,11,12,13,18,19,20,21,22,23
2243,4,1,2,5,6,7,8,11,12,13,14,16,17,23,24
2243,5,2,3,5,7,8,10,13,15,16,18,19,21,23,25
2243,6,1,2,3,6,8,9,10,11,12,15,16,19,21,24
2243,7,2,3,5,7,8,9,12,13,15,17,18,20,22,25
2243,8,3,4,5,7,8,10,11,14,16,17,18,19,21,24
2244,1,1,2,6,7,8,9,10,11,13,15,16,21,22,23
2244,2,2,4,7,9,11,12,16,17,18,20,21,22,23,24
2244,3,1,2,3,4,8,13,16,18,19,21,22,23,24,25
2244,4,1,2,3,4,5,14,16,17,19,20,21,23,24,25
2244,5,1,3,4,7,10,11,16,17,18,19,21,23,24,25
2244,6,2,4,6,7,11,12,13,14,17,18,19,20,23,24
2244,7,1,2,4,7,8,10,11,12,14,17,19,21,23,24
2244,8,1,2,7,11,13,14,15,16,18,19,20,23,24,25
2245,1,1,2,3,5,6,8,9,12,14,16,17,21,23,24
2245,2,1,5,7,9,10,13,14,16,17,18,19,20,22,23
2245,3,1,2,3,4,5,7,10,12,14,15,16,18,20,23
2245,4,6,7,10,11,13,15,16,18,19,20,21,22,23,25
2245,5,2,3,6,8,9,10,11,12,13,14,15,17,20,25
2245,6,1,2,4,5,6,8,10,12,14,16,17,18,19,20
2245,7,1,3,5,7,9,10,12,13,15,16,19,20,23,24
2245,8,1,3,4,5,9,11,14,15,17,18,20,22,23,24
2246,1,1,3,4,5,6,8,12,13,14,15,18,20,22,25
2246,2,2,3,4,5,6,7,8,11,16,20,22,23,24,25
2246,3,1,4,5,6,7,8,10,11,14,16,18,19,22,23
2246,4,4,5,6,8,10,11,15,16,18,19,20,22,23,25
2246,5,3,4,6,8,10,12,13,14,17,18,20,21,23,25
2246,6,1,2,3,4,9,12,13,14,17,18,20,21,24,25
2246,7,3,4,5,7,8,9,13,16,17,18,21,22,23,24
2246,8,1,2,3,4,6,10,11,16,17,18,19,22,23,24
2247,1,2,5,6,7,8,12,13,16,17,18,19,22,24,25
2247,2,1,4,5,6,7,8,9,12,15,16,18,22,23,24
2247,3,2,4,6,8,9,11,13,16,17,19,20,22,24,25
2247,4,6,9,10,12,13,15,17,19,20,21,22,23,24,25
2247,5,3,4,6,7,9,10,12,13,14,15,17,18,20,25
2247,6,4,9,10,11,14,15,16,17,18,19,20,21,22,24
2247,7,1,2,4,5,7,8,10,14,18,20,21,22,23,25
2247,8,3,4,6,8,9,10,13,14,16,19,21,23,24,25
2248,1,3,4,5,7,8,9,14,15,16,18,20,21,22,23
2248,2,3,4,5,6,8,11,12,14,18,19,20,22,23,24
2248,3,2,3,4,5,6,8,9,12,15,16,17,20,21,25
2248,4,1,2,3,7,9,11,14,15,16,18,19,23,24,25
2248,5,1,3,6,8,9,11,12,15,17,19,20,21,24,25
2248,6,2,4,5,7,9,12,15,16,17,18,21,23,24,25
2248,7,3,4,5,6,8,10,13,14,15,16,18,19,20,22
2248,8,1,2,3,4,5,6,11,13,14,15,16,18,21,22
2249,1,1,2,4,5,7,10,11,15,18,20,21,22,23,24
2249,2,2,4,7,8,9,10,11,12,13,14,15,16,18,19
2249,3,4,6,7,8,9,10,11,17,19,20,21,23,24,25
2249,4,1,2,3,4,9,10,11,17,19,20,21,23,24,25
2249,5,2,3,6,8,9,11,12,13,14,16,22,23,24,25
2249,6,2,3,4,7,8,13,14,15,16,17,20,22,24,25
2249,7,1,4,6,8,9,12,13,15,16,17,20,21,24,25
2249,8,2,3,5,7,8,10,11,12,13,14,16,18,21,23
2250,1,1,2,5,7,8,14,15,16,17,18,19,21,23,24
2250,2,1,2,3,4,7,11,12,13,17,18,19,21,22,24
2250,3,1,2,3,4,5,8,9,11,15,16,17,22,23,25
2250,4,1,3,4,5,6,7,8,10,11,15,16,17,19,20
2250,5,1,2,3,4,8,9,13,16,17,18,19,22,24,25
2250,6,3,4,5,7,9,11,12,17,18,19,20,21,23,24
2250,7,1,2,4,5,7,9,10,11,14,17,18,21,22,23
2250,8,1,2,4,7,11,12,13,14,15,17,20,21,22,23
2251,1,1,3,5,6,8,9,11,12,13,14,15,16,19,21
2251,2,1,2,4,5,6,8,11,12,13,15,16,18,20,25
2251,3,2,3,6,8,9,10,12,13,14,16,17,18,20,23
2251,4,2,3,4,5,9,10,12,13,14,15,16,20,23,24
2251,5,1,2,3,6,7,11,14,15,16,17,20,22,23,24
2251,6,1,2,3,4,8,9,10,12,13,14,18,19,20,22
2251,7,1,5,8,10,11,13,14,15,16,17,18,22,23,25
2251,8,1,2,4,5,10,11,12,15,17,18,19,21,22,23
2252,1,3,4,5,7,9,10,11,12,13,14,19,20,21,24
2252,2,2,3,6,7,12,13,14,16,18,20,22,23,24,25
2252,3,2,3,4,5,6,7,9,11,15,18,19,22,23,25
2252,4,1,4,9,10,11,12,13,17,19,20,22,23,24,25
2252,5,2,3,4,6,8,14,15,17,18,19,22,23,24,25
2252,6,2,3,5,6,7,8,9,10,12,13,19,21,23,25
2252,7,1,2,4,5,6,8,11,13,14,18,21,22,23,24
2252,8,1,4,5,7,8,10,11,13,14,15,16,21,24,25
2253,1,4,5,6,7,10,11,13,15,17,19,20,21,23,25
2253,2,1,2,3,5,7,8,9,10,11,13,15,20,23,24
2253,3,1,2,6,8,10,11,13,17,18,19,21,23,24,25
2253,4,2,4,5,6,9,12,13,14,16,17,19,22,24,25
2253,5,1,2,4,5,11,13,16,19,20,21,22,23,24,25
2253,6,1,2,3,4,8,9,10,11,16,17,18,21,23,24
2253,7,2,7,8,11,13,14,15,16,18,19,21,23,24,25
2253,8,1,2,3,5,7,8,10,12,13,15,17,19,23,25
2254,1,1,2,6,8,12,14,15,16,17,19,20,21,23,24
2254,2,6,7,9,10,12,15,16,18,20,21,22,23,24,25
2254,3,1,4,6,7,8,11,12,14,15,17,18,20,21,25
2254,4,3,4,5,6,7,8,10,13,16,19,22,23,24,25
2254,5,1,2,3,4,6,7,11,15,17,20,22,23,24,25
2254,6,1,3,4,5,6,7,9,10,12,14,19,20,22,23
2254,7,1,2,4,5,8,9,13,16,17,20,21,22,23,24
2254,8,1,2,3,6,7,10,11,13,17,18,20,22,23,24
2255,1,2,3,4,5,9,10,11,12,13,14,16,21,22,25
2255,2,2,3,4,5,6,8,11,14,16,17,20,22,23,25
2255,3,3,4,6,7,9,11,12,13,14,18,19,21,23,25
2255,4,1,4,5,6,8,12,13,15,18,19,20,21,22,24
2255,5,1,3,4,5,6,8,9,10,11,13,15,18,20,23
2255,6,2,5,6,9,12,13,14,15,16,17,18,19,24,25
2255,7,3,4,6,7,9,10,11,12,15,17,18,20,21,23
2255,8,2,5,6,8,10,15,16,18,19,20,21,22,23,25
2256,1,2,3,6,7,8,10,12,13,17,19,21,22,23,24
2256,2,2,3,5,7,9,10,13,15,18,21,22,23,24,25
2256,3,1,3,5,6,9,10,11,13,14,19,20,22,24,25
2256,4,1,2,3,4,5,7,9,12,13,17,18,20,23,24
2256,5,1,2,4,5,6,7,8,11,13,14,16,19,23,24
2256,6,3,4,6,7,10,14,16,17,20,21,22,23,24,25
2256,7,6,7,8,10,12,13,14,15,16,17,19,22,23,25
2256,8,1,2,7,9,11,12,13,14,19,21,22,23,24,25
2257,1,1,4,6,8,9,11,12,13,14,16,17,18,20,25
2257,2,1,4,5,6,8,9,10,12,13,15,19,21,22,24
2257,3,3,5,6,8,11,13,14,18,19,21,22,23,24,25
2257,4,1,2,3,6,8,10,11,13,14,16,18,20,21,23
2257,5,1,2,7,9,10,12,13,14,16,17,18,19,22,23
2257,6,1,2,7,8,9,11,13,14,16,19,20,22,23,25
2257,7,1,4,7,8,9,12,13,14,15,18,19,22,24,25
2257,8,2,3,4,6,7,9,12,13,15,17,20,21,22,25
2258,1,3,4,10,11,12,13,14,16,17,19,20,21,22,24
2258,2,1,2,4,5,6,9,12,14,15,16,17,18,23,24
2258,3,2,4,5,6,7,8,11,14,15,16,18,19,20,21
2258,4,3,6,7,8,9,10,11,12,16,17,21,22,23,25
2258,5,1,2,7,11,12,13,14,15,16,19,20,22,24,25
2258,6,1,2,5,7,8,9,10,11,14,16,19,21,22,25
2258,7,1,3,4,5,7,8,9,11,12,16,17,19,24,25
2258,8,1,3,4,7,8,14,16,17,18,19,20,22,23,24
2259,1,3,4,5,7,12,14,15,16,18,19,21,22,23,24
2259,2,2,3,4,5,6,7,9,10,11,12,15,17,20,23
2259,3,1,2,4,8,10,11,12,14,15,17,18,23,24,25
2259,4,2,3,4,5,8,9,11,16,17,18,20,21,22,24
2259,5,4,6,7,9,11,13,14,15,16,17,18,19,20,21
2259,6,1,2,3,6,7,8,9,10,12,13,14,17,20,24
2259,7,1,3,4,6,7,8,10,14,17,19,20,23,24,25
2259,8,1,2,3,4,5,7,12,15,17,20,22,23,24,25
2260,1,2,3,5,6,9,10,11,13,14,15,16,17,21,24
2260,2,1,3,4,6,8,10,13,17,18,19,20,21,22,23
2260,3,1,2,3,4,5,7,12,13,16,17,19,20,21,24
2260,4,1,2,3,8,9,10,13,14,17,18,21,23,24,25
2260,5,1,2,4,6,8,9,11,12,13,18,19,20,22,23
2260,6,1,2,3,6,7,11,13,15,16,17,18,19,23,25
2260,7,1,2,3,5,10,13,14,15,16,18,19,20,21,23
2260,8,1,2,3,4,7,8,10,15,17,19,20,21,23,25
2261,1,1,2,5,6,8,9,10,11,13,17,18,19,20,22
2261,2,1,3,6,7,8,9,10,13,15,17,20,22,24,25
2261,3,1,2,4,5,11,14,17,18,19,20,21,23,24,25
2261,4,2,3,4,5,6,7,9,15,16,17,18,19,24,25
2261,5,2,5,7,8,9,11,13,14,15,16,17,19,20,23
2261,6,2,3,4,5,8,9,10,12,14,17,19,20,21,24
2261,7,3,5,6,8,10,11,13,15,19,20,21,22,23,24
2261,8,1,2,6,9,10,11,13,14,16,19,20,23,24,25
2262,1,1,3,4,5,6,7,8,9,16,19,20,21,22,23
2262,2,1,3,6,7,8,10,11,13,14,15,16,20,22,23
2262,3,1,2,3,5,9,10,15,16,17,20,21,22,23,25
2262,4,2,3,4,5,9,10,11,12,13,16,17,19,21,25
2262,5,1,2,3,4,5,6,8,11,13,14,20,21,24,25
2262,6,1,2,7,8,9,11,12,13,14,17,18,19,22,24
2262,7,1,2,4,6,9,11,13,15,16,17,18,19,22,24
2262,8,1,3,4,5,6,7,9,10,15,16,17,19,20,23
2263,1,2,3,4,5,8,11,14,17,18,19,20,21,22,25
2263,2,3,4,5,7,8,10,11,12,13,14,15,18,21,24
2263,3,1,5,6,7,14,15,16,17,19,20,21,22,23,24
2263,4,4,5,7,10,11,12,14,16,18,19,20,21,23,24
2263,5,1,6,8,9,10,11,12,13,16,17,20,21,22,23
2263,6,1,2,6,7,8,11,13,14,15,18,21,22,23,25
2263,7,1,4,5,8,9,10,12,13,15,16,18,20,23,24
2263,8,1,2,3,4,8,9,12,13,14,18,19,21,22,25
2264,1,2,3,5,7,10,11,12,13,15,18,20,21,22,24
2264,2,3,5,7,9,10,13,15,18,19,20,22,23,24,25
2264,3,2,4,8,9,10,13,15,17,19,20,21,23,24,25
2264,4,1,5,8,11,12,13,15,16,17,18,19,20,22,24
2264,5,1,2,4,9,11,12,14,15,16,17,18,20,23,24
2264,6,1,3,4,6,9,10,11,12,14,17,19,21,23,24
2264,7,1,3,4,8,9,10,11,12,15,16,18,22,24,25
2264,8,1,2,5,7,10,11,12,13,15,16,17,18,21,24
2265,1,2,3,5,8,10,11,12,13,14,16,17,19,20,23
2265,2,1,2,5,7,9,11,13,14,15,17,19,20,23,25
2265,3,4,5,6,8,10,11,13,16,19,20,22,23,24,25
2265,4,1,2,3,5,6,7,9,11,12,13,14,17,20,24
2265,5,1,4,5,7,8,9,10,15,17,18,20,22,23,25
2265,6,2,3,5,7,8,9,10,12,14,17,19,20,24,25
2265,7,4,6,7,8,9,10,11,16,17,19,20,21,23,24
2265,8,1,2,4,7,9,11,14,15,17,18,19,21,22,23
2266,1,2,4,5,10,11,12,14,17,18,20,21,22,24,25
2266,2,3,4,5,7,8,10,15,16,17,19,20,22,23,24
2266,3,1,3,6,7,9,10,11,12,14,15,17,18,22,23
2266,4,1,4,5,6,7,8,9,13,14,15,20,22,23,24
2266,5,1,5,7,8,10,11,14,15,17,18,19,21,23,25
2266,6,1,2,6,8,9,10,11,12,15,19,21,22,24,25
2266,7,1,2,3,4,8,9,11,12,15,16,20,21,23,25
2266,8,1,2,3,5,6,8,13,14,15,16,18,21,23,25
2267,1,4,5,6,9,11,13,14,15,16,20,22,23,24,25
2267,2,1,2,3,4,5,7,10,16,17,18,19,20,23,25
2267,3,1,2,5,6,11,15,16,18,19,20,21,22,23,24
2267,4,1,3,4,5,6,7,8,11,14,16,17,22,23,25
2267,5,3,5,6,8,10,13,15,16,20,21,22,23,24,25
2267,6,1,2,3,4,5,8,9,10,15,16,17,20,21,23
2267,7,3,4,7,8,9,12,13,14,17,18,20,21,23,25
2267,8,3,4,7,8,9,11,12,15,16,17,20,21,22,23
2268,1,1,2,6,8,10,12,14,15,16,18,21,23,24,25
2268,2,1,2,3,5,6,7,9,10,11,12,17,20,21,23
2268,3,1,2,3,5,8,13,14,15,16,17,18,21,23,24
2268,4,1,2,5,7,8,10,11,12,13,14,17,19,22,25
2268,5,3,5,6,7,8,9,10,11,12,15,17,18,20,22
2268,6,5,7,9,10,11,13,14,15,17,19,22,23,24,25
2268,7,1,3,5,6,7,10,12,13,15,17,18,20,21,25
2268,8,1,2,3,4,8,9,12,13,14,15,17,20,24,25
2269,1,1,5,6,7,10,12,13,14,16,17,18,19,20,22
2269,2,1,3,4,5,6,7,8,9,10,11,12,14,20,24
2269,3,2,4,5,6,9,10,12,13,15,17,18,20,21,24
2269,4,1,2,3,4,6,9,11,12,14,16,18,20,22,23
2269,5,2,3,4,6,8,9,11,12,13,16,17,19,22,25
2269,6,2,5,6,8,9,11,12,14,15,16,19,20,23,25
2269,7,2,3,6,8,9,10,11,13,16,17,21,22,24,25
2269,8,1,2,3,4,10,11,14,15,16,19,20,21,22,24
2270,1,1,2,3,4,6,8,10,11,12,14,17,19,20,21
2270,2,2,3,4,5,8,13,15,16,17,19,21,22,24,25
2270,3,2,7,8,9,11,14,15,16,17,19,20,23,24,25
2270,4,3,4,5,6,7,8,9,10,12,16,18,20,23,24
2270,5,3,4,5,7,8,9,10,13,14,17,19,21,23,24
2270,6,1,3,7,8,9,10,12,13,15,16,19,23,24,25
2270,7,1,5,10,11,12,13,14,16,17,18,20,21,22,24
2270,8,2,4,5,7,8,11,12,14,17,18,19,21,24,25
2271,1,1,3,5,6,7,8,10,12,14,16,19,20,23,24
2271,2,1,2,3,7,9,11,13,14,15,16,19,20,21,25
2271,3,6,7,9,10,11,12,13,15,17,18,19,20,24,25
2271,4,1,2,4,5,9,10,12,14,17,18,21,22,23,24
2271,5,1,2,4,6,7,11,12,16,17,18,19,20,23,25
2271,6,1,2,3,6,7,8,9,12,13,16,18,20,23,24
2271,7,2,5,7,9,10,11,14,15,18,19,21,23,24,25
2271,8,1,2,8,10,12,13,15,16,17,18,20,22,23,25
2272,1,1,10,11,12,13,14,15,16,17,19,21,23,24,25
2272,2,1,2,3,4,5,6,7,12,13,18,19,22,23,25
2272,3,2,6,7,8,11,13,15,19,20,21,22,23,24,25
2272,4,1,4,6,7,8,11,12,13,14,15,16,17,18,19
2272,5,1,2,3,5,6,7,9,10,11,14,16,17,22,23
2272,6,1,3,6,7,8,9,13,14,15,18,19,20,21,25
2272,7,1,5,6,7,9,11,14,15,16,17,19,20,22,24
2272,8,3,4,5,7,9,11,12,13,14,19,20,21,22,24
2273,1,3,5,6,7,8,9,13,16,19,20,21,22,24,25
2273,2,1,2,5,6,7,8,10,11,13,14,15,18,19,22
2273,3,4,5,11,12,13,14,15,16,17,18,19,20,24,25
2273,4,3,4,5,6,8,11,13,15,16,17,20,21,22,25
2273,5,3,5,6,8,11,12,13,14,15,16,17,18,20,22
2273,6,1,2,3,4,7,8,9,12,13,14,16,18,24,25
2273,7,1,7,8,9,11,12,13,14,16,17,18,19,21,23
2273,8,2,6,7,8,9,13,15,16,17,18,19,20,22,25
2274,1,1,2,4,5,7,8,10,11,15,18,21,23,24,25
2274,2,1,4,9,12,13,14,15,16,18,19,22,23,24,25
2274,3,2,3,5,6,7,8,13,14,15,17,21,23,24,25
2274,4,1,2,3,4,5,6,10,12,13,18,19,20,24,25
2274,5,1,3,4,8,10,12,13,17,18,20,22,23,24,25
2274,6,1,2,3,5,6,10,11,13,15,16,18,19,21,22
2274,7,1,2,3,6,10,12,13,15,16,18,19,20,21,25
2274,8,1,5,6,8,11,13,16,17,18,19,20,23,24,25
2275,1,3,5,7,8,9,11,12,14,15,16,18,19,20,24
2275,2,1,2,3,5,6,9,10,11,16,17,19,21,22,24
2275,3,2,4,5,10,11,12,13,15,16,18,19,20,21,25
2275,4,1,2,3,6,7,9,10,11,12,14,19,20,21,25
2275,5,4,5,6,7,8,9,11,12,13,14,16,17,23,25
2275,6,1,4,6,7,9,10,12,14,16,17,19,20,22,25
2275,7,1,2,7,8,9,10,12,15,18,19,21,22,23,24
2275,8,1,3,4,5,7,9,10,12,18,19,21,22,23,24
2276,1,1,3,6,7,8,10,12,13,15,17,18,19,22,24
2276,2,1,4,7,10,11,12,13,15,17,20,21,22,23,25
2276,3,3,4,5,6,7,8,10,11,15,16,17,23,24,25
2276,4,5,6,8,10,11,12,13,14,18,19,20,21,22,23
2276,5,3,6,8,9,10,12,13,14,16,17,18,23,24,25
2276,6,2,3,4,5,8,10,11,15,17,18,21,22,23,24
2276,7,2,3,4,6,7,8,11,16,17,18,21,23,24,25
2276,8,1,3,4,5,6,9,13,15,17,18,19,20,21,22
2277,1,2,5,7,8,11,14,15,16,19,20,21,22,24,25
2277,2,1,3,4,9,10,12,15,16,18,19,20,22,23,24
2277,3,5,7,9,11,12,16,17,18,19,20,22,23,24,25
2277,4,1,2,3,5,6,7,8,9,10,12,14,18,23,24
2277,5,1,2,3,4,6,9,10,13,14,17,18,19,20,23
2277,6,3,4,5,6,7,9,11,13,14,15,18,22,24,25
2277,7,2,4,7,10,11,12,14,16,17,18,21,22,24,25
2277,8,2,3,5,7,10,11,13,15,18,19,21,22,23,25
2278,1,1,2,4,6,8,9,11,12,18,20,22,23,24,25
2278,2,3,5,6,9,10,14,15,18,19,20,22,23,24,25
2278,3,2,3,4,7,8,9,11,12,13,17,19,22,23,24
2278,4,1,2,3,4,5,8,9,11,14,15,16,17,19,24
2278,5,2,4,5,6,7,8,11,18,19,21,22,23,24,25
2278,6,3,4,5,8,12,16,17,19,20,21,22,23,24,25
2278,7,2,3,4,5,10,12,13,15,17,18,19,20,21,25
2278,8,4,5,7,8,10,11,12,13,16,18,19,21,22,25
2279,1,1,2,4,8,10,11,12,15,16,17,19,20,21,22
2279,2,3,5,6,9,10,12,13,14,15,16,21,23,24,25
2279,3,2,5,6,8,10,11,12,16,17,19,20,22,24,25
2279,4,1,2,3,5,6,8,10,11,12,15,17,18,21,25
2279,5,6,8,9,10,11,13,14,15,17,18,19,20,21,23
2279,6,1,2,3,4,5,7,10,11,16,17,19,21,22,24
2279,7,1,5,6,7,9,10,12,14,15,21,22,23,24,25
2279,8,2,3,4,5,6,7,8,11,12,14,19,21,23,24
2280,1,3,5,6,10,12,13,14,15,17,18,21,22,23,25
2280,2,3,5,6,7,9,13,14,18,19,20,21,22,23,24
2280,3,1,2,5,6,11,12,13,16,17,18,19,20,23,25
2280,4,1,2,4,7,8,10,12,14,15,16,17,18,21,22
2280,5,1,3,4,5,8,10,11,14,15,16,17,19,22,25
2280,6,1,5,6,7,9,14,15,17,18,19,20,21,22,24
2280,7,2,5,6,7,8,11,12,13,16,17,19,20,23,24
2280,8,2,4,6,10,11,12,14,15,16,18,19,20,21,25
2281,1,2,4,5,9,10,11,12,13,15,16,17,21,22,23
2281,2,2,4,5,6,9,11,14,15,16,17,19,20,21,22
2281,3,3,4,5,7,9,11,12,13,16,17,19,20,21,23
2281,4,5,6,10,11,13,14,15,16,17,18,20,21,22,25
2281,5,1,2,3,6,7,8,9,14,15,16,17,18,23,24
2281,6,1,3,4,7,8,10,12,15,16,20,21,22,23,25
2281,7,4,5,6,8,9,10,11,12,14,15,16,18,21,23
2281,8,2,3,5,6,11,12,13,14,16,18,19,20,24,25
2282,1,2,3,4,5,6,7,11,12,14,16,20,21,24,25
2282,2,1,4,7,8,10,12,13,14,16,18,19,20,23,24
2282,3,6,7,9,10,13,14,15,17,18,21,22,23,24,25
2282,4,1,2,3,4,5,7,9,10,14,15,16,17,19,22
2282,5,1,2,3,4,6,7,8,9,12,15,18,19,21,24
2282,6,1,2,6,7,8,9,11,12,14,15,17,20,24,25
2282,7,1,2,3,4,5,6,9,11,14,15,17,20,21,25
2282,8,2,3,4,5,9,10,13,17,19,20,22,23,24,25
2283,1,2,3,5,6,7,8,10,13,15,16,17,20,21,25
2283,2,1,2,3,4,5,6,9,10,14,15,16,17,18,22
2283,3,2,3,4,5,6,7,9,12,13,14,20,21,23,24
2283,4,2,3,4,5,7,8,10,11,13,14,18,20,21,22
2283,5,2,3,4,5,6,7,9,11,12,13,15,18,19,21
2283,6,1,3,4,7,13,14,15,16,17,19,20,22,23,25
2283,7,2,3,4,6,8,12,13,15,16,17,18,20,21,22
2283,8,2,3,5,6,11,13,14,15,18,19,20,21,23,25
2284,1,1,2,3,6,11,12,13,14,15,16,19,20,22,24
2284,2,1,2,3,4,5,6,7,8,9,14,15,16,18,21
2284,3,2,3,4,7,8,10,13,14,15,17,18,21,22,25
2284,4,1,2,3,6,9,11,12,15,17,18,20,23,24,25
2284,5,1,2,3,5,7,11,13,14,16,17,18,21,22,25
2284,6,1,2,3,4,6,7,8,11,14,18,20,21,22,24
2284,7,1,2,3,4,6,7,10,15,17,19,21,22,23,24
2284,8,1,3,6,8,9,11,13,14,17,18,19,20,21,22
2285,1,1,3,6,7,8,9,10,11,12,15,20,22,23,24
2285,2,1,2,6,8,9,11,12,14,16,17,19,22,23,24
2285,3,1,4,5,6,9,10,11,15,16,17,19,22,23,25
2285,4,3,4,5,7,10,13,17,18,19,20,21,23,24,25
2285,5,2,3,4,6,11,12,15,16,19,20,21,23,24,25
2285,6,1,2,3,4,5,12,13,15,16,18,19,21,22,25
2285,7,1,5,7,8,11,12,13,14,15,16,17,18,20,24
2285,8,2,3,4,5,6,7,8,11,13,16,17,21,22,25
2286,1,1,3,5,6,8,9,11,14,15,17,22,23,24,25
2286,2,3,4,5,9,10,13,15,16,17,18,19,22,23,24
2286,3,1,2,5,7,8,10,11,14,15,16,18,21,24,25
2286,4,2,3,4,5,6,8,10,11,13,15,18,19,22,23
2286,5,4,5,7,8,9,11,12,13,14,16,17,18,19,22
2286,6,1,2,3,4,5,6,9,15,16,17,19,20,23,24
2286,7,5,6,8,11,12,13,14,17,19,20,21,22,23,25
2286,8,1,3,5,9,10,11,14,15,16,17,20,22,23,24
2287,1,2,3,6,7,9,10,11,12,13,14,16,17,19,25
2287,2,2,4,5,7,9,10,11,12,13,14,15,16,22,24
2287,3,3,4,5,6,8,9,11,12,16,17,18,19,20,25
2287,4,1,3,4,6,10,11,12,14,15,17,20,21,24,25
2287,5,2,4,5,7,8,9,11,12,13,15,17,19,20,22
2287,6,1,3,4,6,7,11,12,15,16,18,19,22,24,25
2287,7,3,4,8,10,11,12,15,16,19,21,22,23,24,25
2287,8,1,3,6,9,10,11,12,14,15,17,18,19,22,24
2288,1,1,2,3,4,10,11,13,14,15,17,18,20,22,25
2288,2,1,4,5,8,10,11,12,13,16,17,20,21,23,25
2288,3,2,5,7,10,11,12,13,14,15,16,17,19,20,25
2288,4,1,3,5,10,11,12,15,17,18,19,21,22,24,25
2288,5,3,4,5,6,7,8,11,12,14,15,18,21,23,24
2288,6,4,5,6,10,11,14,15,16,18,19,20,21,22,23
2288,7,6,7,8,9,11,13,16,17,19,20,21,23,24,25
2288,8,2,3,5,7,8,9,11,12,15,17,19,20,24,25
2289,1,2,3,4,5,6,10,11,12,15,16,19,22,23,25
2289,2,2,3,4,6,10,13,14,15,16,17,18,19,22,25
2289,3,3,4,5,7,8,9,12,14,15,16,17,18,21,25
2289,4,1,2,3,5,8,9,12,13,16,18,21,22,23,24
2289,5,2,4,6,7,8,9,10,11,12,13,14,16,20,23
2289,6,3,5,7,8,9,11,13,14,16,18,20,22,24,25
2289,7,1,3,5,6,9,11,12,15,16,18,19,20,21,24
2289,8,1,3,4,6,8,10,11,16,18,20,21,22,24,25
2290,1,3,4,6,7,8,10,11,12,15,18,20,21,22,23
2290,2,2,3,4,6,7,10,11,12,14,15,17,18,20,25
2290,3,2,3,7,8,9,10,14,15,16,17,22,23,24,25
2290,4,1,3,4,8,11,12,13,14,16,17,19,21,22,25
2290,5,2,4,5,6,7,9,12,14,15,17,18,19,21,25
2290,6,4,6,9,10,11,12,13,14,15,16,17,19,21,25
2290,7,1,2,3,4,5,7,9,13,16,17,19,21,24,25
2290,8,4,6,8,10,13,15,16,17,18,19,20,22,23,24
2291,1,1,2,3,5,6,7,10,12,13,14,16,18,21,22
2291,2,1,2,3,4,5,7,11,16,17,18,20,21,23,25
2291,3,2,3,4,5,6,7,8,10,14,17,18,19,22,24
2291,4,1,2,3,6,8,9,10,12,15,16,18,20,22,25
2291,5,1,2,8,9,10,12,13,14,17,18,20,22,24,25
2291,6,1,2,3,5,6,8,9,10,13,15,17,19,20,23
2291,7,1,2,4,6,8,10,11,12,13,14,20,21,24,25
2291,8,1,2,4,5,10,13,14,16,17,18,20,21,24,25
2292,1,2,3,4,6,7,9,10,11,12,13,15,16,20,22
2292,2,3,4,5,6,7,9,11,14,15,16,19,21,23,25
2292,3,1,2,5,6,7,8,9,10,14,16,17,21,22,24
2292,4,1,2,6,8,9,10,11,15,16,18,20,22,24,25
2292,5,2,3,4,7,8,10,11,15,16,17,20,21,23,24
2292,6,1,2,3,5,9,10,11,12,17,19,20,22,23,24
2292,7,1,3,5,6,7,8,15,16,19,20,21,22,23,25
2292,8,4,5,6,9,10,11,14,16,18,19,21,22,23,25
2293,1,2,3,6,7,8,9,10,15,16,18,20,23,24,25
2293,2,2,3,6,7,8,10,11,12,13,14,16,19,20,21
2293,3,2,3,6,7,9,10,13,14,15,16,17,20,22,23
2293,4,1,4,6,7,10,11,12,15,16,17,18,20,22,24
2293,5,3,4,7,8,11,12,14,15,16,17,20,21,24,25
2293,6,1,2,3,6,8,9,10,12,13,15,16,17,18,24
2293,7,1,2,4,5,11,12,13,15,16,17,21,22,24,25
2293,8,2,3,4,6,7,12,13,15,16,19,20,22,24,25
2294,1,2,3,6,9,11,12,14,16,17,19,22,23,24,25
2294,2,2,4,6,7,8,9,10,11,14,15,19,20,23,24
2294,3,4,5,6,8,9,11,13,14,16,17,19,20,21,23
2294,4,2,3,5,6,8,9,10,11,13,14,18,19,20,23
2294,5,3,4,6,7,8,10,11,12,14,15,17,19,22,25
2294,6,3,4,7,8,12,14,15,16,17,19,20,22,23,24
2294,7,1,3,5,6,8,11,12,14,17,20,22,23,24,25
2294,8,3,4,5,7,9,10,11,12,14,16,19,20,21,22
2295,1,1,2,3,5,8,11,12,14,16,18,20,22,24,25
2295,2,2,3,6,7,8,9,10,16,17,19,21,23,24,25
2295,3,1,2,4,6,7,10,12,14,16,17,18,19,20,25
2295,4,3,4,5,7,10,11,14,15,16,17,19,21,23,24
2295,5,2,4,5,7,11,12,15,17,18,19,21,22,23,24
2295,6,1,2,3,6,7,9,11,13,14,15,18,19,22,24
2295,7,1,2,3,6,8,10,11,12,15,17,18,20,22,23
2295,8,1,2,4,7,9,10,11,12,14,16,19,23,24,25
2296,1,1,2,4,6,7,8,14,15,16,18,21,22,23,25
2296,2,1,2,6,7,8,9,10,11,12,13,15,16,19,20
2296,3,1,2,7,8,10,12,15,16,17,18,19,20,21,25
2296,4,1,5,8,10,12,14,15,17,18,19,21,22,23,24
2296,5,3,4,6,7,9,10,13,14,16,17,18,23,24,25
2296,6,2,4,8,9,10,12,14,15,16,17,19,20,21,24
2296,7,1,2,5,6,8,10,12,14,17,19,22,23,24,25
2296,8,1,7,9,10,11,12,13,18,19,20,21,22,23,25
2297,1,3,4,5,8,10,12,13,14,16,17,19,20,21,22
2297,2,3,4,5,6,7,9,11,12,16,18,19,20,23,24
2297,3,2,3,5,6,8,10,12,15,17,19,21,23,24,25
2297,4,2,4,5,7,9,11,12,14,15,18,19,22,23,25
2297,5,2,3,9,12,14,15,16,18,19,20,21,23,24,25
2297,6,1,4,6,7,9,13,14,15,16,17,18,19,22,24
2297,7,3,6,8,11,14,16,17,18,19,20,21,22,24,25
2297,8,1,4,5,6,7,8,9,10,12,17,20,21,22,23
2298,1,1,2,4,5,9,10,11,12,13,15,16,19,21,22
2298,2,1,2,3,6,7,8,9,11,14,18,19,21,22,25
2298,3,1,2,3,4,7,8,9,13,15,17,19,21,23,25
2298,4,2,3,4,5,6,7,12,13,14,15,17,21,22,25
2298,5,3,4,7,8,10,12,13,14,17,18,19,21,22,25
2298,6,2,4,5,6,8,9,10,11,12,13,16,20,22,23
2298,7,1,3,6,7,8,11,12,13,14,18,19,22,23,25
2298,8,3,5,6,7,9,10,11,13,14,15,16,17,19,22
2299,1,1,6,7,8,9,11,14,15,17,18,20,21,22,23
2299,2,1,2,4,6,7,9,10,13,15,16,18,20,21,24
2299,3,5,6,7,8,12,14,15,17,18,19,20,21,23,24
2299,4,3,4,5,8,9,10,11,12,17,18,21,22,23,24
2299,5,1,3,5,7,9,12,13,15,16,18,19,21,22,25
2299,6,1,2,3,7,8,10,11,12,13,15,16,19,23,24
2299,7,1,3,4,6,7,9,11,12,15,16,17,21,23,24
2299,8,1,2,3,4,5,7,8,9,11,12,15,17,20,22
2300,1,1,4,6,8,9,12,13,14,15,18,20,21,22,24
2300,2,2,3,5,8,10,11,12,13,15,16,18,19,22,25
2300,3,3,4,5,6,7,8,9,11,12,20,21,23,24,25
2300,4,1,3,5,10,12,13,14,16,17,19,20,23,24,25
2300,5,1,3,4,5,6,8,9,11,17,20,21,22,23,25
2300,6,1,2,3,4,5,7,9,10,12,17,18,19,21,22
2300,7,1,3,5,7,8,10,12,13,14,15,16,18,19,22
2300,8,1,4,7,8,9,11,12,13,15,16,18,20,23,25
2301,1,1,2,3,4,5,8,9,10,14,15,16,18,21,25
2301,2,4,5,6,7,8,9,10,11,12,17,18,19,22,23
2301,3,4,5,6,7,8,9,10,12,15,16,18,20,23,24
2301,4,1,3,4,7,10,12,13,14,15,17,20,21,22,25
2301,5,5,6,9,11,12,14,15,16,18,19,21,22,23,24
2301,6,2,3,5,6,7,8,10,11,12,16,18,20,23,25
2301,7,1,2,3,5,6,11,12,13,14,15,17,20,24,25
2301,8,1,2,4,5,6,8,10,12,17,19,21,22,23,24
2302,1,2,3,6,8,9,10,11,12,14,15,16,18,22,25
2302,2,1,2,3,4,5,6,10,11,12,14,15,19,22,23
2302,3,1,2,3,8,9,10,11,12,13,15,16,19,21,23
2302,4,2,3,4,5,6,7,8,14,16,17,18,20,23,25
2302,5,2,3,6,7,8,9,10,11,15,16,17,18,24,25
2302,6,1,2,3,5,8,9,10,13,14,17,22,23,24,25
2302,7,1,2,3,4,6,9,10,11,12,14,15,20,22,23
2302,8,5,6,8,9,10,11,12,13,15,17,18,22,23,24
2303,1,1,2,4,5,6,7,8,9,11,12,15,17,20,22
2303,2,5,6,8,11,12,13,16,17,18,20,21,23,24,25
2303,3,3,5,6,7,8,9,12,14,15,16,18,22,23,24
2303,4,2,3,4,6,8,9,10,12,13,14,15,19,20,23
2303,5,2,3,4,8,9,10,11,13,15,17,20,21,22,25
2303,6,2,3,5,7,8,9,11,13,16,18,20,21,22,23
2303,7,1,2,3,7,8,9,10,12,13,15,19,23,24,25
2303,8,3,4,5,6,8,9,10,12,17,18,19,21,23,25
2304,1,1,3,4,8,9,11,12,13,16,17,18,19,21,25
2304,2,1,2,3,4,10,13,14,15,17,18,19,20,22,25
2304,3,4,5,8,9,10,11,13,14,15,16,17,21,24,25
2304,4,1,2,3,4,5,11,12,14,15,18,20,21,22,23
2304,5,5,6,10,12,13,14,15,16,18,19,20,22,23,25
2304,6,4,5,7,8,9,10,13,16,17,18,20,21,24,25
2304,7,4,6,7,8,9,10,11,12,14,16,17,18,20,23
2304,8,3,6,7,8,9,10,12,13,14,16,17,22,24,25
2305,1,4,6,9,10,12,13,17,18,19,20,21,22,23,25
2305,2,3,4,5,8,9,10,11,12,13,14,15,16,20,25
2305,3,2,3,6,7,8,9,11,14,15,19,20,21,24,25
2305,4,1,5,7,8,9,10,11,12,14,19,21,23,24,25
2305,5,1,2,5,6,8,9,10,11,12,13,19,20,24,25
2305,6,1,4,5,7,8,9,11,16,17,19,20,21,22,25
2305,7,3,6,7,9,10,14,15,16,17,18,19,20,23,25
2305,8,1,3,4,6,7,8,9,12,13,14,18,19,20,25
2306,1,1,2,4,5,8,9,10,12,13,15,18,21,23,25
2306,2,2,3,4,6,7,9,11,14,15,16,17,23,24,25
2306,3,1,4,5,6,7,9,12,13,14,18,19,21,23,24
2306,4,1,5,6,7,8,9,10,11,14,15,18,21,22,25
2306,5,1,2,3,4,5,6,8,11,15,18,19,21,22,25
2306,6,1,7,8,10,11,12,14,15,17,18,19,20,24,25
2306,7,3,4,7,11,15,16,17,18,19,20,21,23,24,25
2306,8,1,3,4,7,8,11,12,14,16,19,20,21,24,25
2307,1,1,5,8,9,10,11,12,13,15,16,18,19,22,23
2307,2,1,3,8,12,15,16,17,18,19,20,22,23,24,25
2307,3,3,5,6,8,10,12,14,16,18,20,21,22,24,25
2307,4,1,2,5,6,7,8,10,13,16,17,19,20,22,25
2307,5,1,2,3,4,7,8,12,13,15,20,21,22,23,24
2307,6,1,2,3,4,5,10,14,15,19,20,21,22,24,25
2307,7,1,2,4,5,7,9,13,14,15,19,20,21,24,25
2307,8,1,2,6,7,8,9,10,16,18,19,21,22,23,25
2308,1,3,4,5,7,8,9,12,13,14,17,19,20,22,24
2308,2,2,3,5,6,7,9,11,12,13,14,16,17,18,23
2308,3,1,4,5,6,9,11,12,15,16,17,18,19,23,24
2308,4,1,3,4,5,7,8,11,13,17,18,19,20,22,25
2308,5,1,2,3,5,7,10,11,13,14,16,20,22,23,24
2308,6,1,3,4,6,8,9,11,15,16,21,22,23,24,25
2308,7,1,3,4,7,8,10,12,15,16,17,18,19,20,23
2308,8,1,2,4,5,7,10,12,13,17,18,19,20,22,24
2309,1,1,3,5,7,8,9,10,13,15,16,17,21,24,25
2309,2,1,3,5,6,7,8,9,10,11,12,13,22,23,24
2309,3,1,3,4,5,8,9,11,12,13,15,16,17,18,25
2309,4,1,4,5,6,7,11,12,13,14,15,17,18,23,24
2309,5,1,2,8,10,12,13,15,16,17,19,20,21,23,25
2309,6,1,3,5,6,7,8,9,11,12,13,18,21,22,25
2309,7,2,5,7,8,10,13,14,15,16,18,20,21,22,25
2309,8,1,3,8,9,10,11,13,15,16,18,19,20,22,24
2310,1,1,4,5,6,7,9,12,13,14,15,16,18,20,24
2310,2,1,3,5,7,10,12,13,14,16,17,19,20,22,24
2310,3,2,3,6,7,8,10,12,14,16,18,19,20,24,25
2310,4,2,3,4,5,7,8,13,16,18,19,20,21,23,24
2310,5,1,2,3,4,5,7,8,9,10,12,14,15,24,25
2310,6,3,4,7,11,12,13,16,17,18,20,21,22,23,24
2310,7,1,2,3,5,6,8,9,10,11,12,13,19,20,24
2310,8,2,6,7,8,10,12,13,16,17,20,21,22,23,25
2311,1,1,3,4,5,6,11,12,13,14,15,21,22,24,25
2311,2,2,3,4,7,8,9,14,18,19,21,22,23,24,25
2311,3,1,3,4,6,7,8,11,14,15,17,19,21,22,25
2311,4,1,2,3,4,5,6,7,8,9,15,16,17,19,23
2311,5,1,3,4,5,6,7,10,12,16,17,18,23,24,25
2311,6,1,4,7,9,12,13,15,17,18,19,20,21,22,24
2311,7,4,5,8,11,12,14,15,16,18,19,21,22,24,25
2311,8,2,3,4,5,6,8,11,13,15,16,17,18,19,21
2312,1,2,4,6,8,9,12,13,14,16,18,19,23,24,25
2312,2,2,3,5,9,10,11,12,13,17,18,19,21,22,24
2312,3,1,2,6,8,10,12,14,16,17,19,22,23,24,25
2312,4,2,3,4,5,6,9,13,14,15,18,20,22,23,24
2312,5,1,2,4,6,7,9,11,13,15,17,19,21,22,25
2312,6,2,3,4,7,11,12,13,15,16,21,22,23,24,25
2312,7,1,2,3,4,5,6,8,9,11,12,16,17,21,24
2312,8,1,2,3,5,8,9,10,11,12,13,14,15,19,20
2313,1,2,4,6,7,8,9,10,12,13,15,17,18,21,24
2313,2,4,7,9,10,13,14,15,16,18,19,20,21,22,23
2313,3,5,8,9,10,11,12,14,15,17,18,19,22,23,25
2313,4,5,6,8,9,11,12,15,16,17,19,21,22,23,25
2313,5,2,6,8,9,11,12,13,16,17,20,21,22,23,25
2313,6,1,5,7,10,11,13,14,16,17,19,21,22,23,25
2313,7,1,2,3,4,10,11,12,13,17,19,21,23,24,25
2313,8,1,2,3,7,8,11,12,13,14,18,19,23,24,25
2314,1,1,4,7,8,9,10,11,13,14,16,17,20,22,23
2314,2,1,3,4,5,8,9,10,11,13,18,20,21,22,23
2314,3,3,4,5,6,8,9,14,15,16,17,18,20,23,25
2314,4,1,3,5,10,12,13,14,15,16,18,19,20,21,23
2314,5,1,2,3,4,5,8,11,12,13,15,16,18,21,24
2314,6,2,5,6,7,12,14,15,16,17,18,19,22,23,25
2314,7,1,2,4,6,7,9,12,14,15,16,18,21,22,25
2314,8,1,5,6,11,12,13,14,15,19,20,22,23,24,25
2315,1,2,3,5,6,7,8,9,10,12,13,14,18,21,25
2315,2,1,3,4,8,10,11,12,14,15,19,20,21,22,25
2315,3,3,5,6,8,13,14,15,16,18,20,21,22,23,24
2315,4,2,3,6,7,9,11,12,13,14,16,18,21,22,23
2315,5,1,2,3,4,6,7,8,13,17,19,21,22,23,24
2315,6,1,3,4,6,7,9,10,11,12,14,17,20,22,24
2315,7,1,2,4,5,6,7,8,9,12,14,18,21,23,24
2315,8,5,7,8,9,10,11,14,16,17,18,21,22,23,25
2316,1,6,7,8,10,12,13,14,15,16,19,21,22,23,25
2316,2,2,3,5,7,8,10,11,12,16,17,19,22,23,24
2316,3,1,3,5,8,10,11,14,15,16,19,20,21,22,23
2316,4,5,6,8,9,10,12,14,15,16,17,18,20,23,24
2316,5,1,2,4,5,6,7,8,11,15,17,18,21,23,25
2316,6,2,3,6,9,10,11,12,13,14,17,20,22,23,25
2316,7,1,3,6,8,9,10,12,14,15,16,19,20,22,23
2316,8,3,5,7,8,9,15,16,17,18,20,21,22,23,24
2317,1,1,4,5,6,10,11,13,17,18,19,20,21,23,24
2317,2,1,3,4,6,10,11,13,14,15,16,17,19,22,24
2317,3,5,6,8,10,11,16,17,19,20,21,22,23,24,25
2317,4,1,2,3,4,7,9,10,11,15,17,18,19,22,25
2317,5,1,2,4,6,8,9,14,15,17,18,19,20,21,23
2317,6,2,3,8,9,12,13,14,15,18,19,20,21,24,25
2317,7,2,3,5,7,10,11,12,15,16,18,19,21,23,24
2317,8,8,9,10,11,12,13,14,15,17,18,21,22,23,25
2318,1,1,2,4,5,6,7,8,9,12,13,18,22,24,25
2318,2,2,3,5,6,7,11,14,15,16,17,18,20,21,22
2318,3,1,2,4,6,7,9,11,12,15,18,20,21,22,25
2318,4,1,4,5,6,10,12,13,15,16,17,19,21,24,25
2318,5,3,4,5,6,7,12,13,15,17,18,20,21,22,23
2318,6,2,3,4,6,11,12,14,15,18,19,21,22,24,25
2318,7,2,3,4,6,7,9,10,11,12,17,18,19,20,23
2318,8,1,2,3,4,8,10,11,13,14,15,18,19,21,22
2319,1,2,3,4,5,7,8,10,11,14,16,20,21,22,24
2319,2,1,3,4,5,6,10,11,14,16,20,21,22,24,25
2319,3,1,2,4,6,7,8,11,12,13,15,18,20,22,23
2319,4,1,4,5,6,7,8,9,12,13,15,17,19,20,23
2319,5,1,2,3,4,5,8,11,13,18,19,21,23,24,25
2319,6,1,5,6,7,8,9,11,13,14,16,17,19,22,24
2319,7,1,3,4,6,7,11,12,13,15,16,18,19,21,23
2319,8,6,9,11,13,14,15,16,17,19,20,21,22,24,25
2320,1,1,2,3,6,7,8,9,11,12,13,18,22,24,25
2320,2,1,2,3,4,6,7,8,9,11,16,17,18,19,23
2320,3,2,3,4,7,11,13,14,15,16,17,20,21,22,23
2320,4,1,2,6,11,13,14,16,17,19,20,21,23,24,25
2320,5,2,3,5,6,7,10,11,13,15,16,18,19,20,24
2320,6,1,3,6,8,9,10,11,13,18,21,22,23,24,25
2320,7,4,5,6,8,9,11,12,13,14,20,21,22,23,25
2320,8,4,5,6,7,12,13,14,15,17,19,20,23,24,25
2321,1,1,2,3,4,7,9,10,11,13,15,16,17,24,25
2321,2,1,2,3,5,7,10,15,18,19,20,21,22,23,25
2321,3,1,2,6,7,8,10,11,14,17,19,22,23,24,25
2321,4,1,2,3,4,6,8,9,10,13,14,19,20,21,22
2321,5,3,5,6,8,10,11,13,14,18,19,20,23,24,25
2321,6,1,4,6,9,10,11,13,14,17,19,20,22,23,24
2321,7,2,3,6,7,8,10,14,15,17,18,20,21,22,24
2321,8,2,3,4,5,6,7,8,9,13,18,19,20,21,22
2322,1,1,2,3,4,5,8,9,10,13,15,16,19,23,24
2322,2,1,2,6,7,8,9,14,15,16,18,21,22,23,24
2322,3,1,4,5,6,10,13,14,15,17,19,20,21,22,24
2322,4,2,3,4,5,7,8,10,12,13,15,18,19,21,23
2322,5,1,4,5,6,7,11,13,14,15,16,20,21,22,25
2322,6,3,4,5,6,11,12,13,14,15,19,21,23,24,25
2322,7,4,6,7,10,11,12,13,14,15,16,18,21,22,24
2322,8,1,4,5,7,8,9,11,12,15,18,20,21,22,23
2323,1,2,5,6,7,8,9,11,12,13,17,18,19,21,24
2323,2,2,3,5,6,9,10,12,13,15,17,19,20,21,24
2323,3,1,6,7,9,10,11,12,13,15,17,19,20,22,25
2323,4,1,3,6,9,10,12,13,16,18,20,21,22,23,25
2323,5,1,3,5,6,7,9,10,11,15,17,18,19,21,22
2323,6,1,2,3,4,6,8,11,12,13,16,18,19,20,21
2323,7,1,2,3,6,7,8,9,10,11,16,18,19,21,23
2323,8,1,2,4,5,6,9,12,15,16,18,19,22,23,25
2324,1,2,3,4,5,6,7,10,11,14,15,16,21,22,24
2324,2,1,2,4,5,7,8,9,10,14,16,17,19,20,25
2324,3,2,3,6,8,10,11,12,14,17,18,19,21,22,24
2324,4,1,2,3,4,6,7,9,10,19,20,21,22,23,25
2324,5,1,2,3,4,6,7,10,11,17,18,19,21,22,24
2324,6,1,2,3,4,6,8,11,13,15,17,20,22,23,24
2324,7,2,3,6,7,8,10,11,12,13,15,17,19,22,25
2324,8,1,3,4,6,7,9,10,12,14,16,18,19,21,25
2325,1,1,2,3,4,5,6,8,11,16,17,20,22,23,25
2325,2,1,2,4,5,6,8,10,13,15,17,18,19,21,25
2325,3,2,4,6,7,8,9,10,12,13,14,15,20,22,24
2325,4,3,4,6,7,8,10,13,14,15,16,19,22,23,24
2325,5,1,2,4,7,8,12,14,16,17,19,20,21,22,24
2325,6,1,3,4,5,6,7,8,9,11,13,15,18,19,20
2325,7,1,2,3,6,9,11,12,15,17,18,19,20,21,25
2325,8,1,2,3,4,6,7,11,12,13,16,18,20,23,24
2326,1,2,5,6,7,8,10,13,16,17,18,19,20,22,23
2326,2,1,2,3,6,8,12,13,14,15,19,20,21,23,25
2326,3,1,3,6,8,9,10,12,13,14,15,18,19,20,24
2326,4,1,2,3,4,6,8,9,10,12,13,18,20,23,24
2326,5,3,5,6,7,9,11,13,16,17,18,19,20,21,22
2326,6,2,3,4,8,9,10,11,16,17,18,21,22,24,25
2326,7,1,2,7,9,10,12,17,18,19,20,22,23,24,25
2326,8,2,4,5,6,8,9,10,11,12,14,15,17,18,21
2327,1,1,4,7,8,9,11,12,13,15,16,19,20,23,25
2327,2,1,2,6,7,8,9,10,11,16,19,20,21,23,25
2327,3,1,2,3,5,7,8,9,12,13,14,18,20,22,25
2327,4,1,2,3,4,6,9,11,13,14,16,19,20,21,25
2327,5,1,3,6,8,9,11,13,15,17,20,21,22,23,24
2327,6,1,2,3,4,8,9,10,13,16,17,19,22,23,24
2327,7,2,3,4,7,8,9,10,12,14,16,17,18,21,22
2327,8,1,7,8,10,11,12,16,17,18,19,21,22,24,25
2328,1,3,4,5,6,8,11,14,15,16,18,20,22,23,24
2328,2,1,2,3,4,6,7,8,9,11,14,15,20,22,24
2328,3,1,2,4,5,7,8,9,10,12,13,14,15,16,18
2328,4,3,4,5,6,7,8,10,12,13,16,18,19,21,24
2328,5,1,2,3,5,6,9,13,15,17,18,20,22,23,25
2328,6,2,3,4,5,6,11,12,14,15,16,19,20,22,24
2328,7,1,5,6,9,11,12,13,14,15,16,20,23,24,25
2328,8,1,2,4,6,8,10,11,12,15,17,19,21,22,23
2329,1,1,2,3,5,6,9,11,15,16,17,18,19,22,24
2329,2,1,2,3,4,5,7,10,11,13,14,21,22,23,25
2329,3,1,2,3,6,12,13,14,18,19,20,21,22,23,25
2329,4,1,2,4,7,8,10,11,15,16,17,19,22,23,25
2329,5,3,4,6,7,8,9,12,14,18,20,21,23,24,25
2329,6,2,3,6,7,9,10,11,12,13,15,18,19,22,23
2329,7,1,2,5,6,7,9,10,11,12,16,17,22,24,25
2329,8,3,4,7,9,10,12,16,17,18,19,20,21,24,25
2330,1,3,4,5,7,8,9,11,13,15,18,19,21,23,24
2330,2,1,2,4,5,6,7,9,10,11,12,13,18,21,22
2330,3,3,4,7,8,9,10,11,13,15,16,18,22,23,24
2330,4,5,6,7,10,12,13,14,18,19,20,21,22,23,24
2330,5,1,3,5,7,9,10,14,15,16,18,21,23,24,25
2330,6,1,3,6,7,9,13,14,15,16,17,20,22,23,24
2330,7,4,5,6,7,9,11,12,13,15,18,19,20,23,25
2330,8,3,4,6,7,9,11,12,14,15,16,18,22,23,25
2331,1,1,2,3,6,7,9,10,11,14,16,17,18,20,25
2331,2,2,3,5,7,8,9,10,12,15,16,17,18,20,22
2331,3,1,2,3,4,6,8,10,13,16,18,19,21,23,25
2331,4,1,2,3,10,11,13,14,15,16,19,20,21,23,25
2331,5,1,3,4,5,6,8,9,10,11,15,16,20,23,24
2331,6,6,8,9,10,11,13,15,16,17,18,19,20,21,22
2331,7,1,2,4,5,6,7,9,10,12,15,21,22,23,24
2331,8,2,4,6,9,10,11,12,13,14,21,22,23,24,25
2332,1,1,2,8,9,10,11,13,14,15,16,19,23,24,25
2332,2,1,3,5,7,9,10,13,14,20,21,22,23,24,25
2332,3,1,2,3,4,7,9,11,14,15,18,19,21,22,23
2332,4,1,2,3,4,5,7,8,9,11,12,13,21,24,25
2332,5,1,2,3,4,5,10,11,12,14,16,18,19,21,23
2332,6,2,4,5,7,8,10,11,12,15,17,18,20,21,22
2332,7,2,5,6,7,8,11,16,17,18,19,20,21,22,23
2332,8,2,3,6,7,8,9,10,14,15,16,19,20,22,24
2333,1,1,6,7,8,9,11,12,13,14,17,19,20,21,22
2333,2,1,3,4,5,9,11,14,15,17,18,22,23,24,25
2333,3,2,3,4,5,6,10,11,14,15,18,19,21,22,23
2333,4,2,3,5,6,7,9,10,12,13,14,16,17,18,19
2333,5,3,4,6,10,11,12,14,17,18,19,21,22,24,25
2333,6,1,2,5,7,10,11,12,13,18,19,20,23,24,25
2333,7,1,4,5,8,9,11,12,13,14,15,17,18,19,24
2333,8,1,2,3,4,6,9,13,14,15,16,17,18,22,25
2334,1,2,5,6,8,9,10,12,13,14,15,19,20,23,25
2334,2,1,4,6,8,9,11,12,13,14,15,18,19,20,25
2334,3,2,5,6,7,8,9,10,11,12,13,14,22,23,24
2334,4,1,3,5,7,9,11,13,16,18,20,21,22,23,25
2334,5,1,2,4,5,7,9,11,14,15,16,17,18,19,23
2334,6,1,3,4,5,7,9,10,12,14,16,17,18,19,23
2334,7,3,4,5,6,7,10,12,14,16,19,20,21,23,25
2334,8,2,3,4,5,7,9,10,11,12,13,16,20,24,25
2335,1,1,3,4,5,7,9,10,11,12,15,17,21,22,24
2335,2,2,3,12,13,14,15,16,17,19,20,21,23,24,25
2335,3,1,3,7,9,13,14,15,16,19,20,21,23,24,25
2335,4,1,2,3,4,5,7,11,12,14,15,17,19,22,25
2335,5,1,2,4,6,7,11,12,13,15,16,19,20,21,25
2335,6,1,2,3,4,6,11,12,13,15,16,21,23,24,25
2335,7,1,3,5,6,7,10,11,14,16,18,20,21,22,24
2335,8,3,4,7,12,13,17,18,19,20,21,22,23,24,25
2336,1,2,3,4,6,7,8,9,10,15,16,18,22,23,24
2336,2,1,3,4,5,6,7,8,9,11,14,15,18,20,24
2336,3,2,4,7,10,11,14,16,17,18,19,20,21,24,25
2336,4,1,4,5,6,9,10,12,14,18,19,20,22,24,25
2336,5,1,6,7,8,9,10,11,12,15,18,21,22,24,25
2336,6,1,3,5,7,8,11,13,17,18,19,20,22,24,25
2336,7,1,3,4,6,7,12,13,15,16,17,18,22,24,25
2336,8,2,3,8,9,12,13,15,16,17,18,21,22,23,25
2337,1,2,3,7,8,9,11,13,14,15,16,17,19,24,25
2337,2,3,5,6,7,8,9,10,13,16,17,18,21,23,25
2337,3,1,4,5,6,8,12,13,15,16,18,19,21,22,25
2337,4,2,5,6,8,10,11,13,14,15,17,19,20,21,25
2337,5,1,3,5,8,10,11,13,14,16,17,18,20,21,23
2337,6,3,5,7,9,11,12,14,15,16,17,18,19,20,23
2337,7,1,3,4,5,7,8,11,13,14,15,17,18,21,24
2337,8,1,2,4,5,9,10,11,14,16,17,22,23,24,25
2338,1,1,3,4,6,8,9,12,14,17,18,21,22,23,25
2338,2,1,2,4,5,7,10,12,13,18,19,21,22,23,25
2338,3,2,3,5,6,7,8,14,15,16,17,18,19,23,25
2338,4,1,2,7,8,10,11,14,15,17,18,20,21,23,25
2338,5,1,2,7,9,11,14,15,16,18,19,20,21,24,25
2338,6,2,3,5,7,8,10,12,13,15,16,17,18,20,24
2338,7,1,5,8,11,12,14,15,16,17,18,20,21,22,23
2338,8,2,4,6,8,9,14,15,16,18,20,21,22,24,25
2339,1,4,5,8,10,11,12,13,14,17,18,19,20,23,25
2339,2,1,2,4,5,8,10,11,14,15,16,17,22,23,24
2339,3,1,4,5,8,9,10,11,15,17,18,20,21,23,24
2339,4,1,3,4,5,7,9,10,12,13,17,19,21,22,25
2339,5,2,3,4,8,11,13,14,16,18,19,21,22,23,24
2339,6,4,5,7,9,10,13,15,17,18,20,22,23,24,25
2339,7,1,2,10,11,12,13,14,16,17,18,19,21,24,25
2339,8,3,5,6,7,9,10,11,12,16,21,22,23,24,25
2340,1,5,6,7,8,9,10,14,15,16,17,22,23,24,25
2340,2,1,2,4,5,7,8,9,13,14,16,17,18,20,22
2340,3,1,3,4,6,7,8,9,12,14,15,16,17,22,24
2340,4,1,5,7,8,10,12,14,15,16,18,19,20,21,22
2340,5,1,2,5,6,9,10,11,12,13,14,15,19,24,25
2340,6,1,5,6,7,8,9,11,14,16,17,21,22,23,25
2340,7,1,8,9,12,14,15,16,17,18,19,20,21,24,25
2340,8,1,2,3,4,6,7,8,9,16,17,19,21,22,24
2341,1,3,4,9,10,11,14,18,19,20,21,22,23,24,25
2341,2,1,4,5,7,8,9,10,11,12,15,20,23,24,25
2341,3,1,2,4,8,9,10,11,13,14,16,18,21,23,25
2341,4,2,4,5,8,11,13,14,15,17,18,19,21,24,25
2341,5,1,2,3,4,5,6,9,12,14,15,19,22,23,25
2341,6,6,9,10,11,12,13,14,16,17,18,19,21,22,24
2341,7,1,2,4,5,7,8,12,13,14,16,18,19,21,22
2341,8,1,2,6,7,8,12,14,16,17,18,20,21,22,23
2342,1,1,4,7,9,11,12,13,16,17,18,19,21,23,25
2342,2,1,4,5,8,10,12,14,17,18,19,20,22,24,25
2342,3,1,2,4,5,6,8,11,15,17,20,22,23,24,25
2342,4,2,3,5,6,7,9,11,12,13,14,16,18,19,21
2342,5,3,4,9,13,14,15,16,17,18,19,20,23,24,25
2342,6,2,6,7,8,9,13,14,15,17,18,20,21,23,25
2342,7,2,3,4,5,7,8,12,13,15,17,18,20,21,23
2342,8,2,5,6,7,11,12,14,15,18,20,21,23,24,25
2343,1,3,6,7,9,10,12,13,15,16,19,21,23,24,25
2343,2,5,6,7,8,9,10,11,12,13,18,20,21,24,25
2343,3,1,4,6,7,8,9,10,11,14,16,18,19,21,22
2343,4,1,2,3,5,6,7,9,10,11,15,21,23,24,25
2343,5,1,4,6,7,8,9,10,11,16,18,19,21,22,25
2343,6,1,5,8,9,10,11,12,15,17,18,19,20,21,23
2343,7,2,3,5,6,7,11,14,15,16,17,20,22,23,25
2343,8,1,3,4,5,8,10,12,13,14,16,18,21,22,24
2344,1,1,3,5,6,11,13,14,16,17,18,21,22,24,25
2344,2,2,3,4,5,8,9,15,16,17,18,19,21,24,25
2344,3,3,4,6,8,9,11,12,13,14,15,20,22,24,25
2344,4,1,4,5,6,9,10,11,14,15,16,17,21,23,25
2344,5,2,4,7,9,10,11,12,16,18,19,20,22,23,25
2344,6,3,4,7,10,11,14,15,16,19,20,21,23,24,25
2344,7,2,5,6,8,12,13,15,16,17,20,21,22,23,25
2344,8,2,4,7,8,9,11,13,15,16,17,18,19,20,21
2345,1,3,4,5,7,9,13,14,15,16,18,20,21,24,25
2345,2,1,6,7,10,12,13,15,16,17,18,19,20,24,25
2345,3,1,2,3,4,5,11,15,17,18,19,22,23,24,25
2345,4,1,2,5,6,8,10,11,12,14,16,19,21,23,25
2345,5,1,2,3,5,6,7,8,10,15,16,17,18,20,22
2345,6,1,4,6,8,9,10,11,13,15,19,20,21,23,25
2345,7,1,4,5,6,7,11,13,14,15,18,19,20,22,23
2345,8,1,2,5,6,8,9,11,14,16,17,21,22,24,25
2346,1,4,5,9,10,11,14,15,16,17,21,22,23,24,25
2346,2,1,2,8,10,11,13,14,16,18,19,21,23,24,25
2346,3,6,8,10,14,16,17,18,19,20,21,22,23,24,25
2346,4,1,2,3,4,5,7,8,12,14,16,18,22,23,24
2346,5,2,6,7,9,10,13,15,16,17,18,20,21,23,24
2346,6,1,4,5,6,7,8,9,10,13,16,18,19,20,23
2346,7,3,6,8,9,10,14,15,17,18,19,20,22,23,25
2346,8,2,3,7,8,10,12,14,15,17,18,19,21,22,25
2347,1,1,3,5,6,9,11,13,14,15,16,18,19,20,25
2347,2,1,4,6,8,13,14,15,18,20,21,22,23,24,25
2347,3,1,3,4,5,6,8,10,11,13,15,16,17,22,23
2347,4,3,4,7,8,10,11,13,15,16,18,21,22,23,25
2347,5,1,2,4,5,6,7,8,11,13,14,15,17,22,23
2347,6,1,3,4,7,9,11,12,13,15,17,19,20,24,25
2347,7,3,4,5,7,8,10,12,13,14,15,16,18,19,20
2347,8,6,7,12,13,14,15,16,18,19,20,21,22,24,25
2348,1,2,4,5,7,9,11,12,13,15,16,17,19,20,25
2348,2,2,5,6,8,9,10,13,14,15,16,19,20,23,24
2348,3,3,4,5,7,8,9,12,14,15,17,20,21,22,24
2348,4,3,4,5,9,10,11,12,14,15,18,19,21,23,25
2348,5,1,2,3,4,5,6,7,8,9,10,21,22,23,25
2348,6,2,5,7,8,9,10,16,17,18,20,21,22,23,24
2348,7,1,2,5,6,8,12,13,15,17,21,22,23,24,25
2348,8,2,3,4,6,7,8,9,12,14,15,17,21,22,25
2349,1,1,3,4,7,8,9,11,12,16,18,20,21,22,23
2349,2,2,3,5,6,7,8,10,11,13,14,15,18,19,24
2349,3,1,3,4,7,8,11,12,14,16,17,18,19,21,24
2349,4,1,2,3,4,5,8,9,16,18,19,20,23,24,25
2349,5,2,3,5,8,10,12,16,18,19,20,22,23,24,25
2349,6,1,3,7,9,10,11,13,14,16,20,21,22,23,24
2349,7,3,4,5,7,8,9,11,13,15,16,18,19,21,23
2349,8,2,3,7,8,9,10,13,15,16,19,20,21,23,24
2350,1,3,6,7,8,9,10,11,12,13,14,16,21,23,24
2350,2,5,6,9,10,11,13,14,15,19,20,21,22,23,25
2350,3,4,6,12,13,14,15,16,17,18,19,21,22,23,24
2350,4,2,3,4,5,7,10,11,13,14,15,16,18,21,23
2350,5,3,11,13,14,15,16,17,19,20,21,22,23,24,25
2350,6,1,2,3,4,5,6,11,14,16,17,18,20,24,25
2350,7,1,4,5,6,8,10,13,16,17,18,21,23,24,25
2350,8,1,2,3,5,7,8,11,12,14,15,16,19,21,23
2351,1,3,4,5,7,9,13,14,15,19,20,21,22,23,25
2351,2,5,7,8,11,13,14,15,16,17,19,22,23,24,25
2351,3,2,3,6,7,8,9,15,16,17,18,19,20,21,25
2351,4,2,3,4,9,10,11,12,14,15,18,20,23,24,25
2351,5,2,5,6,7,11,12,14,15,16,17,20,21,23,25
2351,6,1,2,3,4,6,8,9,12,16,17,19,21,22,23
2351,7,1,4,5,7,10,11,12,13,14,16,17,19,24,25
2351,8,2,3,4,5,6,7,9,10,15,16,17,18,20,22
2352,1,1,4,6,8,9,11,12,13,15,16,19,20,23,25
2352,2,1,2,3,4,5,9,10,12,13,15,16,20,21,25
2352,3,2,7,8,9,11,15,17,18,19,20,21,22,24,25
2352,4,1,3,6,7,8,11,12,15,16,18,19,21,23,25
2352,5,1,4,7,8,10,11,13,14,15,16,18,21,22,25
2352,6,2,4,6,8,9,11,13,15,16,17,21,22,23,25
2352,7,4,6,7,10,11,14,15,17,18,19,20,21,23,25
2352,8,3,5,6,12,13,15,16,17,18,20,22,23,24,25
2353,1,1,5,6,11,12,13,15,16,17,19,20,21,24,25
2353,2,1,2,6,7,8,10,13,14,16,19,20,23,24,25
2353,3,3,4,5,7,10,13,15,16,17,18,20,21,22,23
2353,4,2,4,6,8,9,10,11,12,15,16,17,19,20,22
2353,5,3,5,6,8,9,11,13,14,18,19,21,23,24,25
2353,6,5,6,9,10,11,12,14,15,16,17,19,21,22,23
2353,7,1,4,7,9,11,13,15,17,18,19,20,21,22,23
2353,8,1,2,3,5,6,8,11,13,14,16,17,18,20,21
2354,1,2,5,10,11,12,13,14,15,16,17,19,21,22,25
2354,2,1,2,3,4,6,10,12,13,14,16,17,18,21,25
2354,3,2,4,5,7,8,10,11,13,14,15,16,22,24,25
2354,4,1,3,4,5,7,10,11,12,14,17,19,20,23,25
2354,5,3,4,5,7,9,10,11,14,15,16,17,20,22,24
2354,6,3,6,7,8,10,12,13,15,16,17,18,19,20,23
2354,7,4,6,7,9,10,12,14,15,16,17,18,19,23,24
2354,8,1,4,5,6,7,8,9,11,12,15,16,22,23,24
2355,1,2,4,5,6,8,9,11,12,14,15,16,20,24,25
2355,2,2,4,5,6,10,12,13,15,16,17,18,20,24,25
2355,3,1,2,3,4,5,9,11,13,15,17,19,20,22,25
2355,4,1,4,5,7,9,10,11,12,14,15,17,22,23,24
2355,5,1,3,4,5,6,7,8,12,13,18,20,21,24,25
2355,6,1,2,5,6,9,11,12,13,14,16,18,20,22,25
2355,7,1,2,3,5,6,9,11,13,14,16,17,18,20,24
2355,8,1,2,4,7,8,10,11,13,15,16,18,19,20,21
2356,1,1,2,3,8,9,11,12,13,14,17,22,23,24,25
2356,2,1,7,8,10,14,15,16,17,18,19,20,21,24,25
2356,3,1,4,5,6,7,8,9,10,11,16,17,18,24,25
2356,4,1,2,6,7,9,12,13,14,15,17,18,19,20,24
2356,5,1,9,10,11,12,13,14,15,16,18,19,22,24,25
2356,6,2,4,7,8,12,13,15,17,18,20,21,23,24,25
2356,7,1,3,4,5,6,8,9,10,11,13,15,16,19,20
2356,8,4,5,7,10,11,12,13,14,15,19,21,22,23,25
2357,1,3,4,7,9,10,11,12,13,14,15,16,17,19,22
2357,2,3,4,6,7,8,9,14,15,16,17,19,20,23,25
2357,3,1,2,4,8,9,10,12,16,17,18,19,20,23,24
2357,4,2,3,4,6,7,10,12,13,14,16,17,18,19,24
2357,5,1,4,7,8,11,13,17,18,19,20,21,22,23,25
2357,6,1,2,3,5,9,10,11,13,14,15,16,19,20,22
2357,7,2,3,4,6,8,10,11,16,17,21,22,23,24,25
2357,8,2,4,6,8,9,10,13,15,16,17,19,21,24,25
2358,1,1,2,3,4,6,7,8,10,13,15,17,20,21,24
2358,2,2,3,4,5,8,10,11,14,15,16,18,19,23,24
2358,3,1,2,3,4,5,7,8,9,12,17,18,21,22,24
2358,4,1,2,3,6,7,9,12,13,14,18,19,21,22,24
2358,5,2,4,6,7,8,10,11,15,16,18,19,21,22,23
2358,6,1,2,5,6,8,9,17,18,19,20,21,22,23,24
2358,7,1,2,7,9,11,13,15,18,19,20,21,22,23,25
2358,8,1,2,5,8,10,12,13,14,15,16,17,18,20,22
2359,1,1,2,4,8,9,10,12,14,17,20,21,22,23,25
2359,2,2,3,4,5,6,7,8,11,12,14,15,16,17,20
2359,3,2,3,5,7,9,10,11,12,14,15,18,20,24,25
2359,4,1,2,3,4,7,9,10,11,12,13,14,17,18,19
2359,5,1,2,3,4,6,7,8,15,19,20,21,22,24,25
2359,6,1,2,4,5,7,10,12,14,18,19,22,23,24,25
2359,7,3,7,9,10,13,15,16,17,18,20,21,22,23,24
2359,8,1,2,3,4,5,9,10,11,12,13,17,18,20,23
2360,1,2,4,6,8,10,12,13,14,16,19,20,22,23,24
2360,2,1,4,5,6,7,8,9,10,16,17,20,21,22,23
2360,3,1,4,5,9,11,13,14,15,19,20,21,22,24,25
2360,4,3,4,5,9,10,11,13,15,17,18,19,21,22,25
2360,5,1,3,4,5,8,10,11,14,15,16,17,19,23,24
2360,6,2,4,5,7,8,12,13,14,15,16,17,19,24,25
2360,7,3,5,8,9,11,14,16,17,19,20,21,22,23,24
2360,8,1,4,6,7,8,9,10,12,15,16,20,23,24,25
2361,1,3,4,12,13,14,16,17,18,19,20,21,22,23,25
2361,2,1,2,3,10,13,14,15,16,19,20,21,22,23,24
2361,3,2,3,4,5,6,7,8,10,11,12,13,20,23,25
2361,4,1,4,6,7,11,12,15,16,17,19,20,21,24,25
2361,5,1,4,6,8,13,14,17,19,20,21,22,23,24,25
2361,6,3,5,8,10,11,12,13,14,15,16,18,19,21,24
2361,7,1,3,7,8,11,12,14,15,17,18,19,20,22,25
2361,8,1,4,7,8,11,13,14,15,17,19,20,22,23,24
2362,1,2,3,5,7,12,13,16,17,18,19,20,21,24,25
2362,2,2,3,6,9,10,12,15,17,18,19,21,22,23,25
2362,3,2,3,4,5,6,7,12,14,17,20,21,22,23,25
2362,4,1,4,5,6,8,11,12,14,16,17,19,20,22,25
2362,5,2,4,5,7,8,10,11,12,13,16,17,19,20,22
2362,6,1,3,4,6,8,11,15,17,18,20,21,22,23,25
2363,1,2,4,7,8,10,13,15,16,18,21,22,23,24,25
2363,2,2,3,5,7,9,10,13,15,16,18,19,21,22,25
2363,3,4,6,7,8,9,10,11,13,14,15,16,18,22,23
2363,4,2,4,5,6,9,10,13,14,16,18,19,21,22,24
2363,5,3,7,9,10,11,12,13,15,16,17,18,20,24,25
2363,6,1,5,6,9,12,13,14,15,19,20,21,22,23,25
2364,1,1,3,6,7,9,10,12,13,16,17,19,20,22,25
2364,2,2,6,7,8,9,10,12,13,17,19,20,22,23,24
2364,3,1,2,4,7,8,9,10,12,14,17,18,19,22,23
2364,4,1,2,3,4,5,6,8,10,13,16,17,20,21,23
2364,5,4,5,7,10,11,12,14,17,18,20,21,22,23,24
2364,6,1,6,9,10,14,15,16,17,18,19,20,21,24,25
2365,1,2,3,4,6,7,9,11,12,14,18,20,21,24,25
2365,2,1,2,3,5,10,11,13,14,16,20,21,22,23,24
2365,3,2,3,4,5,6,9,13,14,16,17,18,21,22,25
2365,4,2,7,8,9,10,12,13,19,20,21,22,23,24,25
2365,5,1,2,4,6,7,10,11,14,19,20,22,23,24,25
2365,6,1,4,7,9,10,11,14,15,16,17,20,21,23,25
2366,1,1,2,3,4,5,6,8,9,10,11,15,16,21,25
2366,2,2,3,4,5,10,12,13,14,16,17,19,22,23,25
2366,3,1,2,4,5,6,10,12,15,17,18,19,20,21,22
2366,4,1,5,6,7,10,11,13,14,16,18,20,22,23,24
2366,5,1,4,6,7,10,11,13,14,15,18,19,20,22,23
2366,6,4,6,8,9,12,13,15,16,17,18,20,21,23,25
2367,1,1,6,8,10,12,13,15,17,19,21,22,23,24,25
2367,2,4,7,9,11,12,14,17,18,19,21,22,23,24,25
2367,3,1,2,3,5,8,10,11,12,13,15,22,23,24,25
2367,4,1,5,6,7,8,9,16,18,19,20,22,23,24,25
2367,5,4,6,7,8,12,13,14,15,17,19,20,23,24,25
2367,6,1,2,5,6,7,8,9,10,14,18,19,23,24,25
2368,1,3,5,6,8,10,11,13,14,15,17,19,22,24,25
2368,2,1,3,6,8,11,12,14,15,17,18,19,21,22,24
2368,3,2,3,4,11,12,13,14,17,18,19,20,21,22,25
2368,4,2,3,9,10,11,13,14,18,19,20,22,23,24,25
2368,5,1,2,4,8,13,15,16,17,18,19,20,21,22,24
2368,6,2,4,8,12,13,15,16,17,19,21,22,23,24,25
2369,1,1,2,4,5,7,10,12,13,15,18,20,22,24,25
2369,2,3,4,5,6,7,8,9,11,12,16,17,18,24,25
2369,3,2,3,4,6,8,9,12,13,14,15,16,20,22,23
2369,4,1,2,5,7,8,10,12,13,15,17,18,19,24,25
2369,5,2,3,4,5,6,7,9,10,13,14,21,22,24,25
2369,6,1,2,4,5,7,8,10,13,14,15,17,19,21,22
2370,1,4,5,6,7,8,9,11,13,14,17,18,20,21,24
2370,2,2,6,7,8,9,11,12,14,15,19,20,22,23,24
2370,3,3,4,5,8,9,10,11,12,13,17,18,20,24,25
2370,4,4,5,7,9,11,13,16,17,18,19,20,22,23,25
2370,5,3,4,5,9,10,11,12,14,17,19,20,21,22,23
2370,6,3,5,7,9,10,14,15,17,18,20,21,22,23,25
2371,1,2,4,5,8,11,12,13,14,16,18,20,21,24,25
2371,2,3,5,7,8,9,10,11,13,14,17,21,22,24,25
2371,3,2,3,6,7,10,11,12,13,15,16,22,23,24,25
2371,4,1,2,3,4,5,6,7,9,12,13,15,18,19,24
2371,5,1,4,6,10,11,12,13,16,17,18,19,21,22,24
2371,6,1,2,3,4,5,7,11,12,13,18,19,22,23,25
2372,1,1,3,4,6,8,11,13,14,16,19,21,22,23,24
2372,2,1,2,7,8,9,12,13,14,16,17,18,21,24,25
2372,3,2,3,6,7,8,11,16,17,18,20,21,22,23,25
2372,4,1,2,5,6,7,10,11,12,13,14,16,20,22,24
2372,5,2,3,7,8,9,10,11,12,14,15,17,18,21,25
2372,6,1,2,3,4,7,8,9,13,16,18,20,21,23,25
2373,1,4,5,6,8,9,11,12,13,16,17,19,22,24,25
2373,2,1,5,7,8,10,12,16,17,18,19,20,21,22,24
2373,3,2,3,4,6,8,11,13,14,16,17,19,20,23,25
2373,4,4,5,6,9,11,12,14,15,16,17,18,19,21,23
2373,5,1,2,5,7,11,12,15,16,17,18,20,22,24,25
2373,6,3,5,6,8,11,12,14,15,19,20,21,22,23,24
2374,1,1,2,4,6,7,9,10,11,13,17,18,20,23,24
2374,2,1,2,3,5,6,12,14,18,19,20,21,22,23,24
2374,3,1,3,5,10,11,12,14,16,17,19,20,23,24,25
2374,4,1,3,4,5,7,9,11,15,16,18,19,21,22,24
2374,5,1,2,4,6,8,10,11,12,15,18,19,21,22,24
2374,6,5,9,10,12,13,14,16,17,19,21,22,23,24,25
2375,1,2,3,6,8,10,12,14,15,16,17,18,22,23,24
2375,2,1,2,4,6,7,8,10,13,14,16,17,18,19,24
2375,3,1,3,4,5,6,10,11,12,16,18,19,20,21,24
2375,4,2,3,4,7,8,10,12,14,17,19,20,22,23,24
2375,5,2,4,6,8,10,11,14,15,16,18,21,22,23,25
2375,6,1,2,3,5,11,13,14,15,16,18,19,22,24,25
2376,1,1,3,4,5,8,11,15,17,18,19,20,22,24,25
2376,2,1,3,4,6,8,9,10,11,12,17,19,22,23,24
2376,3,1,3,5,6,8,9,12,13,15,16,17,23,24,25
2376,4,1,3,4,5,6,7,8,11,12,13,18,21,22,24
2376,5,2,3,4,6,9,10,13,15,17,18,19,22,23,24
2376,6,3,4,5,8,9,10,11,12,13,16,17,19,21,23
2377,1,2,5,6,9,10,11,13,14,17,19,21,22,23,25
2377,2,1,2,4,7,8,9,11,12,13,14,16,18,19,25
2377,3,1,3,4,6,9,12,15,17,18,19,20,21,22,25
2377,4,2,6,7,8,10,11,13,15,17,18,19,20,21,25
2377,5,1,2,4,6,8,9,10,12,15,16,19,21,23,24
2377,6,2,3,4,7,9,10,14,15,16,19,20,21,22,24
2378,1,2,4,6,8,9,10,11,12,13,14,16,21,22,24
2378,2,1,2,3,4,6,7,10,11,14,15,17,18,21,23
2378,3,1,2,6,7,9,11,12,15,16,18,20,21,24,25
2378,4,1,2,4,5,6,10,13,15,16,19,22,23,24,25
2378,5,2,3,4,9,10,11,12,14,15,18,21,22,24,25
2378,6,1,7,8,10,11,13,14,15,16,20,21,22,24,25
2379,1,1,6,7,8,10,13,14,15,17,18,20,21,22,23
2379,2,1,2,3,4,7,9,12,14,15,16,17,22,24,25
2379,3,5,6,7,9,10,11,15,16,17,18,20,22,23,25
2379,4,1,3,6,8,9,10,11,13,17,18,19,20,21,25
2379,5,1,2,3,4,6,7,9,10,13,18,19,20,22,25
2379,6,1,2,5,6,9,10,12,13,14,16,19,23,24,25
2380,1,2,3,9,10,12,13,14,15,19,20,22,23,24,25
2380,2,1,2,3,5,6,7,10,11,15,16,18,20,23,24
2380,3,1,3,6,8,9,10,11,13,14,15,18,19,21,23
2380,4,1,2,3,7,9,11,13,14,16,18,20,21,22,23
2380,5,1,3,5,9,11,13,14,16,17,19,20,22,24,25
2380,6,3,10,11,12,13,15,17,18,19,20,22,23,24,25
2381,1,2,3,4,5,6,8,11,14,15,18,22,23,24,25
2381,2,2,3,5,6,11,12,13,14,16,17,20,22,23,25
2381,3,1,2,4,6,8,9,10,12,13,17,19,20,21,22
2381,4,1,4,5,6,7,8,9,10,12,15,16,20,23,25
2381,5,3,5,9,10,11,12,13,15,17,19,20,22,23,24
2381,6,3,6,7,9,11,12,13,14,15,16,18,20,21,25
2382,1,1,3,4,7,10,11,12,13,14,16,19,21,24,25
2382,2,1,2,3,5,9,10,12,13,14,15,17,19,22,25
2382,3,1,2,3,4,7,9,11,13,14,17,18,19,21,23
2382,4,1,2,3,4,5,7,8,10,11,13,15,17,19,21
2382,5,3,4,5,6,8,9,11,13,14,15,19,20,22,23
2382,6,1,5,7,8,9,10,13,15,19,20,21,23,24,25
2383,1,4,5,8,12,13,15,16,17,18,19,20,21,22,25
2383,2,2,3,6,10,13,14,15,16,18,19,21,22,23,25
2383,3,1,2,3,4,5,6,8,11,13,15,17,21,22,25
2383,4,1,2,6,7,10,11,12,13,17,18,22,23,24,25
2383,5,1,2,3,4,5,7,8,10,15,16,17,18,21,22
2383,6,6,9,10,11,12,13,14,15,16,17,20,23,24,25
2384,1,1,2,3,4,6,7,10,11,12,16,19,21,22,23
2384,2,1,2,6,10,11,12,13,15,17,19,21,22,24,25
2384,3,1,3,4,5,6,7,8,10,11,14,16,18,24,25
2384,4,1,4,5,7,8,9,11,12,15,16,21,23,24,25
2384,5,1,2,3,6,8,12,13,14,15,19,20,21,23,24
2384,6,1,2,3,6,7,11,12,14,16,17,19,21,23,24
2385,1,1,3,4,6,7,8,9,13,14,15,17,19,24,25
2385,2,1,3,8,9,10,11,13,14,18,19,20,21,22,24
2385,3,1,4,5,8,11,14,15,16,18,21,22,23,24,25
2385,4,1,4,5,6,10,12,13,16,17,19,21,22,23,24
2385,5,4,5,6,9,11,12,13,15,17,18,20,22,23,24
2385,6,1,6,7,8,9,11,12,13,15,17,18,20,21,24
2386,1,1,2,3,4,5,6,7,10,12,15,16,20,22,23
2386,2,1,5,6,7,8,9,13,14,16,17,18,20,22,25
2386,3,3,5,6,7,8,9,12,13,14,15,18,20,21,24
2386,4,2,3,4,6,8,9,10,11,13,15,17,18,21,24
2386,5,2,6,7,9,10,14,15,16,17,21,22,23,24,25
2386,6,1,3,4,5,6,8,9,11,13,14,16,18,21,25
2387,1,3,4,5,9,12,13,15,16,17,18,20,21,22,25
2387,2,1,2,5,7,10,12,14,15,18,19,20,23,24,25
2387,3,1,4,5,6,9,11,14,15,16,17,19,20,22,25
2387,4,1,3,4,5,6,9,14,18,19,21,22,23,24,25
2387,5,1,2,3,4,6,8,12,15,16,17,18,19,21,22
2387,6,1,3,4,5,7,8,10,12,16,17,18,21,22,24
2388,1,2,3,4,5,8,9,10,11,12,14,15,17,19,22
2388,2,4,5,7,8,9,12,13,14,17,20,21,22,24,25
2388,3,2,4,5,7,9,10,12,14,15,16,17,18,20,25
2388,4,1,2,6,9,10,11,12,15,16,18,20,23,24,25
2388,5,1,5,8,9,11,12,14,15,17,18,20,22,23,24
2388,6,2,3,4,5,6,10,11,15,16,17,19,20,21,23
2389,1,1,3,4,5,6,9,12,14,15,17,19,20,24,25
2389,2,1,6,7,8,9,10,11,14,15,17,18,20,23,25
2389,3,3,5,6,8,9,10,12,14,17,20,21,23,24,25
2389,4,1,3,5,7,8,9,11,13,14,16,17,20,23,25
2389,5,2,6,7,8,10,11,12,14,18,19,21,22,23,24
2389,6,1,2,3,4,5,7,11,12,13,14,18,20,21,22
2390,1,2,4,5,6,9,10,13,17,18,21,22,23,24,25
2390,2,7,8,9,11,12,13,14,15,17,19,20,21,23,24
2390,3,1,2,4,6,10,11,12,13,19,20,21,22,23,25
2390,4,2,3,4,5,6,7,8,11,12,14,15,17,18,24
2390,5,1,3,5,6,7,8,11,12,13,18,21,22,24,25
2390,6,1,2,6,7,8,9,10,11,14,15,17,18,20,23
2391,1,2,5,7,9,11,14,15,16,18,19,20,23,24,25
2391,2,1,2,7,10,11,12,14,17,18,19,22,23,24,25
2391,3,1,2,3,4,5,9,10,12,16,17,18,19,20,24
2391,4,2,3,5,7,9,11,13,14,15,16,17,18,19,25
2391,5,1,2,8,9,10,11,13,14,15,17,18,20,22,24
2391,6,3,4,8,10,11,12,13,15,16,18,19,23,24,25
2392,1,1,2,3,4,11,14,16,18,19,20,21,23,24,25
2392,2,1,2,10,11,12,14,15,16,17,19,20,22,23,24
2392,3,1,3,4,5,7,8,10,14,15,17,20,21,22,25
2392,4,3,4,6,7,8,9,11,12,13,15,19,22,24,25
2392,5,1,2,6,8,9,11,13,15,16,18,19,21,22,23
2392,6,1,3,4,5,7,8,10,13,14,15,17,21,22,24
2393,1,1,2,3,4,7,8,9,11,12,14,16,18,24,25
2393,2,1,2,3,4,5,7,8,11,13,17,18,19,21,23
2393,3,1,3,4,5,8,9,14,15,18,20,22,23,24,25
2393,4,3,6,7,8,10,12,14,16,17,21,22,23,24,25
2393,5,2,3,6,7,8,10,12,14,15,17,19,20,22,24
2393,6,2,3,4,5,7,9,10,11,15,16,21,22,23,24
2394,1,2,9,10,11,12,14,15,16,17,19,21,22,24,25
2394,2,1,4,6,9,10,11,12,14,15,16,20,22,23,24
2394,3,1,5,6,8,11,13,14,15,16,17,21,22,23,25
2394,4,2,3,4,5,9,10,11,13,15,16,18,20,22,25
2394,5,3,4,6,7,8,9,11,13,15,18,20,21,24,25
2394,6,1,2,4,7,9,11,15,16,17,18,20,21,23,25
2395,1,2,4,7,9,10,11,13,15,16,17,20,21,22,24
2395,2,1,2,3,6,10,13,14,15,16,17,19,20,24,25
2395,3,1,3,5,9,11,14,17,18,19,20,21,22,23,24
2395,4,1,2,3,5,6,7,9,10,12,14,15,16,19,25
2395,5,4,5,6,7,11,12,13,15,16,17,20,21,23,24
2395,6,1,4,5,7,8,9,10,11,15,16,17,18,19,22
2396,1,1,2,8,9,10,11,14,15,16,17,18,19,20,22
2396,2,1,2,7,9,10,11,13,14,15,17,18,19,22,23
2396,3,1,4,5,7,8,9,12,13,14,15,17,19,22,25
2396,4,2,3,4,5,6,7,10,14,15,16,18,21,22,24
2396,5,1,2,3,4,5,8,11,14,16,17,18,19,20,21
2396,6,1,2,4,5,8,9,10,11,15,17,19,21,23,24
2397,1,1,2,3,4,8,13,14,15,17,18,19,21,22,25
2397,2,2,3,4,9,10,12,14,15,19,20,21,22,23,25
2397,3,1,3,4,7,9,12,15,16,17,18,20,22,24,25
2397,4,1,3,4,5,8,10,13,14,16,19,21,22,23,24
2397,5,1,5,7,10,13,15,16,17,18,20,21,22,23,24
2397,6,1,5,6,8,9,11,13,14,15,17,18,20,21,23
2398,1,3,4,5,6,7,8,11,13,16,17,19,22,23,25
2398,2,1,5,7,8,9,10,11,12,17,20,22,23,24,25
2398,3,5,7,8,9,10,11,14,15,17,18,19,20,21,24
2398,4,3,4,5,7,11,12,13,15,16,19,20,21,22,25
2398,5,1,3,6,7,9,12,13,14,16,18,21,22,23,24
2398,6,2,3,5,6,8,9,12,13,14,15,18,20,24,25
2399,1,2,3,4,8,10,11,12,14,15,19,20,21,22,23
2399,2,2,3,4,5,6,7,10,11,12,20,21,22,23,24
2399,3,2,3,6,9,10,12,13,16,18,19,21,23,24,25
2399,4,2,3,4,8,9,10,12,13,15,17,19,21,23,25
2399,5,2,3,4,8,10,11,13,14,15,17,18,20,23,25
2399,6,1,3,4,5,6,7,9,10,12,15,16,23,24,25
2400,1,1,2,3,4,5,6,8,10,11,13,15,16,19,23
2400,2,2,4,5,9,10,11,12,13,15,18,19,21,22,23
2400,3,2,3,4,6,8,9,10,12,15,17,18,20,21,25
2400,4,1,4,7,8,9,10,12,14,15,18,19,22,23,25
2400,5,1,3,4,6,8,10,13,14,16,18,19,20,22,24
2400,6,2,5,6,8,9,11,12,13,14,17,18,20,21,24
2401,1,1,2,5,6,8,10,11,12,15,18,19,21,22,24
2401,2,4,6,7,9,10,11,13,14,16,17,18,21,24,25
2401,3,4,5,7,8,9,10,11,12,13,18,19,20,24,25
2401,4,1,2,5,6,8,9,12,15,16,18,20,21,24,25
2401,5,1,3,4,5,6,7,8,10,12,20,22,23,24,25
2401,6,1,2,3,7,8,9,10,11,13,14,17,22,24,25
2402,1,1,2,4,6,7,9,10,11,13,15,17,18,23,24
2402,2,1,4,5,6,7,10,11,12,16,17,19,20,21,24
2402,3,2,3,4,6,11,12,13,14,15,16,18,19,20,21
2402,4,1,3,5,8,9,12,13,14,15,16,19,22,23,25
2402,5,4,5,7,8,9,10,13,16,17,19,20,21,22,24
2402,6,1,2,4,5,6,7,8,9,12,14,17,20,23,24
2403,1,1,4,5,8,10,11,14,15,16,19,21,22,23,24
2403,2,3,4,6,7,8,9,11,13,16,17,20,21,22,25
2403,3,3,4,6,9,10,12,13,14,15,17,18,19,20,23
2403,4,3,4,7,11,12,14,15,16,18,19,21,23,24,25
2403,5,3,4,6,8,11,12,16,17,19,20,21,22,23,24
2403,6,3,4,5,7,10,12,13,14,15,20,22,23,24,25
2404,1,1,2,3,4,6,9,10,11,13,14,16,18,23,25
2404,2,3,5,6,7,8,11,14,15,17,18,19,20,23,25
2404,3,1,4,7,8,9,11,12,13,14,18,22,23,24,25
2404,4,1,2,5,7,9,10,11,14,16,17,19,22,23,24
2404,5,1,2,3,5,7,10,11,12,13,16,22,23,24,25
2404,6,2,3,7,9,11,13,14,15,16,17,19,20,21,24
2405,1,1,3,6,7,8,9,10,12,14,18,19,22,23,25
2405,2,1,3,4,11,13,15,16,17,18,20,21,22,23,24
2405,3,1,2,3,5,6,7,10,11,12,15,19,20,22,23
2405,4,3,4,5,7,9,14,15,18,19,20,21,22,24,25
2405,5,1,2,4,5,6,7,8,9,13,17,20,21,24,25
2405,6,1,2,4,5,6,7,9,13,15,18,21,22,23,24
2406,1,1,2,6,7,8,9,10,11,12,14,20,21,23,25
2406,2,1,3,4,6,7,10,11,13,14,16,17,18,20,24
2406,3,1,2,3,4,8,10,12,13,14,17,22,23,24,25
2406,4,1,2,3,5,7,9,11,13,14,15,17,18,19,25
2406,5,1,3,4,5,6,8,11,14,15,16,20,21,23,24
2406,6,1,2,5,6,7,8,9,10,11,15,19,23,24,25
2407,1,1,4,9,10,11,12,15,16,18,20,21,22,24,25
2407,2,4,5,6,7,8,11,13,14,18,19,21,22,23,25
2407,3,2,3,5,10,11,12,13,14,16,17,20,21,22,23
2407,4,4,9,11,12,13,14,15,16,18,19,21,22,24,25
2407,5,2,3,4,5,6,7,8,9,10,13,14,17,19,21
2407,6,1,3,5,6,9,10,13,15,16,17,19,22,23,24
2408,1,4,5,10,11,12,14,15,16,17,19,20,22,23,25
2408,2,2,4,6,8,11,12,14,16,17,19,20,21,23,24
2408,3,1,2,4,5,6,7,9,10,15,18,19,21,24,25
2408,4,2,4,7,9,10,11,14,16,17,18,19,20,21,25
2408,5,1,2,4,5,6,7,11,12,13,14,17,20,23,24
2408,6,1,3,5,6,7,8,12,13,16,17,20,21,23,24
2409,1,5,6,9,10,11,13,14,16,17,19,22,23,24,25
2409,2,1,2,3,8,10,11,12,17,18,19,21,22,23,24
2409,3,2,4,5,6,9,13,14,15,17,18,19,20,22,25
2409,4,1,2,3,4,5,8,12,13,15,16,17,19,20,21
2409,5,2,3,4,6,8,11,12,13,15,20,21,22,23,25
2409,6,2,3,4,6,7,9,11,12,14,16,19,20,22,23
2410,1,1,2,4,7,8,10,13,14,16,17,19,20,21,23
2410,2,1,3,4,5,6,7,13,17,18,19,20,21,22,23
2410,3,3,5,6,7,8,9,10,15,16,18,20,21,22,25
2410,4,1,2,6,8,9,11,12,13,15,16,17,18,23,25
2410,5,2,3,4,5,7,9,10,11,12,13,14,16,24,25
2410,6,1,2,3,4,7,8,11,12,19,21,22,23,24,25
2411,1,3,8,9,10,12,13,14,17,18,20,21,23,24,25
2411,2,1,3,4,5,8,12,13,14,18,19,20,23,24,25
2411,3,1,2,3,6,7,10,12,13,14,15,16,23,24,25
2411,4,2,4,8,9,12,13,14,15,16,18,20,21,23,24
2411,5,3,5,6,9,11,13,14,15,17,20,21,22,24,25
2411,6,1,3,5,7,12,13,15,17,18,20,21,22,24,25
2412,1,1,2,3,4,6,8,10,16,17,18,21,22,23,25
2412,2,1,2,4,7,8,10,11,14,17,19,20,22,23,24
2412,3,1,2,3,4,6,7,8,9,11,14,17,19,20,24
2412,4,2,3,4,5,6,7,9,12,15,17,18,19,21,24
2412,5,1,2,3,5,6,8,13,14,15,19,20,21,23,24
2412,6,1,2,7,9,10,13,14,16,20,21,22,23,24,25
2413,1,1,4,5,6,7,9,12,15,17,18,19,21,23,24
2413,2,1,2,3,5,7,8,10,11,18,19,20,21,23,25
2413,3,1,3,6,7,8,9,11,12,13,16,18,20,21,23
2413,4,2,3,4,6,8,11,13,16,18,20,21,23,24,25
2413,5,1,4,8,11,12,13,14,15,17,19,22,23,24,25
2413,6,1,4,6,8,10,11,14,17,18,21,22,23,24,25
2414,1,1,3,4,7,8,10,12,17,19,20,21,22,23,24
2414,2,2,3,4,6,9,11,12,15,16,17,19,22,23,24
2414,3,2,3,5,6,8,9,10,12,13,14,18,20,21,25
2414,4,1,2,4,6,7,8,9,10,12,14,17,19,22,23
2414,5,4,6,8,10,12,14,15,16,17,19,20,21,22,23
2414,6,1,2,4,8,9,10,12,13,15,18,20,21,22,25
2415,1,4,5,6,10,11,12,13,16,17,18,21,22,23,24
2415,2,4,6,8,9,10,11,15,18,19,20,22,23,24,25
2415,3,1,2,8,9,10,12,14,15,17,20,21,22,24,25
2415,4,2,3,4,5,6,11,12,13,15,19,20,21,22,25
2415,5,1,2,4,6,9,10,12,13,14,15,16,21,22,24
2415,6,2,3,4,5,7,8,11,12,13,14,16,17,18,19
2416,1,1,2,5,6,7,8,9,10,12,13,18,20,23,25
2416,2,2,6,7,8,9,11,15,16,17,19,22,23,24,25
2416,3,3,4,6,7,9,10,11,13,15,17,20,22,23,24
2416,4,1,2,4,5,7,9,11,12,13,18,20,22,23,25
2416,5,3,5,6,11,12,13,14,15,16,17,21,22,23,25
2416,6,1,2,3,5,6,8,10,11,12,13,15,16,18,24
2417,1,2,6,8,9,10,11,12,15,16,17,18,19,24,25
2417,2,1,2,3,4,5,7,13,14,17,19,20,21,22,25
2417,3,1,2,6,8,10,11,14,15,16,17,19,20,22,25
2417,4,1,2,4,5,7,8,9,12,14,15,17,21,24,25
2417,5,2,3,4,5,8,10,11,12,13,16,17,21,22,25
2417,6,2,3,5,7,8,9,11,12,14,20,21,22,23,25
2418,1,2,3,4,6,9,12,14,15,16,19,21,22,23,24
2418,2,2,3,7,9,10,13,14,15,16,17,18,20,21,23
2418,3,2,3,4,6,7,10,12,13,14,15,16,17,19,22
2418,4,1,3,8,9,11,12,14,18,19,20,22,23,24,25
2418,5,1,2,3,4,5,6,9,10,13,16,18,20,23,25
2418,6,1,3,4,9,10,13,17,18,19,20,21,22,23,25
2419,1,1,2,4,5,7,9,10,15,19,20,22,23,24,25
2419,2,1,2,4,5,8,9,13,14,16,18,19,22,23,25
2419,3,3,4,5,6,7,10,12,14,15,17,18,20,23,25
2419,4,1,2,3,7,10,11,12,14,15,16,17,21,23,25
2419,5,1,2,3,4,7,8,11,12,13,14,16,19,24,25
2419,6,2,5,6,8,10,11,12,16,19,20,22,23,24,25
2420,1,2,4,6,8,10,12,14,15,17,18,19,21,23,25
2420,2,1,2,6,7,8,10,11,12,15,16,17,21,23,25
2420,3,1,4,6,7,8,9,10,11,14,15,17,19,20,25
2420,4,3,5,8,9,10,11,12,16,18,19,21,22,24,25
2420,5,1,2,4,6,7,11,13,14,18,19,20,23,24,25
2420,6,2,5,6,7,8,9,13,17,18,19,20,21,23,25
2421,1,2,3,4,8,9,11,14,15,18,19,20,22,23,24
2421,2,1,2,3,4,6,8,10,12,14,16,18,20,23,24
2421,3,1,6,7,8,10,11,13,14,15,16,17,20,21,23
2421,4,2,3,6,7,8,10,11,12,13,14,15,21,22,25
2421,5,1,2,3,7,9,10,11,13,14,19,20,21,23,24
2421,6,1,4,5,8,10,11,12,13,16,19,20,21,23,25
2422,1,1,2,3,4,6,13,15,16,17,18,19,22,24,25
2422,2,2,3,4,6,7,8,9,12,17,18,19,21,24,25
2422,3,2,5,8,10,12,13,14,15,16,18,20,21,22,23
2422,4,2,4,5,9,10,11,12,15,16,17,21,22,23,25
2422,5,1,3,4,5,8,9,14,15,16,17,18,19,21,23
2422,6,1,3,5,6,8,9,11,13,15,16,20,23,24,25
2423,1,1,3,4,5,6,7,8,9,10,14,15,21,22,23
2423,2,2,5,9,10,13,14,15,16,18,19,21,22,23,24
2423,3,2,3,4,5,6,7,8,9,10,11,12,21,22,23
2423,4,1,2,4,6,7,11,13,15,17,18,21,22,24,25
2423,5,3,5,6,8,10,12,16,17,19,20,21,22,23,25
2423,6,2,4,5,6,7,8,11,12,13,15,18,21,23,24
2424,1,3,5,6,8,9,10,12,16,18,19,21,22,24,25
2424,2,1,3,7,8,11,12,14,15,18,19,21,22,23,24
2424,3,1,4,5,7,8,10,11,12,15,18,20,23,24,25
2424,4,2,3,7,9,11,12,13,14,16,19,20,21,23,24
2424,5,1,2,5,6,10,11,12,15,17,18,19,20,23,25
2424,6,1,2,3,5,8,9,12,13,14,15,16,18,21,25
2425,1,2,3,6,7,8,9,11,12,13,15,16,17,19,25
2425,2,1,2,3,6,7,8,9,10,14,16,17,19,20,23
2425,3,1,2,3,4,5,6,7,9,11,13,14,16,19,20
2425,4,3,5,6,9,11,13,14,17,18,19,21,22,24,25
2425,5,2,5,6,8,10,11,14,16,17,18,19,20,21,24
2425,6,3,4,5,8,9,13,15,16,19,20,22,23,24,25
2426,1,1,2,3,7,8,9,10,15,16,17,18,19,24,25
2426,2,1,3,4,7,9,11,12,14,15,17,19,23,24,25
2426,3,1,5,6,7,8,11,12,14,15,17,18,19,22,23
2426,4,1,4,6,7,9,12,13,15,18,20,21,22,23,24
2426,5,2,5,9,10,11,12,13,15,16,18,19,22,23,24
2426,6,2,3,4,6,7,8,10,11,12,13,16,18,19,21
2427,1,1,3,5,6,7,8,15,18,19,20,21,22,24,25
2427,2,1,3,6,7,9,10,12,15,17,18,19,21,22,23
2427,3,1,2,6,7,9,11,12,13,15,17,21,22,24,25
2427,4,3,5,6,7,8,10,11,13,14,15,16,19,21,24
2427,5,3,5,6,7,9,10,13,15,16,19,20,22,23,24
2427,6,1,5,8,10,11,12,14,15,16,17,20,22,24,25
2428,1,2,3,8,9,10,11,12,15,18,19,20,21,23,24
2428,2,1,2,3,4,5,8,11,13,16,17,22,23,24,25
2428,3,1,3,4,5,7,12,14,15,16,17,18,21,23,25
2428,4,1,2,4,5,6,7,8,11,18,19,20,22,23,25
2428,5,3,4,5,7,10,11,12,13,14,17,18,19,22,24
2428,6,2,3,7,10,11,12,13,14,16,17,20,21,23,25
2429,1,4,7,8,9,10,13,15,16,17,18,19,21,22,23
2429,2,2,5,6,9,10,12,13,14,15,16,17,18,20,22
2429,3,1,2,4,5,7,8,9,10,12,13,14,15,18,20
2429,4,1,2,5,6,7,10,11,12,14,15,17,20,21,24
2429,5,1,3,4,5,8,9,12,13,16,17,18,21,23,24
2429,6,2,4,5,7,8,11,13,14,16,17,18,21,22,23
2430,1,4,6,7,8,10,11,13,15,17,18,19,20,23,25
2430,2,2,4,5,6,7,8,12,13,14,16,17,22,23,24
2430,3,1,3,5,10,11,12,13,14,16,18,21,22,23,24
2430,4,1,2,3,6,8,10,11,12,16,18,20,21,22,25
2430,5,1,2,3,4,5,6,7,12,13,15,18,19,21,23
2430,6,1,4,5,7,8,11,12,13,16,17,18,19,20,23
2431,1,3,5,6,7,8,11,12,13,15,17,20,22,23,25
2431,2,1,5,6,9,10,11,12,13,16,17,18,20,21,24
2431,3,2,4,6,7,9,12,14,15,16,18,19,20,21,23
2431,4,1,2,3,5,7,8,9,11,16,18,22,23,24,25
2431,5,1,2,5,6,7,10,11,12,14,16,18,22,23,24
2431,6,3,4,7,8,11,12,13,15,17,18,19,20,22,23
2432,1,1,2,3,4,9,10,13,15,16,18,20,23,24,25
2432,2,2,4,6,8,9,10,11,13,14,15,16,20,22,23
2432,3,1,2,6,7,9,12,14,15,18,19,20,21,23,24
2432,4,1,2,3,4,10,11,13,15,16,17,20,21,23,25
2432,5,1,2,3,7,9,10,13,19,20,21,22,23,24,25
2432,6,1,2,3,7,8,11,12,14,15,16,18,19,20,21
2433,1,1,4,5,7,8,9,10,13,15,16,17,18,20,21
2433,2,3,4,5,6,11,12,13,14,16,17,19,20,23,25
2433,3,2,3,4,5,7,9,12,16,18,19,21,22,24,25
2433,4,1,2,4,5,6,7,9,10,11,13,14,17,18,24
2433,5,2,3,5,7,10,11,12,13,15,16,17,18,19,25
2433,6,1,2,3,5,7,8,9,12,13,16,20,21,23,24
2434,1,3,4,5,8,10,11,13,14,15,18,19,21,23,24
2434,2,1,3,4,6,7,10,11,13,14,19,22,23,24,25
2434,3,1,2,7,8,9,10,11,12,13,14,15,16,18,23
2434,4,1,3,5,7,8,11,12,13,14,16,17,18,23,24
2434,5,1,2,5,6,7,8,9,11,16,19,20,21,23,24
2434,6,1,3,6,7,8,9,10,12,13,15,19,20,23,25
2435,1,2,6,8,9,10,11,12,15,17,19,21,22,23,24
2435,2,2,3,7,10,12,14,15,17,19,20,22,23,24,25
2435,3,1,2,3,4,5,7,9,10,12,13,14,18,19,22
2435,4,2,4,8,9,10,11,12,14,15,16,17,19,21,24
2435,5,2,3,5,6,7,10,11,12,14,15,16,19,23,25
2435,6,1,2,3,5,6,7,8,10,11,15,19,20,22,25
2436,1,1,6,7,9,11,13,14,17,18,19,20,22,24,25
2436,2,1,2,4,5,7,11,12,14,20,21,22,23,24,25
2436,3,2,3,5,6,9,11,12,15,16,17,18,21,23,25
2436,4,4,5,6,8,9,11,12,17,18,21,22,23,24,25
2436,5,2,5,6,7,9,11,15,16,18,19,20,22,24,25
2436,6,3,4,5,6,11,12,13,14,16,17,20,22,24,25
2437,1,1,2,4,5,6,9,12,16,18,19,20,21,23,24
2437,2,1,4,6,7,8,9,10,11,12,15,18,19,22,24
2437,3,1,3,4,6,7,8,10,11,15,16,18,23,24,25
2437,4,1,2,3,5,6,7,11,14,15,17,19,20,24,25
2437,5,1,3,4,8,9,10,11,14,15,16,18,20,22,25
2437,6,2,4,6,7,9,11,13,14,16,17,18,19,22,25
2438,1,2,3,7,8,10,11,12,15,16,20,21,22,24,25
2438,2,2,6,8,9,10,11,14,15,16,18,19,22,23,24
2438,3,3,4,5,7,10,11,13,14,17,19,20,22,24,25
2438,4,1,3,5,8,11,13,14,16,17,18,19,20,21,23
2438,5,1,4,5,6,8,10,13,14,16,17,18,20,21,22
2438,6,2,3,4,6,7,10,12,15,17,18,21,23,24,25
2439,1,4,10,11,12,13,14,16,17,18,19,20,21,22,24
2439,2,1,3,4,5,7,10,11,13,15,16,21,22,24,25
2439,3,2,3,4,5,8,9,10,11,13,19,21,22,23,24
2439,4,1,3,6,7,9,10,13,14,16,20,21,22,23,25
2439,5,2,3,4,5,6,7,8,9,10,15,16,17,24,25
2439,6,1,2,3,5,8,9,10,11,16,19,20,21,22,25
2440,1,1,3,4,6,8,10,12,14,16,19,21,22,24,25
2440,2,1,2,3,4,7,8,9,12,13,16,17,18,20,22
2440,3,3,4,5,8,9,12,13,17,18,19,20,22,24,25
2440,4,1,3,5,6,7,8,11,12,13,14,15,19,21,22
2440,5,1,3,5,6,7,8,9,10,12,16,17,21,23,25
2440,6,2,3,5,6,10,11,12,15,19,20,21,22,24,25
2441,1,1,2,4,6,9,10,12,16,17,18,19,21,23,25
2441,2,6,7,8,11,13,14,15,17,18,19,20,21,23,24
2441,3,1,2,4,5,6,8,9,13,15,16,17,19,20,23
2441,4,1,2,3,4,8,10,12,15,17,20,21,23,24,25
2441,5,3,4,5,6,9,10,11,12,14,20,21,22,23,25
2441,6,1,3,6,9,10,14,15,16,17,18,19,23,24,25
2442,1,1,2,3,5,9,10,12,14,15,17,18,20,21,25
2442,2,1,2,3,5,7,8,10,12,13,14,15,18,20,25
2442,3,3,4,5,6,7,8,10,11,13,18,19,23,24,25
2442,4,5,6,7,8,9,10,13,16,18,20,21,23,24,25
2442,5,1,3,9,10,11,12,16,17,18,19,20,23,24,25
2442,6,3,4,8,9,11,14,15,17,19,20,22,23,24,25
2443,1,1,2,3,5,10,14,15,17,18,19,21,23,24,25
2443,2,2,3,4,5,9,10,14,15,16,18,19,20,22,25
2443,3,1,2,4,6,7,9,13,14,15,16,18,19,22,23
2443,4,3,4,5,7,9,11,14,16,18,20,22,23,24,25
2443,5,4,5,8,9,11,12,13,16,17,18,20,23,24,25
2443,6,3,5,8,10,12,13,15,16,18,20,21,22,23,25
2444,1,1,2,3,4,5,8,11,12,16,17,19,20,21,23
2444,2,2,4,5,6,8,13,15,17,18,19,20,21,22,24
2444,3,3,5,9,11,13,14,15,16,17,18,21,23,24,25
2444,4,1,2,7,8,9,11,12,14,15,16,17,18,19,23
2444,5,1,3,4,5,7,8,11,13,14,15,18,19,20,21
2444,6,2,3,4,6,7,9,10,12,14,18,20,21,22,25
2445,1,2,3,4,6,7,8,9,10,11,13,15,17,18,19
2445,2,1,4,5,7,9,13,14,15,17,18,19,20,21,24
2445,3,3,6,9,10,11,15,16,17,19,20,22,23,24,25
2445,4,2,4,5,6,8,9,10,15,16,17,18,19,20,22
2445,5,1,4,6,7,8,9,10,14,15,19,21,22,23,25
2445,6,1,3,5,6,8,9,10,12,14,15,17,19,24,25
2446,1,2,4,7,8,9,10,11,12,13,15,17,19,23,25
2446,2,2,6,8,9,10,11,14,15,16,18,19,20,22,25
2446,3,1,3,4,7,8,10,11,12,13,14,15,16,20,25
2446,4,2,3,4,7,8,10,12,15,18,20,22,23,24,25
2446,5,1,5,6,8,11,13,16,17,18,19,20,21,23,25
2446,6,1,2,5,7,9,10,12,13,17,18,20,21,23,25
2447,1,1,2,4,5,8,10,13,14,15,16,18,19,20,22
2447,2,1,2,3,5,6,8,9,13,14,17,18,20,21,24
2447,3,1,2,3,8,11,13,14,15,18,20,21,22,23,25
2447,4,4,5,6,8,10,11,13,14,17,18,21,22,23,24
2447,5,2,3,5,6,8,9,10,12,13,15,16,20,22,24
2447,6,3,4,7,9,10,13,14,16,18,21,22,23,24,25
2448,1,2,3,4,6,8,9,10,11,14,16,17,20,22,23
2448,2,4,5,6,7,8,10,13,14,15,16,18,22,23,24
2448,3,2,7,8,13,15,16,17,18,19,20,21,22,23,24
2448,4,3,4,6,7,10,11,12,13,14,15,16,17,20,23
2448,5,1,2,4,5,6,8,10,11,12,15,17,18,22,25
2448,6,3,5,6,7,9,11,12,13,15,16,18,20,21,23
2449,1,2,3,4,5,6,8,14,15,16,17,18,19,21,22
2449,2,1,2,6,7,9,12,13,16,17,19,21,22,23,25
2449,3,2,5,9,11,13,14,15,16,18,20,21,22,23,25
2449,4,1,2,3,8,9,10,11,12,13,14,15,17,19,24
2449,5,1,2,3,4,5,6,9,10,12,15,18,19,20,22
2449,6,1,2,3,4,5,6,8,9,12,13,22,23,24,25
2450,1,1,2,3,4,5,7,8,10,11,12,13,20,23,24
2450,2,2,3,7,8,9,10,12,13,15,16,20,23,24,25
2450,3,2,3,4,5,6,9,10,11,16,19,20,21,22,25
2450,4,1,2,4,5,6,7,8,9,12,13,14,16,23,25
2450,5,4,5,7,9,10,11,13,15,16,18,19,21,22,24
2450,6,2,4,6,7,8,11,12,13,15,18,19,20,21,25
2451,1,1,2,4,6,7,8,11,13,14,17,18,22,23,24
2451,2,3,5,7,8,11,14,15,16,17,19,21,22,23,24
2451,3,1,3,4,7,8,10,11,12,16,17,19,20,24,25
2451,4,1,4,6,7,12,13,14,15,16,17,19,20,22,25
2451,5,1,2,3,7,8,12,13,14,16,17,18,19,20,23
2451,6,1,2,3,7,8,9,11,12,14,17,22,23,24,25
2452,1,2,3,4,5,6,9,10,13,15,17,18,19,20,25
2452,2,1,2,4,5,8,11,12,14,18,19,20,21,22,23
2452,3,1,3,5,8,9,11,16,17,18,19,20,21,23,24
2452,4,1,2,3,5,7,9,10,12,13,15,20,22,24,25
2452,5,1,2,5,7,8,11,12,14,15,17,18,20,21,24
2452,6,1,2,8,9,11,14,15,17,18,20,21,23,24,25
2453,1,3,4,5,6,7,10,11,13,17,18,21,22,23,24
2453,2,5,6,8,9,13,14,15,16,18,20,22,23,24,25
2453,3,1,3,6,8,9,11,13,15,16,18,19,23,24,25
2453,4,2,3,5,8,10,13,14,15,16,18,19,21,22,25
2453,5,1,3,6,8,9,10,11,12,14,15,16,18,22,25
2453,6,2,4,6,7,8,9,10,13,14,16,17,19,20,24
2454,1,2,4,5,6,7,9,11,12,18,19,20,21,23,24
2454,2,1,2,3,5,6,11,12,14,15,16,18,21,23,25
2454,3,1,3,4,7,8,9,10,13,14,15,17,19,21,22
2454,4,1,4,6,8,9,10,11,15,16,18,19,20,22,23
2454,5,1,2,3,4,5,6,11,13,17,18,20,22,23,24
2454,6,1,2,4,5,7,9,10,11,12,15,16,18,23,25
2455,1,6,7,8,11,13,14,15,18,19,20,22,23,24,25
2455,2,1,2,3,4,7,8,9,11,12,15,16,17,18,20
2455,3,3,5,8,9,10,12,14,16,17,18,22,23,24,25
2455,4,1,2,3,7,8,9,14,16,17,19,20,22,23,25
2455,5,2,3,4,7,8,10,13,14,15,17,18,22,23,25
2455,6,1,2,4,7,10,12,13,14,18,19,20,21,22,23
2456,1,3,5,8,9,10,12,13,14,15,16,19,23,24,25
2456,2,2,3,6,7,8,9,11,14,15,16,19,20,23,24
2456,3,1,5,6,7,13,14,15,16,18,20,21,22,23,25
2456,4,1,2,3,7,8,12,14,15,20,21,22,23,24,25
2456,5,2,3,5,6,7,10,12,14,15,17,19,21,22,23
2456,6,1,2,3,4,5,6,8,10,11,16,18,21,23,25
2457,1,2,5,9,11,12,13,15,18,19,20,21,22,23,25
2457,2,2,3,5,6,7,8,10,12,13,14,15,18,19,21
2457,3,1,4,5,7,11,12,16,17,18,20,22,23,24,25
2457,4,3,6,7,9,10,11,12,13,15,17,22,23,24,25
2457,5,1,2,3,5,6,11,12,13,14,16,17,19,24,25
2457,6,1,3,4,5,7,9,10,12,16,17,22,23,24,25
2458,1,1,3,4,6,7,11,12,14,18,19,21,22,23,24
2458,2,3,4,5,6,8,12,13,14,15,16,18,20,21,22
2458,3,4,6,7,11,12,14,15,16,17,18,19,20,22,24
2458,4,2,3,4,5,7,8,9,13,14,15,17,23,24,25
2458,5,2,3,5,8,9,10,11,12,13,15,21,22,23,24
2458,6,5,6,7,8,9,11,16,17,18,19,20,21,23,24
2459,1,6,7,9,10,11,12,13,14,15,16,17,19,20,25
2459,2,2,3,7,8,9,11,15,18,20,21,22,23,24,25
2459,3,2,3,5,8,9,13,15,17,18,19,20,21,22,25
2459,4,3,5,6,7,9,11,12,13,15,17,18,19,23,24
2459,5,1,2,4,6,7,8,10,11,17,19,21,22,23,25
2459,6,1,2,4,6,7,12,13,16,17,18,19,21,22,23
2460,1,1,3,4,5,6,10,12,14,18,21,22,23,24,25
2460,2,1,2,3,4,8,11,13,14,16,18,20,21,22,25
2460,3,1,2,5,6,7,8,13,14,15,16,18,20,24,25
2460,4,1,2,5,8,10,11,13,14,16,17,19,20,24,25
2460,5,3,5,6,8,11,12,13,17,18,19,21,22,24,25
2460,6,1,3,5,8,9,11,12,13,14,15,16,17,24,25
2461,1,1,4,6,8,10,12,15,16,17,18,21,23,24,25
2461,2,2,3,6,8,9,10,11,14,15,16,17,21,22,23
2461,3,1,6,7,8,9,12,13,14,15,16,17,19,20,21
2461,4,1,2,3,4,5,9,11,13,14,18,19,20,23,24
2461,5,6,7,8,9,10,13,14,15,16,17,18,19,21,24
2461,6,2,3,4,5,7,8,10,11,12,15,16,18,19,20
2462,1,2,3,4,8,9,10,11,12,19,20,21,23,24,25
2462,2,1,2,3,7,8,11,13,14,15,17,18,20,22,25
2462,3,7,8,11,14,15,16,17,18,19,20,22,23,24,25
2462,4,1,2,3,4,5,7,8,9,11,12,15,19,21,24
2462,5,1,4,5,6,7,11,12,16,17,19,20,21,22,24
2462,6,3,4,6,7,8,9,10,13,15,17,20,21,24,25
2463,1,1,3,4,5,8,10,11,14,15,17,21,22,24,25
2463,2,3,5,8,10,11,13,14,18,19,20,21,22,24,25
2463,3,2,5,6,7,9,10,15,16,19,20,21,22,23,25
2463,4,4,7,10,11,12,13,14,16,17,18,19,20,24,25
2463,5,2,3,4,5,6,8,9,10,12,13,18,21,23,24
2463,6,1,3,4,5,8,9,11,12,15,16,18,19,22,24
2464,1,1,2,7,11,12,14,15,16,18,20,21,23,24,25
2464,2,1,3,4,6,7,11,12,13,14,15,17,18,21,25
2464,3,5,9,10,11,12,13,15,16,17,18,20,21,23,25
2464,4,6,8,10,11,12,13,15,16,17,21,22,23,24,25
2464,5,5,6,7,8,9,10,12,13,14,16,19,23,24,25
2464,6,1,2,4,6,8,9,10,11,13,16,20,21,22,23
2465,1,2,4,5,8,9,11,13,14,16,18,19,20,21,25
2465,2,2,3,4,5,9,12,14,16,17,18,19,21,22,25
2465,3,1,2,3,4,5,6,7,9,13,14,16,17,20,21
2465,4,2,4,5,9,11,12,13,14,15,16,17,18,23,24
2465,5,2,5,7,9,11,13,14,15,16,17,18,20,21,22
2465,6,3,5,7,8,9,10,12,15,16,17,18,20,23,25
2466,1,1,4,5,6,7,8,9,15,17,19,21,23,24,25
2466,2,1,4,6,7,9,12,13,14,17,18,21,22,23,24
2466,3,2,3,5,7,8,9,10,12,15,16,17,18,20,25
2466,4,1,2,3,5,7,9,10,13,14,15,17,19,20,22
2466,5,2,3,6,8,9,10,11,12,13,15,16,19,22,23
2466,6,2,3,4,5,6,8,11,12,14,17,18,19,23,25
2467,1,2,3,4,6,7,10,14,15,16,19,20,23,24,25
2467,2,1,3,4,6,7,8,9,10,11,13,18,19,23,24
2467,3,1,3,4,5,7,11,12,15,16,17,19,23,24,25
2467,4,1,2,5,6,7,8,9,12,14,15,19,20,21,22
2467,5,1,2,4,5,7,8,11,13,14,15,19,20,21,25
2467,6,1,5,6,7,8,9,11,12,16,17,18,20,23,25
2468,1,1,2,4,6,7,8,9,11,14,16,19,21,22,24
2468,2,2,3,5,6,7,12,15,17,18,20,22,23,24,25
2468,3,1,2,4,5,6,9,12,16,17,18,20,22,23,25
2468,4,2,3,5,9,10,11,12,14,16,17,18,22,23,24
2468,5,1,3,4,5,9,10,11,12,16,18,19,21,22,24
2468,6,1,2,7,8,13,14,15,16,17,18,19,20,22,23
2469,1,1,5,6,7,8,10,12,14,15,16,17,18,22,24
2469,2,2,3,6,7,9,10,11,14,15,16,17,19,24,25
2469,3,1,2,5,7,9,10,11,12,14,16,19,21,23,25
2469,4,1,2,3,5,7,9,11,15,16,18,20,21,22,25
2469,5,1,2,3,7,8,9,10,11,12,17,20,21,22,25
2469,6,1,3,4,5,7,11,14,15,16,17,18,21,23,25
2470,1,1,3,4,6,7,8,9,10,11,12,18,20,23,25
2470,2,2,4,8,9,10,11,16,18,19,20,21,22,23,25
2470,3,2,4,5,8,10,11,12,13,16,17,19,22,23,25
2470,4,2,3,5,6,7,10,11,14,15,17,18,19,20,25
2470,5,2,3,4,5,6,7,10,11,12,17,21,22,23,24
2470,6,1,4,5,6,7,10,11,14,15,17,19,21,22,24
2471,1,1,7,8,9,10,12,14,15,16,17,20,21,22,25
2471,2,5,6,7,10,11,14,15,16,18,19,20,21,24,25
2471,3,1,2,3,4,6,7,8,9,12,15,17,21,23,24
2471,4,1,2,5,8,11,13,16,17,18,19,22,23,24,25
2471,5,3,5,6,9,10,11,15,16,19,20,21,22,24,25
2471,6,3,4,5,7,9,10,13,14,15,17,19,23,24,25
2472,1,2,3,4,5,10,11,13,14,20,21,22,23,24,25
2472,2,1,2,3,6,8,11,12,14,15,17,18,19,23,25
2472,3,1,3,5,6,7,10,12,14,15,18,21,22,24,25
2472,4,2,3,5,9,11,12,13,14,16,18,19,20,21,22
2472,5,1,4,6,7,8,10,13,14,15,21,22,23,24,25
2472,6,2,7,8,9,11,13,14,15,16,17,18,21,23,25
2473,1,1,3,4,5,6,8,9,13,16,18,20,22,23,25
2473,2,1,2,5,7,13,14,16,17,19,21,22,23,24,25
2473,3,1,2,5,6,8,9,10,12,13,15,16,19,24,25
2473,4,1,2,3,8,13,14,15,16,17,19,22,23,24,25
2473,5,4,5,7,8,9,10,11,12,14,16,17,20,21,25
2473,6,1,2,4,6,9,10,11,12,13,18,19,20,22,25
2474,1,1,3,5,7,8,9,11,12,15,16,17,19,20,24
2474,2,1,3,4,6,10,11,12,13,14,16,21,22,23,25
2474,3,2,3,5,7,8,9,10,11,13,15,16,21,22,23
2474,4,1,2,3,4,5,6,12,14,15,19,20,21,24,25
2474,5,6,7,9,10,12,13,16,17,18,19,20,22,23,24
2474,6,1,4,7,9,11,13,16,17,18,19,20,22,24,25
2475,1,1,2,4,7,8,9,11,12,16,17,19,20,22,24
2475,2,2,3,4,7,8,9,10,12,15,17,18,20,23,25
2475,3,4,6,12,13,14,15,17,18,20,21,22,23,24,25
2475,4,1,2,6,7,8,9,11,12,13,16,21,22,24,25
2475,5,3,6,7,8,10,11,12,13,15,16,18,22,23,25
2475,6,3,4,8,10,12,13,15,17,18,19,20,21,23,24
2476,1,1,2,3,4,7,8,9,10,13,14,15,16,22,23
2476,2,2,4,5,6,9,10,11,13,14,16,17,18,23,25
2476,3,1,2,3,5,6,8,11,12,14,17,18,22,23,25
2476,4,1,3,4,6,8,9,11,13,14,18,19,20,21,23
2476,5,2,3,6,7,9,10,12,14,15,16,17,19,22,23
2476,6,2,5,7,9,11,12,14,15,17,18,20,22,24,25
2477,1,4,5,6,7,9,11,12,14,15,19,21,23,24,25
2477,2,1,3,4,5,6,11,16,17,18,20,21,22,24,25
2477,3,1,2,3,4,7,8,9,11,14,18,19,20,21,22
2477,4,1,2,5,7,8,9,11,12,14,17,18,19,20,21
2477,5,2,5,8,9,10,12,13,16,17,18,19,20,23,24
2477,6,1,3,4,6,7,8,9,10,11,14,15,16,17,25
2478,1,4,5,6,8,9,11,14,15,16,19,20,21,23,25
2478,2,1,2,3,6,8,9,15,16,18,19,20,21,22,23
2478,3,1,2,6,7,8,9,12,13,14,17,18,19,22,24
2478,4,4,5,8,9,11,13,15,17,18,20,21,22,24,25
2478,5,1,2,3,4,7,8,14,16,19,21,22,23,24,25
2478,6,1,4,7,10,11,12,14,16,17,20,21,23,24,25
2479,1,1,2,3,5,6,8,9,10,16,18,20,22,24,25
2479,2,1,2,4,5,6,10,15,16,17,20,21,22,23,24
2479,3,2,3,6,7,8,9,11,14,15,16,18,19,23,25
2479,4,2,3,6,7,8,11,13,15,16,18,19,21,22,23
2479,5,2,3,4,5,8,11,12,14,15,16,18,20,22,23
2479,6,2,4,5,6,7,14,15,16,17,20,21,22,23,25
2480,1,2,3,4,5,6,7,8,9,10,12,14,15,20,25
2480,2,2,3,4,5,7,8,9,14,15,17,18,20,21,25
2480,3,1,2,4,5,8,9,10,11,12,15,16,18,24,25
2480,4,1,3,4,5,6,7,9,11,12,14,15,20,21,22
2480,5,1,3,4,5,6,7,10,11,14,15,18,20,21,25
2480,6,1,2,3,4,6,7,8,9,10,12,17,21,22,24
2481,1,3,4,5,6,7,8,9,10,12,15,19,20,23,24
2481,2,2,3,4,5,6,8,9,10,13,15,17,21,23,24
2481,3,1,3,6,8,9,10,11,15,18,19,21,22,23,24
2481,4,3,4,5,6,9,10,11,12,14,17,18,20,21,25
2481,5,6,7,8,10,11,12,13,15,17,19,22,23,24,25
2481,6,1,2,5,6,7,8,9,10,13,16,20,21,24,25
2482,1,1,3,4,5,8,9,12,13,15,19,20,22,23,25
2482,2,1,3,7,8,11,15,17,18,19,20,21,23,24,25
2482,3,1,4,5,6,8,10,11,12,13,18,20,21,23,24
2482,4,1,2,3,4,5,6,11,14,15,17,19,20,21,23
2482,5,1,2,3,5,6,7,8,14,17,18,19,21,22,23
2482,6,1,3,5,7,9,10,11,13,14,16,17,18,19,24
2483,1,2,3,4,5,6,9,11,12,15,17,18,19,21,23
2483,2,1,2,3,7,9,10,11,12,13,14,17,20,22,23
2483,3,1,4,5,6,7,9,10,11,14,16,19,20,22,23
2483,4,2,4,6,8,9,10,12,14,15,16,17,21,22,24
2483,5,1,3,4,6,7,8,15,16,17,18,20,21,22,23
2483,6,1,2,5,7,9,10,11,13,16,20,21,22,23,25
2484,1,1,3,4,5,7,11,12,13,14,15,16,18,19,25
2484,2,1,2,6,9,10,11,12,13,15,16,18,22,23,25
2484,3,1,4,6,7,8,10,11,14,16,19,21,23,24,25
2484,4,2,3,6,7,8,9,10,11,12,13,15,18,20,21
2484,5,4,5,7,9,10,12,13,14,15,17,18,22,24,25
2484,6,1,2,3,5,6,9,11,13,15,16,18,20,22,24
2485,1,1,3,6,7,11,12,15,17,19,20,21,22,24,25
2485,2,1,3,5,6,9,12,13,14,15,16,17,23,24,25
2485,3,1,3,4,5,6,9,10,14,15,17,18,19,20,22
2485,4,3,4,5,6,8,12,13,14,15,17,18,20,22,25
2485,5,1,3,4,6,9,12,15,16,19,20,21,22,24,25
2485,6,1,2,5,6,7,8,10,11,12,13,14,17,23,25
2486,1,3,6,7,8,10,11,12,17,18,19,20,21,24,25
2486,2,1,2,4,6,9,11,13,14,16,19,20,22,23,25
2486,3,1,2,3,7,10,11,14,16,17,19,21,22,23,24
2486,4,1,2,4,7,8,9,11,13,16,18,19,20,21,25
2486,5,3,4,5,6,8,10,11,12,20,21,22,23,24,25
2486,6,2,3,5,6,8,9,14,16,17,18,20,23,24,25
2487,1,1,4,6,9,10,11,13,15,16,19,20,21,22,24
2487,2,2,3,4,5,9,12,13,15,17,19,21,22,24,25
2487,3,2,3,4,5,6,11,14,15,16,20,22,23,24,25
2487,4,2,4,6,8,9,10,11,15,16,18,22,23,24,25
2487,5,3,4,6,8,9,10,11,12,14,17,19,20,21,25
2487,6,2,3,5,6,11,12,14,17,19,20,22,23,24,25
2488,1,2,3,5,7,9,10,13,14,15,16,17,19,21,25
2488,2,1,3,4,5,6,7,10,16,17,19,21,23,24,25
2488,3,1,2,5,13,14,15,17,19,20,21,22,23,24,25
2488,4,2,3,4,5,6,7,10,11,12,13,15,16,21,25
2488,5,1,2,3,4,7,10,14,15,17,18,19,22,24,25
2488,6,2,4,5,11,12,13,14,16,17,18,20,21,22,24
2489,1,1,3,4,5,6,7,8,9,10,14,19,20,23,25
2489,2,1,4,5,8,9,10,11,12,13,16,17,22,23,24
2489,3,2,5,6,7,8,9,10,11,15,19,21,22,23,25
2489,4,4,5,6,7,8,9,10,11,15,16,18,19,20,22
2489,5,1,3,8,9,11,13,14,15,17,18,20,21,22,23
2489,6,2,4,6,9,13,14,15,16,18,19,20,22,23,24
2490,1,1,2,4,6,10,12,13,16,17,19,21,22,24,25
2490,2,1,2,3,4,5,11,15,17,18,19,20,21,24,25
2490,3,4,8,9,11,13,14,16,17,18,19,20,21,23,24
2490,4,1,2,4,5,7,9,11,12,13,17,18,21,23,25
2490,5,2,5,6,7,8,9,10,12,14,15,16,21,22,24
2490,6,3,5,8,10,11,16,17,19,20,21,22,23,24,25
2491,1,1,3,4,8,9,13,15,18,19,20,21,22,24,25
2491,2,2,3,7,8,10,11,14,17,20,21,22,23,24,25
2491,3,1,4,5,10,13,14,17,18,19,20,21,22,24,25
2491,4,2,3,4,5,6,7,11,12,13,16,18,19,21,22
2491,5,1,2,3,4,5,8,9,12,13,14,16,17,22,23
2491,6,1,4,5,7,8,9,13,16,17,18,20,21,22,23
2492,1,2,3,5,6,9,11,13,16,17,19,21,22,23,25
2492,2,1,2,3,5,7,8,13,14,16,18,19,23,24,25
2492,3,2,4,7,10,12,13,15,16,17,18,19,22,23,25
2492,4,1,2,4,5,10,11,12,13,14,18,22,23,24,25
2492,5,1,4,7,9,10,11,12,13,14,15,16,17,19,20
2492,6,2,4,6,9,10,12,13,16,17,18,20,22,23,25
2493,1,1,2,4,5,6,7,9,10,11,13,14,16,17,20
2493,2,2,8,10,11,12,13,15,17,18,19,20,21,22,23
2493,3,1,3,5,6,8,9,10,12,16,17,18,20,21,24
2493,4,3,5,8,10,11,13,14,15,18,19,20,21,23,24
2493,5,2,4,5,6,10,11,12,13,14,15,17,18,22,23
2493,6,4,5,7,9,10,11,12,13,14,16,18,19,24,25
2494,1,1,2,3,5,7,9,15,17,19,20,21,23,24,25
2494,2,2,3,5,10,12,13,14,18,19,20,21,22,23,25
2494,3,4,5,7,8,10,11,12,13,15,16,17,20,22,23
2494,4,1,6,7,10,11,14,15,16,17,18,19,21,23,24
2494,5,3,4,5,6,7,8,9,11,14,18,19,22,24,25
2494,6,1,2,8,10,11,13,15,16,17,20,21,22,24,25
2495,1,1,2,3,7,8,10,12,14,16,20,21,23,24,25
2495,2,1,6,7,8,9,11,15,16,17,18,22,23,24,25
2495,3,1,2,4,6,7,9,10,11,14,15,18,19,20,23
2495,4,1,2,3,4,9,12,13,14,16,17,18,21,22,25
2495,5,2,3,4,6,7,9,12,16,18,19,20,21,24,25
2495,6,1,2,4,6,8,12,14,15,16,19,21,22,23,24
2496,1,1,3,4,8,9,10,12,14,16,18,21,23,24,25
2496,2,1,2,3,5,6,7,10,12,14,15,16,19,21,24
2496,3,1,3,5,8,10,12,15,16,17,19,20,22,23,25
2496,4,2,4,5,6,8,9,10,11,14,17,18,19,21,25
2496,5,1,5,6,7,8,11,13,14,15,16,17,19,23,24
2496,6,2,4,6,9,10,13,15,17,18,19,20,21,23,24
2497,1,1,6,9,12,13,15,16,17,18,19,20,21,23,24
2497,2,4,6,9,10,11,12,13,14,16,18,19,20,22,23
2497,3,1,2,4,5,6,9,12,16,17,19,20,23,24,25
2497,4,1,4,7,8,9,10,11,16,17,18,20,21,23,25
2497,5,4,6,7,8,10,11,12,14,15,19,21,22,23,25
2497,6,2,3,5,7,9,12,13,14,15,18,19,20,21,22
2498,1,1,3,6,9,10,11,12,13,16,17,21,22,23,25
2498,2,1,4,5,6,8,9,12,13,14,16,17,18,21,22
2498,3,1,2,3,9,10,11,14,16,18,20,21,22,24,25
2498,4,3,5,7,8,9,10,12,13,14,15,19,21,22,25
2498,5,1,3,5,6,7,8,9,13,14,15,18,21,23,25
2498,6,3,4,5,8,9,10,11,12,13,18,19,20,22,23
2499,1,1,3,4,5,6,7,10,13,17,18,19,21,23,25
2499,2,3,4,7,8,10,11,12,15,17,18,20,21,23,24
2499,3,2,6,7,10,11,12,13,15,16,17,19,20,23,25
2499,4,3,4,6,7,11,12,14,15,16,17,18,23,24,25
2499,5,1,2,4,5,7,10,11,12,14,16,18,19,21,22
2499,6,2,3,5,11,12,13,14,16,17,19,20,21,23,25
2500,1,1,2,4,7,8,9,13,14,15,18,22,23,24,25
2500,2,3,5,6,10,11,13,14,16,17,18,19,20,21,24
2500,3,3,5,6,7,9,10,11,12,13,15,16,19,23,24
2500,4,2,3,4,5,8,9,14,15,17,18,19,21,22,25
2500,5,3,4,9,10,12,15,16,17,18,19,20,21,22,24
2500,6,1,3,4,6,7,8,12,13,14,18,19,22,23,24
2501,1,1,4,5,9,10,11,12,15,19,20,21,23,24,25
2501,2,1,2,4,5,6,7,8,9,11,14,19,22,23,25
2501,3,6,7,8,10,11,12,15,16,18,20,22,23,24,25
2501,4,1,4,7,9,10,11,12,14,17,18,19,20,22,25
2501,5,2,4,5,6,10,13,16,17,20,21,22,23,24,25
2501,6,2,3,8,9,10,11,15,16,18,19,20,21,24,25
2502,1,2,4,5,7,8,10,11,12,17,18,20,21,22,23
2502,2,3,5,6,7,8,9,11,12,15,18,20,21,23,25
2502,3,1,2,4,5,7,8,9,12,13,14,17,18,21,23
2502,4,2,5,8,9,10,11,12,13,14,15,17,20,22,24
2502,5,1,2,3,4,5,8,10,11,12,17,19,21,23,24
2502,6,1,7,9,11,12,13,14,15,17,19,20,21,22,24
2503,1,1,4,5,7,10,12,14,15,17,18,19,21,23,24
2503,2,2,4,5,7,9,10,11,14,16,18,19,22,23,25
2503,3,4,5,8,11,12,13,14,16,17,18,19,20,22,24
2503,4,2,4,6,9,11,13,14,16,18,19,20,21,24,25
2503,5,1,2,7,8,9,10,11,12,13,17,20,21,22,23
2503,6,1,2,3,4,6,11,13,16,17,19,20,23,24,25
2504,1,2,3,4,7,10,12,13,15,17,18,19,22,23,24
2504,2,5,6,7,8,9,12,13,15,16,17,18,20,23,25
2504,3,1,2,4,7,8,10,11,13,16,18,21,22,24,25
2504,4,1,2,3,4,5,7,10,11,12,15,19,21,22,23
2504,5,1,3,4,5,6,9,10,12,13,17,19,20,23,25
2504,6,2,5,7,8,11,12,13,15,16,17,18,21,23,24
2505,1,1,2,3,6,8,11,12,13,16,17,18,21,22,23
2505,2,1,3,5,7,8,9,11,13,15,16,17,19,21,22
2505,3,1,3,5,7,8,9,11,12,13,20,21,22,24,25
2505,4,1,3,4,5,6,7,8,10,12,21,22,23,24,25
2505,5,1,2,4,6,10,11,13,14,16,18,20,21,22,25
2505,6,3,4,5,8,9,10,12,14,16,18,19,21,22,25
2506,1,2,3,6,8,11,12,13,14,16,17,20,21,23,24
2506,2,4,5,6,7,8,10,11,13,16,17,19,20,22,24
2506,3,2,5,6,8,9,11,13,16,17,18,20,22,23,25
2506,4,3,4,6,7,8,9,11,12,13,16,19,22,24,25
2506,5,5,6,9,10,14,15,16,17,19,20,21,22,23,25
2506,6,2,3,4,5,6,8,9,11,13,15,17,18,19,21
2507,1,5,6,8,9,11,12,14,16,17,19,20,22,24,25
2507,2,1,3,6,7,8,10,11,13,15,18,19,20,24,25
2507,3,2,5,6,8,9,10,11,15,18,20,21,22,23,25
2507,4,1,2,5,6,7,8,13,14,15,18,21,23,24,25
2507,5,1,2,4,5,7,12,13,14,15,16,18,19,20,21
2507,6,2,4,5,7,9,10,11,16,18,19,20,21,23,25
2508,1,1,6,7,8,10,15,16,17,18,19,22,23,24,25
2508,2,2,3,4,6,8,9,11,12,14,15,22,23,24,25
2508,3,2,3,10,11,12,13,14,15,17,18,20,21,22,23
2508,4,1,2,3,5,6,9,14,15,17,18,21,22,23,24
2508,5,2,3,4,5,8,12,13,14,16,18,19,20,22,25
2508,6,1,4,6,7,9,14,15,16,17,19,20,23,24,25
2509,1,1,2,4,5,6,11,13,14,15,16,17,18,21,25
2509,2,6,8,9,10,14,15,16,17,18,19,20,21,22,24
2509,3,1,4,6,7,9,10,11,12,13,17,18,19,21,25
2509,4,1,2,5,8,9,10,13,14,15,16,17,20,21,22
2509,5,1,3,4,5,6,8,13,16,17,19,20,21,23,24
2509,6,3,4,5,10,11,12,14,17,18,19,20,21,23,24
2510,1,1,2,4,5,8,9,11,15,16,17,19,21,23,25
2510,2,2,9,10,11,12,15,18,19,20,21,22,23,24,25
2510,3,3,4,5,7,9,10,11,13,16,17,18,19,21,25
2510,4,2,4,5,8,10,11,14,15,18,19,20,22,24,25
2510,5,1,2,5,6,7,8,10,12,13,14,15,20,21,25
2510,6,1,2,4,5,7,8,11,13,17,19,21,23,24,25
2511,1,1,3,4,5,6,8,9,10,11,13,15,19,22,25
2511,2,5,6,8,10,11,12,14,15,17,18,19,21,22,23
2511,3,1,2,3,6,9,12,15,16,17,18,21,23,24,25
2511,4,1,2,5,7,8,9,11,12,13,17,19,20,22,24
2511,5,1,3,5,9,10,11,13,14,15,16,18,20,21,22
2511,6,2,5,6,7,8,9,10,12,14,15,16,17,19,24
2512,1,1,4,7,9,12,14,17,18,19,20,22,23,24,25
2512,2,2,3,4,5,6,7,14,16,18,20,21,22,24,25
2512,3,1,5,6,7,8,9,10,11,16,19,20,23,24,25
2512,4,2,5,6,7,8,9,10,11,16,18,20,21,24,25
2512,5,1,2,3,4,7,9,12,13,14,16,19,21,24,25
2512,6,1,4,5,6,10,11,12,13,15,16,19,22,23,25
2513,1,1,2,3,4,9,12,13,14,18,19,20,21,24,25
2513,2,2,3,4,6,10,11,13,18,19,20,21,22,23,25
2513,3,1,3,4,7,8,9,12,17,18,21,22,23,24,25
2513,4,1,3,5,6,7,8,9,13,14,16,21,22,23,24
2513,5,2,3,5,8,10,11,12,15,16,17,19,20,22,24
2513,6,2,3,5,8,9,10,13,15,16,19,20,21,22,24
2514,1,2,4,6,9,10,11,13,16,17,18,19,20,21,24
2514,2,1,2,4,6,8,9,10,12,16,17,18,22,23,25
2514,3,1,3,4,5,8,9,10,12,14,16,18,19,21,23
2514,4,1,2,3,4,7,8,11,12,13,16,20,21,22,24
2514,5,3,6,7,8,9,10,11,12,16,17,18,19,23,25
2514,6,2,7,8,11,12,14,15,16,19,20,22,23,24,25
2515,1,1,2,4,7,9,11,12,14,16,17,18,23,24,25
2515,2,3,6,7,9,10,11,14,15,18,19,20,22,23,25
2515,3,1,6,7,8,9,10,11,13,14,17,19,20,21,24
2515,4,3,5,7,10,11,12,13,14,15,17,18,20,22,24
2515,5,3,4,8,10,11,12,13,14,15,16,17,20,23,25
2515,6,2,3,4,6,8,9,11,13,14,15,16,20,22,24
2516,1,1,2,4,5,6,7,10,11,12,13,15,17,20,25
2516,2,2,3,5,7,8,9,14,16,18,19,20,21,22,23
2516,3,1,2,7,8,11,12,13,14,15,16,17,20,23,24
2516,4,1,2,3,5,6,7,8,10,13,14,18,20,21,24
2516,5,2,4,6,7,11,13,14,16,17,18,21,22,24,25
2516,6,2,3,4,5,7,8,9,11,12,13,14,19,22,23
2517,1,3,9,10,11,12,13,14,16,18,20,21,22,24,25
2517,2,1,2,3,11,12,14,15,16,17,18,19,20,23,24
2517,3,1,3,6,9,11,12,16,17,19,20,22,23,24,25
2517,4,1,2,6,8,9,11,13,15,16,18,21,23,24,25
2517,5,2,5,7,8,9,11,12,14,16,21,22,23,24,25
2517,6,2,4,6,7,8,14,15,16,17,18,19,20,22,23
2518,1,1,4,5,7,8,9,11,12,14,17,20,23,24,25
2518,2,1,2,4,5,6,8,9,12,13,15,19,20,24,25
2518,3,2,4,5,7,8,9,11,13,14,17,18,21,22,25
2518,4,2,3,5,6,7,8,10,11,13,16,17,19,22,25
2518,5,1,2,3,4,6,8,9,12,14,18,20,22,23,24
2518,6,3,6,8,10,12,13,16,17,18,19,20,23,24,25
2519,1,1,2,4,5,7,8,9,10,11,12,14,18,21,24
2519,2,1,2,3,4,5,6,7,8,11,13,22,23,24,25
2519,3,1,2,3,4,5,6,8,14,15,17,18,19,22,23
2519,4,3,4,5,6,8,11,13,14,16,20,21,22,24,25
2519,5,1,5,7,8,10,11,12,13,16,18,19,21,22,25
2519,6,1,2,3,5,6,8,10,12,13,14,15,20,23,25
2520,1,2,5,6,7,8,9,10,12,13,14,15,17,18,20
2520,2,1,3,4,5,7,9,10,15,17,18,19,20,23,25
2520,3,1,3,4,7,8,9,10,14,15,18,19,22,23,25
2520,4,1,5,7,9,10,12,13,14,16,17,19,22,23,24
2520,5,1,3,5,9,12,13,14,15,16,17,20,23,24,25
2520,6,1,3,5,8,9,12,13,15,16,18,20,21,24,25
2521,1,1,2,3,4,5,6,7,8,11,16,18,21,24,25
2521,2,1,2,4,5,6,7,9,13,14,15,17,18,22,24
2521,3,2,6,8,11,12,13,16,17,19,20,21,22,23,25
2521,4,1,3,5,6,9,11,12,16,17,21,22,23,24,25
2521,5,1,2,6,8,10,11,13,14,15,16,18,20,22,23
2521,6,3,4,5,6,7,9,12,13,15,16,17,19,21,23
2522,1,3,5,6,8,9,12,13,14,16,19,21,23,24,25
2522,2,2,4,5,6,8,9,10,13,14,15,16,17,21,25
2522,3,1,3,4,6,8,12,13,15,16,17,20,21,23,24
2522,4,3,5,6,8,10,12,14,15,17,19,20,22,23,24
2522,5,2,3,4,6,7,8,10,12,16,19,22,23,24,25
2522,6,1,3,6,7,8,9,10,12,13,15,16,17,18,22
2523,1,1,2,7,8,10,11,13,14,15,17,21,22,23,25
2523,2,2,3,8,9,11,14,16,17,18,20,22,23,24,25
2523,3,2,6,7,8,10,11,12,13,15,18,19,21,22,25
2523,4,1,2,4,7,9,10,12,14,19,20,21,22,23,24
2523,5,1,5,6,7,10,12,13,15,16,18,19,20,22,25
2523,6,1,2,4,9,11,13,15,16,18,20,21,22,23,25
2524,1,2,5,7,9,11,13,15,16,17,18,19,20,22,23
2524,2,1,5,7,9,11,12,15,16,18,19,21,23,24,25
2524,3,2,3,6,9,10,11,12,15,17,18,22,23,24,25
2524,4,1,2,3,4,5,6,7,8,9,14,20,21,22,25
2524,5,1,3,7,8,11,12,14,15,18,19,20,21,22,25
2524,6,1,2,4,6,7,10,12,13,15,18,19,21,23,25
2525,1,2,3,5,6,7,9,10,11,12,13,15,18,19,23
2525,2,1,2,3,4,5,6,9,10,12,13,18,20,22,23
2525,3,2,4,5,7,12,14,15,16,17,18,20,21,22,23
2525,4,3,4,5,7,9,10,12,13,15,17,20,21,24,25
2525,5,5,8,9,10,11,14,15,16,17,19,21,23,24,25
2525,6,2,3,10,11,12,13,14,15,18,19,20,21,24,25
2526,1,2,4,5,7,9,11,12,16,17,19,20,21,23,25
2526,2,1,3,4,6,8,9,11,14,16,17,19,22,24,25
2526,3,1,2,3,5,7,9,11,14,16,18,19,21,24,25
2526,4,2,5,7,9,11,12,13,15,16,18,19,20,21,25
2526,5,1,5,6,9,11,12,13,14,15,16,19,20,21,25
2526,6,1,4,5,10,11,12,14,15,16,20,21,22,24,25
2527,1,1,2,7,8,9,10,11,12,15,17,18,20,23,25
2527,2,2,5,6,8,9,11,12,13,14,16,17,22,23,25
2527,3,3,5,8,9,10,11,13,14,15,16,19,21,24,25
2527,4,4,5,6,7,8,9,10,11,12,13,17,18,20,24
2527,5,1,3,6,9,10,11,13,14,15,17,18,22,24,25
2527,6,2,3,4,5,8,9,10,11,15,19,20,22,23,24
2528,1,2,3,5,7,9,10,11,16,17,18,21,22,24,25
2528,2,2,5,7,8,10,12,14,15,17,18,19,20,21,23
2528,3,3,4,5,7,8,10,14,15,16,17,18,19,22,23
2528,4,3,4,5,7,8,9,12,13,16,17,19,20,22,25
2528,5,1,2,6,7,8,11,13,14,15,16,19,22,24,25
2528,6,1,3,6,8,9,12,15,16,17,19,20,22,23,24
2529,1,3,7,8,9,10,11,15,16,17,18,19,22,24,25
2529,2,1,2,3,4,5,7,9,11,13,14,18,20,24,25
2529,3,1,2,4,7,9,10,12,13,14,16,21,22,24,25
2529,4,1,2,3,4,9,13,14,16,17,18,21,22,24,25
2529,5,4,7,9,10,11,12,13,14,18,19,20,21,22,24
2529,6,2,4,7,9,11,13,15,16,18,19,20,21,22,23
2530,1,2,3,6,7,8,10,12,13,15,18,19,20,22,23
2530,2,2,3,4,5,8,10,11,14,15,16,17,20,21,24
2530,3,1,2,5,9,12,13,14,15,17,19,21,23,24,25
2530,4,2,3,4,8,10,12,14,15,16,18,19,20,24,25
2530,5,4,7,8,9,11,12,13,15,16,17,19,21,22,25
2530,6,4,5,7,8,9,10,11,13,14,15,16,18,20,25
2531,1,1,4,5,8,10,12,13,15,17,19,20,21,22,24
2531,2,2,4,6,8,11,12,13,15,16,18,20,21,23,24
2531,3,3,4,6,7,8,13,15,16,17,21,22,23,24,25
2531,4,1,2,3,9,11,14,15,16,17,19,20,21,22,24
2531,5,2,3,4,5,7,11,13,15,18,19,22,23,24,25
2531,6,1,3,4,5,11,13,15,18,19,20,21,22,24,25
2532,1,2,4,5,7,8,9,10,12,15,16,20,21,24,25
2532,2,1,2,3,6,9,10,12,13,15,19,20,21,23,24
2532,3,1,2,3,4,7,8,9,10,12,16,17,18,21,25
2532,4,1,2,3,5,9,10,11,12,13,14,20,21,24,25
2532,5,1,2,4,5,6,9,11,14,15,16,19,20,21,23
2532,6,2,3,4,5,6,9,10,11,15,17,20,21,23,24
2533,1,1,3,6,9,11,13,15,16,17,19,20,22,24,25
2533,2,1,3,4,5,13,14,15,16,17,18,19,20,22,24
2533,3,3,4,6,7,8,10,12,15,16,17,18,19,20,25
2533,4,1,2,3,7,10,11,15,17,19,21,22,23,24,25
2533,5,1,3,4,7,9,10,11,12,14,18,21,22,23,24
2533,6,3,4,5,7,8,10,12,16,17,18,19,20,23,25
2534,1,4,5,6,7,8,10,11,13,16,17,18,21,23,24
2534,2,1,5,6,7,8,13,14,15,17,18,20,21,23,24
2534,3,2,3,4,11,12,13,14,15,16,17,18,19,20,24
2534,4,1,2,5,6,7,10,11,13,16,19,22,23,24,25
2534,5,2,3,4,5,7,11,12,14,17,19,21,22,23,24
2534,6,1,2,5,9,10,14,15,16,19,20,21,22,23,24
2535,1,2,4,6,7,8,11,12,15,16,17,18,20,21,23
2535,2,5,10,11,12,15,16,17,18,19,20,21,22,24,25
2535,3,1,2,3,4,6,7,8,9,10,11,12,16,20,21
2535,4,1,2,5,6,8,10,11,15,18,19,20,22,23,25
2535,5,2,4,5,6,10,11,15,16,17,20,21,23,24,25
2535,6,2,3,5,9,10,12,13,14,15,16,17,22,24,25
2536,1,1,6,7,10,11,13,15,16,17,18,21,22,23,24
2536,2,1,3,5,9,10,12,13,14,16,17,20,21,23,25
2536,3,3,5,6,7,9,10,11,12,14,20,21,23,24,25
2536,4,3,4,5,7,9,12,15,16,17,18,19,20,24,25
2536,5,1,2,4,5,9,11,14,16,17,18,19,21,22,25
2536,6,1,7,9,10,11,12,13,14,15,16,20,21,23,25
2537,1,1,2,4,5,7,8,9,13,14,17,21,22,24,25
2537,2,4,5,6,7,9,11,15,17,18,20,22,23,24,25
2537,3,1,4,5,10,11,12,13,14,15,17,19,20,24,25
2537,4,2,4,7,10,12,13,14,15,17,18,19,21,24,25
2537,5,3,4,5,8,9,10,14,15,16,17,18,19,23,24
2537,6,2,4,6,7,8,9,11,12,14,15,16,20,22,25
2538,1,1,6,7,8,10,11,12,14,15,16,19,22,24,25
2538,2,1,3,4,5,6,7,8,10,12,15,17,20,21,23
2538,3,1,2,4,6,7,9,10,11,12,13,18,21,22,24
2538,4,3,4,6,10,11,12,13,14,16,17,18,19,20,23
2538,5,1,2,4,5,7,10,13,14,17,18,19,20,24,25
2538,6,1,4,8,10,11,12,15,16,19,20,21,22,24,25
2539,1,1,2,4,5,7,8,11,13,16,19,20,23,24,25
2539,2,1,3,5,9,10,11,14,15,16,17,21,22,23,25
2539,3,1,2,7,8,9,11,12,13,14,15,18,22,24,25
2539,4,1,2,5,6,7,9,10,11,13,14,18,20,22,24
2539,5,2,5,6,10,11,12,14,15,16,18,20,22,23,25
2539,6,1,3,4,5,6,7,8,9,10,13,16,20,22,23
2540,1,1,2,4,6,7,8,9,10,12,14,21,22,24,25
2540,2,1,2,6,7,9,11,13,14,17,18,19,20,22,23
2540,3,1,2,3,5,6,7,10,11,16,17,21,23,24,25
2540,4,1,2,4,6,9,10,12,13,16,17,19,20,23,25
2540,5,1,2,3,5,9,10,13,18,19,20,22,23,24,25
2540,6,1,2,6,7,11,12,13,14,15,17,18,20,21,25
2541,1,1,2,3,4,7,8,9,11,13,18,19,21,23,24
2541,2,1,2,3,8,10,11,12,14,17,18,20,22,24,25
2541,3,1,3,4,8,9,11,12,14,15,16,17,19,24,25
2541,4,1,2,4,5,9,10,12,15,17,20,21,22,24,25
2541,5,1,2,6,9,11,12,13,14,16,19,20,21,23,25
2541,6,2,3,4,7,8,11,12,16,17,19,21,22,24,25
2542,1,2,3,5,6,8,11,15,16,17,18,19,22,23,24
2542,2,1,2,3,5,6,7,10,11,13,16,18,21,22,23
2542,3,1,2,3,4,6,9,10,11,15,16,19,20,22,25
2542,4,1,3,5,6,11,12,15,16,18,19,21,23,24,25
2542,5,1,4,6,7,9,11,12,13,17,18,21,23,24,25
2542,6,1,2,4,5,7,8,9,12,13,15,16,17,18,19
2543,1,5,7,9,10,12,13,16,17,18,19,20,21,23,24
2543,2,1,2,4,5,7,10,11,13,16,18,19,21,22,23
2543,3,1,6,7,8,10,15,16,17,19,20,21,22,23,25
2543,4,2,5,7,9,11,12,13,14,15,16,19,21,22,24
2543,5,1,2,3,4,6,8,9,12,14,16,18,19,22,25
2543,6,1,2,3,5,7,8,10,11,13,18,19,21,22,25
2544,1,4,5,7,9,11,12,13,15,16,17,20,21,24,25
2544,2,1,5,7,9,12,13,14,16,17,18,19,20,23,24
2544,3,3,5,6,7,8,10,11,13,18,19,20,22,23,25
2544,4,2,4,10,12,13,15,16,18,19,20,22,23,24,25
2544,5,1,2,3,4,5,9,11,12,15,18,20,21,23,24
2544,6,1,4,6,7,11,12,15,16,18,21,22,23,24,25
2545,1,3,4,5,7,8,9,10,11,16,18,19,23,24,25
2545,2,2,4,7,9,10,11,12,14,15,17,18,21,22,24
2545,3,2,5,6,7,9,10,11,14,15,19,20,21,22,24
2545,4,3,5,7,8,10,12,13,14,18,19,20,21,22,23
2545,5,3,4,5,6,7,8,11,12,13,14,15,17,22,24
2545,6,4,5,7,9,10,11,12,14,17,19,21,22,23,24
2546,1,1,2,3,4,8,10,13,14,16,17,18,22,23,24
2546,2,2,4,6,8,9,13,14,15,19,20,21,22,23,24
2546,3,1,3,5,6,10,13,16,18,19,20,21,22,24,25
2546,4,2,4,6,7,10,12,15,18,20,21,22,23,24,25
2546,5,1,3,4,5,6,7,10,11,12,13,14,16,18,20
2546,6,5,6,7,8,9,12,13,15,16,19,21,23,24,25
2547,1,1,2,3,4,5,7,8,9,12,14,18,19,22,25
2547,2,2,3,7,8,9,10,11,12,13,16,18,20,23,25
2547,3,2,3,5,7,9,10,11,15,18,19,20,23,24,25
2547,4,1,2,4,5,6,13,14,17,18,21,22,23,24,25
2547,5,3,4,6,7,8,9,10,13,14,16,18,19,20,25
2547,6,1,2,3,4,7,8,12,13,14,18,22,23,24,25
2548,1,2,3,5,6,7,9,10,11,13,16,17,20,21,23
2548,2,1,2,5,6,9,11,13,14,15,16,17,21,23,24
2548,3,1,3,5,7,9,11,12,13,14,18,19,20,22,24
2548,4,2,4,5,6,7,8,9,15,16,17,18,22,23,25
2548,5,1,2,3,4,6,7,11,13,14,16,18,20,23,25
2548,6,1,4,5,6,8,10,11,12,13,14,15,19,22,24
2549,1,1,3,4,5,7,8,9,11,14,15,17,20,23,25
2549,2,1,2,3,5,6,8,10,12,13,14,15,19,21,24
2549,3,1,3,4,5,6,7,8,9,11,12,14,18,22,25
2549,4,2,3,4,6,7,8,11,13,14,16,19,21,23,25
2549,5,3,4,8,9,10,11,13,14,17,18,21,22,24,25
2549,6,5,7,8,11,12,13,14,15,16,17,18,21,24,25
2550,1,3,5,7,8,10,14,16,18,19,20,22,23,24,25
2550,2,1,2,3,4,5,6,7,8,9,13,15,20,23,24
2550,3,1,2,4,5,9,10,11,12,15,17,20,21,22,24
2550,4,1,2,5,6,10,11,12,13,16,17,20,23,24,25
2550,5,2,7,8,9,10,12,13,14,15,16,18,19,23,24
2550,6,2,3,4,5,6,7,8,9,11,15,17,19,20,21
2551,1,1,2,4,7,10,14,15,16,18,19,21,23,24,25
2551,2,3,4,6,8,13,14,15,17,19,20,22,23,24,25
2551,3,1,3,4,5,6,11,12,16,17,18,19,20,23,25
2551,4,2,3,6,8,9,11,12,13,14,16,17,19,20,24
2551,5,1,3,4,9,10,12,14,15,17,18,19,20,21,25
2551,6,2,4,6,7,10,16,17,18,19,20,21,22,23,24
2552,1,2,5,6,9,12,13,15,16,19,20,21,23,24,25
2552,2,2,3,4,5,7,9,11,14,16,20,21,22,23,25
2552,3,1,2,3,4,5,6,8,10,11,14,17,18,20,23
2552,4,2,3,4,6,7,10,11,14,16,17,19,22,23,25
2552,5,1,3,4,6,7,10,11,14,15,17,18,19,22,23
2552,6,1,2,4,6,7,13,16,17,18,19,20,22,23,24
2553,1,1,3,4,7,8,10,11,12,15,17,18,21,22,24
2553,2,2,3,4,5,7,9,10,16,17,19,20,22,23,25
2553,3,1,2,5,9,10,11,14,15,16,19,20,21,22,24
2553,4,1,2,3,5,6,8,9,12,15,16,17,19,21,23
2553,5,3,7,9,10,12,14,15,16,17,18,20,21,23,25
2553,6,3,5,6,8,9,12,15,16,18,19,20,23,24,25
2554,1,1,2,3,6,9,10,15,16,17,18,20,21,23,25
2554,2,1,3,6,7,8,10,11,12,14,17,18,20,23,25
2554,3,1,2,3,5,7,8,9,12,16,17,18,21,22,25
2554,4,2,3,4,7,8,9,12,14,15,17,18,19,22,23
2554,5,2,3,4,5,8,9,13,14,15,16,18,21,22,23
2554,6,1,4,8,9,10,11,12,14,15,17,18,19,20,21
2555,1,1,3,5,6,8,9,10,11,12,15,18,19,22,25
2555,2,4,5,6,7,8,11,12,13,16,17,19,21,22,23
2555,3,2,3,4,6,11,13,15,16,17,18,20,21,23,25
2555,4,1,2,4,6,8,11,13,14,17,19,21,22,24,25
2555,5,1,3,4,6,9,10,13,14,15,17,18,20,22,24
2555,6,3,4,6,7,8,11,13,14,15,16,18,20,24,25
2556,1,5,6,7,9,10,11,12,13,14,16,17,20,23,24
2556,2,1,2,3,9,10,11,13,14,15,17,18,23,24,25
2556,3,2,3,5,8,10,11,12,13,14,17,18,19,24,25
2556,4,1,5,6,7,8,10,11,12,13,17,18,22,23,25
2556,5,1,3,4,5,10,11,14,19,20,21,22,23,24,25
2556,6,1,3,4,5,6,8,11,14,15,17,18,21,22,23
2557,1,2,3,5,7,10,11,12,13,14,17,20,21,23,24
2557,2,1,2,4,5,6,7,8,11,13,14,15,16,18,19
2557,3,1,2,3,4,5,6,8,9,13,14,18,20,21,25
2557,4,1,3,4,5,6,9,11,12,13,17,18,19,21,23
2557,5,2,4,5,7,8,9,11,14,15,16,19,21,23,25
2557,6,1,3,4,5,6,8,10,13,14,16,18,19,21,23
2558,1,1,4,7,9,10,11,13,14,16,19,21,23,24,25
2558,2,2,3,5,7,9,11,12,13,14,16,19,21,22,23
2558,3,1,3,4,5,6,7,8,10,12,15,16,20,22,25
2558,4,2,3,5,6,7,9,12,13,16,17,18,21,24,25
2558,5,1,2,5,6,8,9,10,13,17,21,22,23,24,25
2558,6,1,2,3,7,10,11,12,14,15,16,18,21,22,25
2559,1,1,2,5,11,12,13,14,15,17,18,20,21,23,24
2559,2,1,3,5,6,7,11,13,14,16,19,20,22,23,24
2559,3,2,3,4,5,6,7,8,15,16,20,22,23,24,25
2559,4,1,2,3,5,6,7,8,10,11,15,17,18,20,22
2559,5,5,6,8,9,11,12,13,14,15,16,17,19,20,22
2559,6,1,3,6,8,9,10,11,12,13,14,16,21,23,25
2560,1,1,2,3,5,6,10,11,16,17,18,20,21,22,25
2560,2,1,4,5,6,7,8,11,12,14,15,17,18,21,24
2560,3,1,4,5,7,8,9,10,11,12,14,19,20,22,24
2560,4,1,2,3,4,7,12,13,15,17,18,19,20,21,25
2560,5,2,3,4,6,7,8,10,11,14,20,21,22,23,25
2560,6,2,4,5,7,8,10,11,16,18,19,20,22,23,25
2561,1,1,4,5,7,11,12,13,15,16,17,21,23,24,25
2561,2,1,6,9,10,11,13,15,16,17,19,21,22,24,25
2561,3,2,3,5,7,8,10,11,16,17,21,22,23,24,25
2561,4,1,3,5,7,8,12,13,14,15,16,17,22,23,24
2561,5,1,2,4,7,8,9,10,11,12,13,14,20,24,25
2561,6,1,3,5,8,9,11,12,14,16,19,20,22,23,24
2562,1,2,5,6,7,9,10,13,15,17,18,20,21,23,24
2562,2,4,5,6,8,9,10,11,13,16,17,21,22,23,24
2562,3,2,3,4,5,6,7,8,10,12,13,21,22,23,24
2562,4,1,2,4,5,11,12,13,15,19,20,22,23,24,25
2562,5,1,2,5,6,8,10,12,13,16,19,20,21,22,24
2562,6,3,5,6,7,9,11,12,13,14,17,18,19,20,25
2563,1,4,6,8,9,11,14,15,16,19,20,22,23,24,25
2563,2,1,2,3,5,7,10,12,13,18,19,21,22,24,25
2563,3,1,4,5,7,8,10,11,13,15,20,21,22,24,25
2563,4,3,5,7,9,12,13,16,18,19,20,21,22,23,25
2563,5,1,4,5,8,11,12,15,16,17,18,19,20,22,25
2563,6,1,3,4,5,7,9,10,13,14,16,19,20,21,24
2564,1,3,4,6,7,9,10,14,15,16,20,21,22,24,25
2564,2,1,2,3,5,7,8,10,12,15,16,22,23,24,25
2564,3,1,2,4,7,8,9,10,12,16,18,20,21,22,23
2564,4,1,3,5,8,9,10,11,14,15,17,18,20,21,25
2564,5,2,5,6,7,9,10,15,16,18,19,22,23,24,25
2564,6,1,7,9,11,13,14,16,18,19,20,21,22,24,25
2565,1,1,2,3,4,5,9,12,14,15,16,20,21,22,23
2565,2,2,3,4,5,8,9,10,11,14,15,17,18,20,25
2565,3,1,2,3,4,5,6,7,10,13,14,17,18,23,24
2565,4,3,5,6,7,11,13,14,16,18,19,21,22,23,25
2565,5,1,3,6,7,8,9,12,13,15,17,18,21,23,24
2565,6,1,2,6,7,11,13,14,15,16,18,19,20,21,25
2566,1,1,2,3,4,6,7,9,11,14,15,18,21,23,25
2566,2,2,5,6,8,9,10,11,12,16,18,19,20,21,23
2566,3,1,9,10,11,13,14,16,17,18,19,20,21,23,24
2566,4,2,6,8,10,12,13,14,16,18,20,21,22,23,24
2566,5,2,4,5,7,8,9,10,11,12,13,15,17,20,23
2566,6,1,2,4,9,10,12,15,16,20,21,22,23,24,25
2567,1,1,2,3,4,7,8,9,10,12,13,16,18,20,22
2567,2,2,4,5,6,8,9,10,11,13,14,15,21,22,24
2567,3,1,3,5,6,8,10,16,17,18,20,21,22,23,24
2567,4,2,4,7,8,10,12,14,15,16,17,18,20,23,25
2567,5,1,4,5,6,7,8,9,10,13,18,20,23,24,25
2567,6,3,4,7,8,9,12,13,14,17,18,19,20,23,25
2568,1,3,4,5,6,7,9,10,11,13,18,22,23,24,25
2568,2,1,2,5,6,7,8,9,10,11,12,14,16,17,24
2568,3,6,8,9,10,12,14,15,17,19,20,21,22,23,25
2568,4,3,5,8,10,11,12,13,14,16,17,18,19,23,24
2568,5,2,3,4,7,8,11,12,15,16,17,20,22,24,25
2568,6,1,3,5,6,8,9,11,12,13,16,18,21,22,24
2569,1,1,2,5,7,8,12,15,16,17,19,20,22,24,25
2569,2,5,6,7,9,12,14,15,16,18,19,21,22,23,24
2569,3,2,4,7,9,11,13,14,16,17,18,19,20,23,25
2569,4,1,2,4,6,7,8,9,10,11,15,17,21,22,23
2569,5,1,2,3,5,7,8,11,12,14,17,18,21,22,25
2569,6,2,5,6,7,10,11,12,13,14,15,18,19,24,25
2570,1,2,3,4,5,7,8,11,12,13,19,20,21,23,24
2570,2,1,2,3,6,7,8,10,12,15,16,18,19,23,24
2570,3,3,4,5,6,7,8,10,12,14,15,16,19,24,25
2570,4,1,2,3,5,6,8,11,13,15,16,17,19,20,23
2570,5,3,4,5,6,7,9,11,13,15,16,18,20,21,23
2570,6,1,4,6,7,8,9,11,12,13,15,19,21,22,25
2571,1,1,2,6,7,8,9,10,15,17,19,22,23,24,25
2571,2,2,4,5,6,8,9,10,13,14,18,19,20,23,24
2571,3,2,3,7,9,12,14,15,16,17,18,19,21,24,25
2571,4,2,3,4,5,7,8,9,14,16,18,21,22,24,25
2571,5,1,4,5,6,8,9,11,12,13,16,18,20,21,24
2571,6,1,2,7,10,11,12,13,15,18,19,20,22,23,24
2572,1,1,3,5,12,13,14,15,17,18,19,20,22,23,24
2572,2,2,3,4,5,6,10,14,15,16,17,18,21,23,24
2572,3,1,3,5,6,7,10,11,13,14,17,18,19,24,25
2572,4,2,6,7,8,10,11,12,13,14,18,20,23,24,25
2572,5,2,3,4,6,7,8,13,18,19,20,21,22,23,24
2572,6,1,4,7,8,10,11,12,13,14,15,16,17,23,24
2573,1,1,2,3,4,5,7,9,10,12,13,19,20,22,24
2573,2,1,2,3,5,7,9,10,14,15,19,20,21,23,25
2573,3,2,3,6,8,11,13,14,16,17,18,19,20,23,24
2573,4,1,5,6,9,10,12,14,15,17,20,21,23,24,25
2573,5,2,3,4,7,8,10,11,12,13,14,17,19,20,25
2573,6,2,3,7,8,9,10,11,13,15,17,18,20,23,24
2574,1,5,6,9,11,12,13,14,17,19,20,21,22,24,25
2574,2,1,3,5,6,8,10,12,15,18,19,20,21,22,23
2574,3,1,2,3,4,5,7,9,10,13,14,15,16,19,23
2574,4,2,4,7,8,9,10,11,13,15,17,18,19,22,23
2574,5,1,2,3,7,8,9,10,12,13,14,19,23,24,25
2574,6,2,3,4,5,7,9,10,12,13,15,18,19,22,24
2575,1,2,3,4,5,6,7,8,11,13,14,17,19,23,25
2575,2,1,2,3,4,6,7,8,10,15,17,20,22,23,25
2575,3,1,2,4,6,9,10,11,13,14,17,18,21,22,24
2575,4,1,5,7,9,12,13,14,15,16,17,19,23,24,25
2575,5,2,4,5,6,7,10,11,12,14,15,17,21,22,23
2575,6,1,3,4,5,6,7,8,11,12,15,17,20,21,22
2576,1,3,4,5,7,8,12,14,15,17,18,19,20,22,24
2576,2,2,3,5,6,7,8,10,11,12,14,15,16,18,19
2576,3,2,5,8,10,12,15,16,17,19,20,21,22,23,24
2576,4,2,5,6,7,10,11,12,14,15,17,18,19,21,22
2576,5,1,2,3,4,6,8,9,10,13,16,22,23,24,25
2576,6,2,3,4,6,12,13,15,17,18,20,21,22,23,25
2577,1,1,2,4,5,6,7,11,12,13,14,15,17,22,25
2577,2,1,3,5,7,9,11,15,16,17,20,21,22,23,25
2577,3,2,3,6,7,8,9,12,13,14,16,18,20,21,23
2577,4,1,2,3,4,7,9,11,13,14,17,18,21,22,24
2577,5,3,4,5,6,12,13,15,16,17,19,20,21,24,25
2577,6,1,4,5,6,7,8,11,14,15,18,20,21,22,23
2578,1,1,2,3,4,6,7,9,11,13,14,16,20,22,25
2578,2,1,4,5,7,8,9,11,12,14,16,18,20,24,25
2578,3,1,2,3,4,5,6,7,8,12,14,17,19,21,23
2578,4,3,7,8,10,11,12,13,15,17,19,21,23,24,25
2578,5,1,2,3,6,7,8,9,11,15,17,19,20,24,25
2578,6,1,3,6,7,9,10,13,14,15,16,19,20,21,22
2579,1,1,3,4,6,9,10,11,13,15,20,21,22,23,24
2579,2,2,3,4,6,9,11,12,13,14,17,19,20,21,24
2579,3,1,2,3,5,7,8,9,12,14,17,18,19,22,23
2579,4,3,5,6,8,10,12,13,14,15,16,18,21,22,25
2579,5,1,4,5,6,7,9,10,11,20,21,22,23,24,25
2579,6,2,4,6,7,9,12,13,15,17,18,19,21,23,25
2580,1,1,3,4,6,9,10,11,13,14,15,17,21,22,23
2580,2,1,2,3,6,7,11,12,14,15,16,19,20,23,24
2580,3,1,3,7,8,9,10,12,14,15,17,19,22,24,25
2580,4,1,6,7,8,11,13,14,15,16,18,20,21,22,25
2580,5,1,2,3,5,7,8,9,12,13,14,15,18,21,24
2580,6,1,2,5,7,8,9,13,16,19,20,21,23,24,25
2581,1,1,2,3,4,6,7,9,10,12,14,15,17,20,22
2581,2,1,2,5,6,7,11,13,16,17,18,22,23,24,25
2581,3,1,3,4,5,6,8,10,11,12,14,18,20,22,24
2581,4,1,2,3,5,8,12,13,16,17,18,20,21,23,25
2581,5,2,3,5,7,8,9,15,16,17,18,19,23,24,25
2581,6,1,3,6,9,10,11,12,14,16,19,20,21,22,25
2582,1,2,5,6,7,9,10,12,14,15,18,19,20,21,22
2582,2,1,2,3,4,8,9,10,15,16,17,18,20,21,23
2582,3,3,5,6,9,10,15,16,18,19,20,21,23,24,25
2582,4,3,4,5,8,10,12,18,19,20,21,22,23,24,25
2582,5,2,3,5,7,9,11,12,13,14,17,19,23,24,25
2582,6,1,2,4,6,8,10,12,13,14,17,18,20,21,25
2583,1,3,6,7,9,10,12,14,15,17,19,21,22,24,25
2583,2,1,2,3,4,6,10,11,12,13,15,16,22,23,24
2583,3,1,3,5,6,7,10,11,12,13,14,15,17,20,23
2583,4,3,5,6,8,9,12,14,15,16,17,21,22,23,25
2583,5,1,2,3,4,5,6,11,12,13,17,19,20,21,24
2583,6,3,7,8,9,11,12,15,16,17,18,20,22,23,25
2584,1,1,2,7,8,9,10,12,13,14,15,16,17,19,23
2584,2,1,2,6,7,10,11,12,15,17,18,19,20,21,24
2584,3,1,2,3,4,5,6,13,14,16,17,21,22,23,25
2584,4,2,5,6,8,9,10,13,15,16,18,20,22,23,25
2584,5,1,2,5,6,8,10,18,19,20,21,22,23,24,25
2584,6,1,3,4,5,6,7,11,12,14,16,19,20,22,23
2585,1,2,5,7,8,9,10,17,18,19,20,21,22,24,25
2585,2,1,2,3,6,9,11,12,14,16,19,20,21,22,23
2585,3,1,2,4,8,9,14,15,16,17,19,20,22,23,25
2585,4,1,2,4,5,6,8,9,13,14,18,19,20,24,25
2585,5,1,2,3,5,6,10,12,13,14,15,17,20,21,22
2585,6,1,3,4,6,7,8,12,13,14,19,20,21,22,23
2586,1,2,4,5,6,7,8,9,10,15,16,18,21,22,25
2586,2,3,4,7,8,10,11,12,14,15,17,19,22,24,25
2586,3,2,3,4,5,6,8,10,12,15,16,19,20,21,25
2586,4,4,6,7,8,10,11,12,13,15,16,17,18,23,25
2586,5,2,3,5,7,9,11,12,13,16,17,18,19,20,23
2586,6,1,4,5,6,9,11,12,13,15,16,17,19,21,23
2587,1,2,3,5,7,8,10,11,16,17,18,20,21,23,24
2587,2,3,4,6,10,12,13,14,16,17,18,21,22,24,25
2587,3,3,4,5,9,10,12,13,14,15,17,18,20,22,23
2587,4,3,8,10,12,13,14,15,16,19,20,21,23,24,25
2587,5,1,2,6,7,9,11,12,16,17,18,19,21,23,24
2587,6,1,2,3,7,9,11,13,14,17,18,20,21,23,25
2588,1,1,2,4,6,9,10,11,12,17,18,19,20,23,24
2588,2,1,4,5,6,9,13,15,17,18,20,21,23,24,25
2588,3,1,2,3,6,7,9,10,12,14,15,17,20,23,25
2588,4,2,6,7,8,9,10,11,14,15,17,18,19,24,25
2588,5,3,4,9,11,12,13,14,15,17,18,22,23,24,25
2588,6,1,2,3,5,6,7,8,9,11,12,16,17,20,22
2589,1,1,8,9,10,11,12,14,15,16,17,19,20,24,25
2589,2,1,4,7,8,10,12,15,16,20,21,22,23,24,25
2589,3,1,2,3,4,5,9,10,11,12,15,16,17,20,21
2589,4,1,4,5,6,8,9,12,13,15,16,18,19,22,25
2589,5,1,3,4,5,8,10,12,13,14,15,16,21,23,25
2589,6,1,3,4,6,8,9,10,12,13,14,20,21,24,25
2590,1,2,3,5,6,7,8,9,10,13,16,18,21,22,23
2590,2,1,4,5,8,10,13,14,16,17,19,21,23,24,25
2590,3,1,3,4,6,7,9,10,13,14,15,19,20,22,23
2590,4,1,2,3,4,5,9,12,13,14,15,18,19,20,24
2590,5,1,3,5,6,9,12,13,14,15,17,18,22,23,24
2590,6,5,6,7,8,10,13,14,15,16,18,19,20,22,24
2591,1,1,3,4,7,8,11,12,14,15,16,17,18,20,22
2591,2,2,3,5,6,7,11,13,14,15,18,19,20,22,24
2591,3,1,3,5,6,9,11,14,15,16,18,20,21,23,24
2591,4,1,2,3,4,6,7,9,11,14,15,17,19,21,25
2591,5,1,3,4,5,6,7,8,9,11,15,17,20,22,24
2591,6,1,2,5,10,11,12,13,14,16,18,20,22,24,25
2592,1,3,7,9,11,12,15,16,17,19,20,21,23,24,25
2592,2,1,5,6,7,12,13,14,15,16,17,19,20,21,24
2592,3,1,3,6,7,8,10,11,16,17,18,21,23,24,25
2592,4,1,3,5,9,13,14,15,16,17,18,20,22,23,25
2592,5,1,3,5,6,7,9,14,17,19,20,21,22,23,24
2592,6,2,3,4,5,8,13,14,15,17,18,19,21,22,24
2593,1,2,5,7,8,9,11,12,13,14,15,19,20,22,23
2593,2,1,6,7,9,10,12,13,16,17,18,19,20,21,25
2593,3,1,2,6,7,8,9,10,11,13,16,18,19,20,21
2593,4,3,5,6,7,8,9,10,12,13,15,22,23,24,25
2593,5,1,2,3,5,6,8,10,11,14,16,17,20,21,22
2593,6,4,6,7,8,9,11,13,14,15,16,17,21,23,25
2594,1,1,4,5,7,8,12,13,14,15,17,18,21,23,25
2594,2,1,2,3,8,9,10,12,13,14,15,20,23,24,25
2594,3,1,2,5,7,10,11,13,15,16,20,21,22,23,25
2594,4,3,4,6,7,8,10,11,12,17,19,20,22,23,25
2594,5,1,2,3,4,6,7,12,13,14,15,17,18,21,22
2594,6,1,6,7,10,11,13,14,15,18,20,21,22,23,25
2595,1,1,4,5,8,10,11,12,13,18,20,22,23,24,25
2595,2,2,3,4,5,6,7,8,9,10,14,15,18,19,24
2595,3,4,5,6,7,11,12,13,15,16,19,20,22,23,24
2595,4,2,4,5,7,8,10,11,15,17,18,21,22,24,25
2595,5,1,2,3,4,5,8,9,10,11,13,20,21,23,25
2595,6,1,2,3,6,7,8,13,14,16,18,19,20,21,25
2596,1,1,2,5,6,7,8,10,11,12,16,20,21,22,24
2596,2,1,3,4,7,10,11,12,15,16,19,20,21,22,23
2596,3,3,7,8,9,10,11,12,14,16,18,19,20,23,25
2596,4,1,2,4,7,11,12,14,15,19,21,22,23,24,25
2596,5,2,4,5,6,7,9,10,12,14,15,18,20,22,23
2596,6,1,2,3,4,7,9,11,12,14,15,19,22,24,25
2597,1,1,2,3,4,5,6,7,8,13,14,17,18,19,23
2597,2,2,3,4,5,6,8,9,10,11,16,17,20,22,23
2597,3,2,4,6,9,11,12,13,18,19,20,21,22,23,24
2597,4,1,2,3,4,7,10,13,18,19,20,22,23,24,25
2597,5,2,7,8,11,12,13,14,15,16,18,20,21,24,25
2597,6,1,2,3,5,7,8,9,10,11,12,13,19,21,24
2598,1,3,4,5,7,8,10,12,15,16,17,19,22,23,25
2598,2,2,3,4,5,8,9,10,11,16,18,19,20,22,25
2598,3,2,3,6,8,10,11,14,15,19,20,21,22,23,24
2598,4,2,3,6,7,8,9,10,11,12,15,17,18,22,24
2598,5,1,2,4,6,7,12,13,14,16,19,20,22,24,25
2598,6,1,2,4,5,6,8,9,11,14,15,16,17,18,25
2599,1,1,4,5,6,9,10,12,13,14,15,17,18,21,22
2599,2,1,6,11,12,13,14,15,17,18,19,20,21,23,25
2599,3,2,3,4,5,7,9,10,12,13,15,16,18,19,25
2599,4,1,2,4,6,7,9,10,12,13,15,19,20,21,22
2599,5,1,2,5,6,7,9,13,15,16,20,21,22,24,25
2599,6,1,5,7,10,11,12,13,17,18,21,22,23,24,25
2600,1,3,5,6,7,8,10,12,13,14,17,18,19,23,24
2600,2,1,3,4,6,9,10,12,14,16,17,19,20,21,22
2600,3,1,2,7,9,11,12,13,15,16,17,19,21,23,25
2600,4,1,2,6,9,10,11,12,13,14,15,17,18,19,22
2600,5,1,2,4,7,8,11,12,13,15,16,19,20,22,23
2600,6,4,5,6,7,10,11,12,13,14,15,18,19,21,24
2601,1,1,2,5,8,9,10,11,12,17,18,19,21,22,25
2601,2,2,3,6,10,13,14,15,16,19,20,22,23,24,25
2601,3,1,3,4,6,7,11,12,14,15,16,17,18,21,23
2601,4,1,5,7,8,9,10,12,15,16,18,19,23,24,25
2601,5,3,4,5,7,9,10,11,12,13,14,16,18,23,24
2601,6,3,5,6,7,8,10,13,14,16,17,18,21,22,24
2602,1,1,2,3,4,7,9,12,15,17,19,21,22,23,25
2602,2,1,3,7,8,11,12,14,15,17,18,20,21,24,25
2602,3,2,4,6,11,12,13,14,17,18,19,20,21,22,25
2602,4,3,4,5,6,9,12,13,14,15,16,17,18,19,23
2602,5,2,3,6,8,9,11,14,16,17,18,21,22,24,25
2602,6,2,6,7,8,9,11,12,14,17,18,20,21,23,25
2603,1,2,4,5,6,7,8,11,12,14,16,18,21,23,24
2603,2,2,6,8,11,12,14,15,16,18,19,20,21,22,24
2603,3,1,2,3,5,10,12,13,14,15,19,20,21,23,25
2603,4,2,5,6,7,8,9,10,11,12,13,14,18,22,24
2603,5,4,5,6,10,11,13,16,17,18,19,20,22,23,24
2603,6,1,2,6,7,10,11,12,14,15,16,17,23,24,25
2604,1,1,2,4,6,7,8,10,11,12,13,16,21,22,24
2604,2,1,2,3,4,5,6,12,13,14,16,19,20,23,24
2604,3,2,5,6,7,10,11,12,13,14,16,19,21,24,25
2604,4,3,4,5,6,8,11,12,13,14,19,20,21,23,24
2604,5,1,2,3,7,10,13,14,15,18,19,20,21,22,25
2604,6,1,2,4,8,9,12,13,16,20,21,22,23,24,25
2605,1,1,2,4,6,7,8,10,11,13,14,16,19,21,25
2605,2,1,6,9,12,15,16,17,18,19,20,21,22,24,25
2605,3,3,4,7,8,11,14,16,17,18,20,21,22,23,24
2605,4,1,3,5,6,9,10,11,19,20,21,22,23,24,25
2605,5,3,4,5,6,7,10,12,13,17,19,20,21,22,25
2605,6,1,2,4,5,8,11,12,13,16,17,21,22,23,24
2606,1,2,3,4,5,6,7,8,9,10,11,12,18,19,24
2606,2,5,6,9,10,11,12,13,15,18,20,21,22,23,25
2606,3,1,2,5,6,7,8,9,12,15,16,17,19,21,22
2606,4,3,4,5,7,8,10,11,13,14,15,17,20,22,24
2606,5,1,2,3,4,6,7,11,12,13,14,15,20,23,24
2606,6,1,3,4,5,8,13,14,15,16,17,20,21,22,24
2607,1,1,2,3,4,7,8,9,11,14,15,19,20,22,25
2607,2,1,4,5,6,7,10,11,12,13,18,21,23,24,25
2607,3,1,2,3,6,7,10,12,16,18,19,21,22,24,25
2607,4,1,4,5,9,10,11,12,13,14,15,17,20,22,24
2607,5,2,3,4,6,10,11,12,13,14,16,18,19,20,24
2607,6,1,3,4,5,6,7,12,13,14,15,19,23,24,25
2608,1,1,4,7,8,10,12,13,15,17,18,19,20,21,24
2608,2,1,2,4,5,6,8,9,12,18,19,21,22,24,25
2608,3,1,3,5,6,9,11,14,15,16,17,20,22,23,24
2608,4,3,4,6,11,13,14,15,16,17,18,19,21,22,24
2608,5,4,6,7,11,13,14,15,16,17,18,19,20,24,25
2608,6,1,2,3,4,5,6,7,8,10,12,17,20,21,23
2609,1,2,3,4,5,6,10,11,12,13,16,17,18,20,21
2609,2,1,2,3,5,6,9,10,12,13,15,19,20,21,25
2609,3,1,3,4,5,7,8,10,11,16,17,20,21,23,25
2609,4,1,2,5,6,8,9,12,13,14,15,16,20,21,23
2609,5,1,3,5,7,8,9,10,13,15,16,19,22,24,25
2609,6,3,6,7,8,9,12,16,17,18,19,20,22,23,25
2610,1,4,6,7,10,12,13,15,16,19,20,21,23,24,25
2610,2,1,5,6,7,8,12,13,14,17,18,20,21,23,24
2610,3,1,2,5,6,9,10,11,12,14,16,17,20,21,22
2610,4,2,3,6,8,9,12,13,14,17,20,21,22,23,25
2610,5,2,5,6,7,10,11,14,16,17,18,19,22,23,25
2610,6,2,3,4,6,8,10,11,12,16,17,18,20,23,24
2611,1,1,2,3,6,8,9,12,14,15,16,17,18,23,24
2611,2,1,2,3,6,9,10,12,15,18,19,20,22,23,24
2611,3,1,3,5,6,7,8,14,15,18,20,21,22,23,24
2611,4,1,4,5,9,10,12,13,14,15,17,19,23,24,25
2611,5,1,2,4,6,7,10,12,14,15,17,18,22,23,25
2611,6,3,6,7,9,10,11,12,13,14,18,19,20,21,22
2612,1,1,3,5,8,11,12,13,16,17,19,21,22,23,25
2612,2,1,3,5,6,10,11,12,13,14,15,17,20,21,22
2612,3,3,4,5,6,8,9,11,14,16,18,19,20,21,25
2612,4,1,2,4,5,6,8,9,11,12,13,16,18,19,22
2612,5,1,2,4,6,7,11,13,14,15,16,19,20,21,23
2612,6,2,3,4,5,8,9,10,12,15,17,18,23,24,25
2613,1,1,4,5,6,7,8,11,12,13,16,17,19,20,22
2613,2,1,3,4,6,7,10,11,13,18,19,20,21,22,25
2613,3,1,3,4,6,9,12,14,16,17,19,20,21,22,23
2613,4,1,2,3,4,5,6,8,11,13,16,17,20,21,22
2613,5,3,4,5,7,12,13,14,15,16,20,21,22,23,24
2613,6,4,6,7,8,9,10,11,12,14,16,19,21,23,25
2614,1,1,3,4,5,9,12,13,14,15,17,18,19,20,23
2614,2,1,5,6,8,9,10,11,12,13,14,17,19,23,24
2614,3,2,3,6,7,8,10,11,13,14,17,18,20,24,25
2614,4,1,2,3,4,6,7,8,9,13,17,20,21,24,25
2614,5,2,3,5,6,7,8,10,11,16,17,19,20,23,25
2614,6,1,3,5,10,11,12,14,17,18,19,21,22,23,24
2615,1,1,4,6,9,12,13,14,16,18,19,20,21,23,25
2615,2,1,4,5,6,7,8,9,12,14,18,21,22,23,24
2615,3,1,2,3,4,7,10,12,13,17,19,20,22,24,25
2615,4,3,6,7,8,12,13,14,16,17,18,19,22,23,24
2615,5,2,3,8,11,12,13,16,17,18,20,21,22,23,24
2615,6,1,2,3,4,5,6,9,13,16,17,19,20,22,25
2616,1,3,5,8,9,11,12,13,14,15,17,18,21,22,25
2616,2,2,3,4,5,7,8,11,16,17,19,20,21,23,25
2616,3,1,3,5,6,7,11,12,13,14,17,19,23,24,25
2616,4,1,2,4,6,7,8,10,12,14,15,16,21,22,23
2616,5,1,7,9,10,11,12,14,17,18,19,20,22,24,25
2616,6,3,4,6,7,9,10,11,13,14,15,16,19,22,23
2617,1,3,4,5,9,12,13,15,18,19,20,21,22,23,24
2617,2,1,2,3,6,9,11,13,14,15,16,20,21,23,25
2617,3,2,3,5,7,9,13,16,17,19,20,21,22,23,24
2617,4,2,4,5,6,7,8,9,11,14,16,18,21,23,24
2617,5,1,2,4,5,6,7,10,11,15,17,18,19,20,23
2617,6,1,4,6,12,14,15,16,17,18,19,20,21,22,24
2618,1,1,5,6,10,11,12,13,14,15,16,18,19,20,25
2618,2,3,4,5,7,10,14,15,16,17,19,20,21,22,25
2618,3,1,3,4,5,8,9,10,12,13,15,16,17,18,24
2618,4,2,9,12,13,14,15,16,17,18,20,21,22,23,25
2618,5,1,2,5,6,7,9,10,14,16,17,19,20,23,24
2618,6,1,2,3,4,6,8,9,10,11,13,16,17,18,21
2619,1,1,2,3,4,7,8,12,15,18,19,20,23,24,25
2619,2,3,5,6,7,8,12,13,15,16,17,19,20,22,25
2619,3,1,2,3,5,6,7,12,13,15,17,21,22,23,25
2619,4,2,4,6,10,11,12,15,18,19,20,21,22,24,25
2619,5,2,5,7,9,10,11,13,14,17,18,20,22,24,25
2619,6,2,3,6,7,8,9,10,17,18,20,21,22,23,25
2620,1,1,3,4,5,6,7,8,9,10,16,18,20,22,25
2620,2,1,2,5,6,8,9,10,11,12,14,19,21,22,25
2620,3,2,4,6,8,9,10,11,12,14,15,17,18,23,24
2620,4,2,4,6,7,9,11,12,13,14,16,17,21,24,25
2620,5,1,2,3,4,5,7,8,9,11,12,14,16,17,25
2620,6,2,4,5,6,7,9,10,12,18,20,21,22,23,24
2621,1,2,4,8,9,10,15,17,18,19,21,22,23,24,25
2621,2,3,4,6,8,9,11,12,13,15,19,21,22,23,25
2621,3,1,6,7,9,10,11,12,13,14,18,19,20,23,24
2621,4,3,4,5,6,7,8,10,14,16,18,19,21,22,25
2621,5,2,3,4,5,7,8,9,12,13,14,19,20,22,24
2621,6,2,4,6,7,8,9,11,14,15,17,18,22,24,25
2622,1,1,3,4,8,11,14,15,16,18,19,20,23,24,25
2622,2,1,2,3,7,8,10,11,14,15,16,17,20,21,24
2622,3,1,2,4,6,7,9,12,13,15,16,17,19,21,22
2622,4,1,2,3,4,5,7,8,10,12,16,19,20,23,24
2622,5,1,4,5,6,8,9,10,12,14,16,18,19,21,25
2622,6,2,3,4,6,7,8,9,11,13,15,17,20,21,25
2623,1,1,2,4,6,7,10,11,14,15,19,20,23,24,25
2623,2,6,7,8,9,10,11,12,15,17,18,19,20,21,23
2623,3,3,4,8,9,10,11,12,14,15,17,18,20,24,25
2623,4,1,2,3,5,7,11,12,14,15,17,18,20,23,25
2623,5,2,3,4,6,7,11,13,14,16,17,18,19,22,23
2623,6,4,6,8,10,11,12,13,14,16,18,21,22,24,25
2624,1,1,2,4,8,9,10,12,14,15,16,20,22,23,25
2624,2,4,7,8,9,11,12,13,14,15,17,19,20,22,25
2624,3,1,4,5,6,8,10,12,15,16,18,21,22,23,25
2624,4,1,3,4,9,11,12,14,16,17,19,20,21,24,25
2624,5,1,5,6,7,11,14,15,16,17,19,21,22,23,25
2624,6,2,3,5,8,9,10,11,12,14,15,16,18,20,24
2625,1,1,3,6,7,9,11,12,13,14,15,16,18,22,23
2625,2,1,2,3,5,6,8,10,14,15,17,18,19,21,24
2625,3,1,2,3,4,5,7,8,11,14,15,17,18,22,23
2625,4,1,2,4,6,7,11,12,13,14,15,18,21,22,24
2625,5,3,5,7,8,9,10,11,14,16,19,21,23,24,25
2625,6,1,2,6,7,8,9,11,12,14,18,19,22,23,25
2626,1,1,5,6,7,8,11,14,15,16,17,18,19,24,25
2626,2,3,4,5,7,8,10,11,13,14,16,17,20,21,23
2626,3,1,2,5,8,9,11,12,13,15,16,19,20,23,25
2626,4,2,3,4,5,6,7,8,10,15,16,18,21,22,23
2626,5,1,5,7,8,10,11,12,13,14,15,20,22,23,24
2626,6,1,3,4,8,9,10,12,13,14,15,16,17,18,23
2627,1,1,3,4,5,6,8,9,12,13,17,18,22,23,25
2627,2,2,4,5,6,7,10,12,13,14,15,18,21,22,25
2627,3,2,3,4,6,7,8,11,16,17,18,19,20,23,25
2627,4,1,5,6,8,11,12,14,16,18,19,20,21,23,24
2627,5,1,3,4,8,9,11,12,14,16,17,18,19,20,21
2627,6,1,2,4,5,6,8,9,10,12,13,15,18,22,23
2628,1,2,3,5,6,7,8,11,13,14,17,18,20,21,24
2628,2,1,4,5,7,10,12,13,16,18,19,20,21,22,23
2628,3,1,2,3,4,5,9,11,14,16,18,21,22,23,24
2628,4,1,4,6,10,12,13,14,15,16,17,18,19,22,24
2628,5,1,3,4,5,9,11,13,14,15,16,17,20,21,25
2628,6,1,2,3,5,6,8,9,12,15,18,19,20,22,25
2629,1,1,5,9,10,11,12,13,14,15,17,19,20,22,25
2629,2,3,4,8,10,11,12,14,16,18,20,21,22,23,24
2629,3,1,3,7,10,11,12,14,15,16,17,22,23,24,25
2629,4,1,2,7,8,9,11,12,15,17,19,20,21,22,25
2629,5,3,4,5,6,7,8,9,10,11,13,19,20,21,22
2629,6,2,3,5,6,9,10,13,14,16,17,20,21,23,24
2630,1,2,3,4,5,6,8,9,10,11,13,16,18,22,24
2630,2,3,7,8,10,11,12,15,17,19,20,21,22,24,25
2630,3,2,5,7,8,12,13,15,16,17,19,20,21,24,25
2630,4,1,2,4,6,8,10,11,13,14,19,22,23,24,25
2630,5,4,7,8,9,10,11,14,15,16,18,21,22,23,24
2630,6,3,4,6,7,8,10,12,15,17,18,19,21,22,24
2631,1,1,2,3,4,5,8,10,13,14,20,21,23,24,25
2631,2,2,7,9,11,14,15,17,18,19,20,21,23,24,25
2631,3,2,4,7,11,13,14,15,16,17,20,21,22,23,25
2631,4,2,4,6,8,10,11,12,14,15,17,19,20,22,24
2631,5,1,2,4,6,7,9,11,12,15,18,20,21,22,23
2631,6,1,5,6,7,8,11,13,14,15,16,19,21,23,25
2632,1,2,9,10,13,14,16,17,18,19,20,21,22,23,24
2632,2,1,3,4,5,6,7,10,11,15,16,18,19,20,22
2632,3,1,2,4,6,7,8,12,13,15,19,20,21,23,24
2632,4,1,3,4,7,9,10,12,15,18,20,21,22,24,25
2632,5,1,6,9,10,11,12,13,14,15,16,18,19,22,24
2632,6,1,2,5,9,10,11,14,15,19,20,21,22,24,25
2633,1,2,4,5,8,10,11,12,13,17,19,21,22,23,24
2633,2,1,5,8,10,12,15,16,17,18,19,20,22,23,24
2633,3,1,3,4,7,8,9,10,12,13,19,21,22,23,25
2633,4,2,3,5,7,10,11,12,13,15,16,19,20,21,22
2633,5,1,4,5,7,8,10,11,15,17,19,21,23,24,25
2633,6,1,5,6,7,8,10,12,13,14,18,19,20,21,24
2634,1,1,2,3,5,7,10,13,15,18,19,20,21,23,24
2634,2,2,3,11,12,13,14,15,16,17,18,21,22,23,24
2634,3,2,3,4,5,6,8,13,15,16,18,19,20,21,24
2634,4,2,4,7,10,11,13,14,15,16,17,19,20,21,25
2634,5,5,6,8,11,12,13,14,15,16,18,20,23,24,25
2634,6,1,2,3,4,5,7,8,11,12,15,16,17,23,25
2635,1,1,2,3,4,5,6,8,10,11,13,14,21,23,25
2635,2,1,2,7,8,9,10,11,13,14,16,17,22,23,25
2635,3,2,3,4,6,7,9,11,14,16,21,22,23,24,25
2635,4,1,2,3,4,5,6,9,14,15,16,17,19,22,25
2635,5,5,6,7,9,11,12,13,14,15,17,18,19,20,25
2635,6,1,3,4,6,8,11,13,14,18,19,20,21,22,25
2636,1,4,5,9,10,11,12,13,14,15,16,18,19,24,25
2636,2,2,3,6,7,8,10,11,16,17,18,20,21,22,24
2636,3,5,8,9,10,12,14,15,18,19,20,21,22,24,25
2636,4,1,2,4,5,8,9,10,11,12,14,15,19,22,25
2636,5,1,2,5,8,9,15,16,18,19,20,21,22,23,25
2636,6,1,4,6,7,8,11,12,13,15,16,19,20,22,25
2637,1,1,3,5,6,7,8,9,11,12,14,15,18,19,20
2637,2,1,2,4,8,9,10,11,13,14,15,16,17,18,24
2637,3,2,3,4,6,8,12,15,16,17,19,21,22,23,25
2637,4,2,4,5,6,9,10,11,12,14,18,19,21,23,25
2637,5,2,3,5,6,11,12,13,14,15,16,17,18,19,23
2637,6,1,4,5,6,8,9,10,13,14,15,17,19,24,25
2638,1,1,3,4,5,6,10,11,12,13,16,19,21,23,24
2638,2,2,3,4,6,8,12,13,15,16,17,18,19,21,23
2638,3,2,3,4,6,7,8,9,11,12,15,16,17,20,25
2638,4,2,5,6,7,11,12,13,14,16,17,20,21,23,24
2638,5,2,3,5,6,7,12,15,16,17,20,22,23,24,25
2638,6,1,4,5,6,7,9,10,11,12,15,16,23,24,25
2639,1,4,5,6,9,11,12,13,15,16,17,18,21,23,25
2639,2,4,5,6,7,8,10,11,12,14,15,17,19,24,25
2639,3,1,2,4,5,6,8,9,10,11,15,16,19,21,22
2639,4,3,4,7,8,9,11,12,13,15,18,22,23,24,25
2639,5,1,2,3,4,8,9,12,16,17,19,20,21,23,24
2639,6,1,5,6,9,10,12,13,14,17,19,20,21,23,24
2640,1,4,7,8,9,10,11,12,15,16,17,18,21,24,25
2640,2,1,4,5,8,11,12,15,16,18,19,20,21,22,24
2640,3,1,2,3,4,5,6,10,12,14,16,17,22,24,25
2640,4,3,5,8,10,11,12,13,14,15,17,18,19,21,23
2640,5,2,3,6,11,12,13,14,15,16,17,20,21,23,25
2640,6,1,2,3,4,5,8,9,10,11,14,15,17,21,25
2641,1,2,3,7,9,10,12,14,16,17,19,20,21,24,25
2641,2,2,4,5,6,9,12,13,14,15,16,17,20,22,24
2641,3,2,3,7,8,9,11,12,14,19,20,21,22,23,25
2641,4,2,3,4,5,7,11,14,15,16,17,19,22,24,25
2641,5,1,9,10,11,13,14,15,17,18,19,20,22,23,24
2641,6,4,5,6,7,8,10,12,14,17,18,19,21,23,24
2642,1,1,4,5,6,8,9,10,12,14,15,17,18,20,22
2642,2,2,3,4,5,8,9,10,13,14,15,17,18,19,22
2642,3,3,4,5,6,8,10,11,12,15,17,19,20,21,23
2642,4,1,3,4,6,7,9,10,13,16,17,19,20,21,23
2642,5,1,3,4,5,9,10,12,13,14,19,20,22,23,25
2642,6,2,3,4,5,6,9,14,15,17,18,21,22,23,25
2643,1,1,3,5,6,8,9,10,12,13,14,17,21,23,24
2643,2,1,2,5,7,8,10,11,12,13,14,17,19,24,25
2643,3,1,2,3,5,6,8,12,16,17,18,19,20,22,24
2643,4,3,5,6,7,10,11,12,13,15,16,17,18,19,20
2643,5,3,5,8,9,11,12,13,14,15,17,18,19,20,25
2643,6,3,4,6,7,11,12,13,15,17,19,20,21,22,25
2644,1,2,5,8,9,10,11,13,15,16,18,19,20,23,25
2644,2,3,4,5,8,9,10,11,13,15,16,20,21,23,25
2644,3,3,4,8,9,11,12,15,16,17,18,22,23,24,25
2644,4,1,2,4,6,9,11,12,13,14,16,17,18,20,22
2644,5,3,5,6,7,8,11,12,13,14,17,19,22,23,25
2644,6,2,3,5,9,12,14,17,18,20,21,22,23,24,25
2645,1,2,3,6,8,12,13,17,18,19,20,21,22,24,25
2645,2,2,5,8,9,10,12,13,15,16,19,20,21,24,25
2645,3,1,2,3,4,9,10,13,16,17,21,22,23,24,25
2645,4,1,3,5,6,7,8,11,12,13,16,17,18,23,25
2645,5,1,2,3,5,8,10,11,13,16,19,20,21,24,25
2645,6,2,3,5,9,11,13,14,17,19,20,21,22,23,24
2646,1,2,4,6,12,13,14,16,17,18,19,20,21,23,24
2646,2,7,8,9,10,11,12,13,14,16,18,20,21,24,25
2646,3,5,7,9,10,11,12,13,15,16,17,18,19,22,24
2646,4,2,3,8,9,10,16,17,18,19,20,22,23,24,25
2646,5,1,2,6,7,8,10,11,14,16,17,18,21,23,25
2646,6,1,2,3,7,9,11,12,15,16,19,21,22,23,24
2647,1,1,3,8,10,11,13,14,19,20,21,22,23,24,25
2647,2,1,3,4,5,6,11,12,13,14,15,18,19,24,25
2647,3,2,3,4,5,7,8,9,11,19,21,22,23,24,25
2647,4,1,3,5,9,10,11,15,16,17,20,21,22,23,24
2647,5,2,6,9,11,14,15,16,17,18,19,21,22,23,24
2647,6,1,2,3,5,7,10,11,12,15,17,19,20,22,23
2648,1,1,4,5,9,10,11,14,16,17,19,20,21,23,24
2648,2,1,3,5,6,7,8,10,13,14,17,18,22,23,24
2648,3,1,2,3,6,8,11,12,15,16,17,19,21,23,25
2648,4,1,5,6,7,10,11,13,15,16,20,21,22,23,25
2648,5,1,2,5,7,8,14,16,18,19,20,21,22,24,25
2648,6,3,4,6,9,10,11,14,16,17,18,21,23,24,25
2649,1,6,8,9,11,12,13,14,17,18,19,21,22,23,24
2649,2,1,3,5,6,9,10,12,13,15,16,17,18,19,24
2649,3,1,3,4,6,8,9,15,16,17,18,20,21,22,24
2649,4,2,3,4,6,7,8,12,14,16,17,18,20,21,23
2649,5,1,4,5,7,8,10,14,16,17,18,20,22,24,25
2649,6,1,2,3,4,9,10,12,14,16,18,19,21,23,24
2650,1,2,3,5,7,8,9,12,14,17,18,21,22,23,24
2650,2,1,2,4,6,8,9,10,11,12,15,17,19,20,23
2650,3,1,3,4,5,9,12,14,15,16,18,19,21,22,23
2650,4,1,3,4,5,7,9,11,15,16,17,19,20,21,24
2650,5,4,6,7,8,10,11,12,13,16,17,19,20,23,25
2650,6,2,3,4,11,13,15,16,17,18,20,22,23,24,25
2651,1,1,2,3,5,7,8,9,10,11,12,13,20,21,24
2651,2,2,5,6,7,8,11,13,14,16,18,20,21,23,24
2651,3,3,4,5,9,10,11,13,14,16,18,20,21,23,25
2651,4,1,2,6,7,8,9,10,11,12,18,19,21,23,24
2651,5,1,2,3,4,7,8,9,10,14,15,17,20,22,25
2651,6,1,3,4,5,6,8,10,13,15,18,20,21,22,23
2652,1,1,4,5,8,9,10,12,14,15,19,20,22,23,24
2652,2,1,3,4,7,9,10,12,14,15,16,17,18,23,25
2652,3,1,2,5,6,10,11,12,13,14,15,20,21,24,25
2652,4,4,6,8,11,12,13,14,15,16,20,21,22,24,25
2652,5,2,3,5,6,7,9,15,16,17,19,21,23,24,25
2652,6,1,3,4,6,7,8,10,12,15,19,21,23,24,25
2653,1,2,5,6,8,9,10,11,13,15,16,17,18,19,24
2653,2,1,4,6,7,8,12,16,17,18,19,21,22,24,25
2653,3,1,3,4,10,12,13,14,17,18,19,20,23,24,25
2653,4,1,3,4,9,10,11,12,13,14,15,21,23,24,25
2653,5,1,2,4,9,10,11,14,16,17,18,19,21,24,25
2653,6,1,2,3,5,6,7,9,10,11,14,15,21,23,24
2654,1,1,2,4,5,7,9,10,11,12,13,16,17,18,25
2654,2,4,5,7,8,14,15,16,17,18,20,21,22,23,24
2654,3,1,3,4,5,6,7,8,12,13,16,17,18,24,25
2654,4,1,3,4,6,8,12,14,16,17,18,20,21,23,24
2654,5,1,4,5,9,10,11,13,14,17,18,20,21,24,25
2654,6,1,2,6,7,10,11,12,13,15,17,18,19,22,23
2655,1,1,3,5,6,7,8,9,10,12,13,15,16,20,22
2655,2,4,6,8,10,11,12,13,14,15,17,19,20,21,23
2655,3,1,3,5,6,7,8,11,13,14,16,17,19,22,23
2655,4,2,4,6,8,9,10,12,15,16,17,18,21,22,24
2655,5,1,3,4,6,7,13,14,16,17,19,20,22,23,25
2655,6,3,6,7,9,12,13,14,15,16,18,20,21,22,23
2656,1,1,2,3,4,11,14,15,17,18,20,22,23,24,25
2656,2,1,3,4,6,8,10,12,13,14,15,17,19,20,21
2656,3,1,2,3,5,6,9,11,12,13,15,16,22,23,24
2656,4,3,4,5,7,10,12,13,14,16,17,18,20,22,24
2656,5,1,2,4,5,7,13,14,17,18,19,20,23,24,25
2656,6,1,3,4,9,14,15,16,17,19,20,21,23,24,25
2657,1,1,2,6,7,8,9,10,11,12,13,16,18,19,21
2657,2,3,4,5,8,11,13,14,15,16,17,19,20,23,25
2657,3,2,3,4,5,6,8,9,10,12,16,17,18,21,23
2657,4,2,5,6,7,10,12,14,15,18,19,21,22,24,25
2657,5,2,5,6,7,8,11,12,13,14,17,19,20,21,22
2657,6,1,2,3,5,6,12,14,17,18,19,20,22,24,25
2658,1,4,8,9,10,11,12,13,15,17,18,19,22,23,25
2658,2,3,4,5,6,9,10,12,14,16,17,19,21,22,23
2658,3,1,3,4,6,7,8,11,13,15,17,19,20,22,24
2658,4,1,4,5,6,8,10,11,13,16,18,19,22,23,25
2658,5,2,3,4,6,7,11,13,14,16,18,19,21,22,25
2658,6,1,2,6,8,9,11,12,13,15,16,19,20,23,24
2659,1,1,2,4,6,7,11,12,13,15,16,21,22,23,25
2659,2,2,3,4,5,7,8,10,14,16,17,18,19,22,24
2659,3,1,2,3,4,5,8,11,13,15,16,19,22,23,25
2659,4,1,4,6,7,9,10,12,14,16,18,19,21,22,24
2659,5,1,3,5,8,9,12,16,18,19,21,22,23,24,25
2659,6,1,5,6,8,9,12,13,14,15,16,17,19,20,21
2660,1,5,7,9,10,13,15,16,17,19,20,21,22,23,24
2660,2,1,2,7,8,9,10,14,16,17,19,21,22,23,24
2660,3,2,4,5,6,7,8,10,11,15,16,18,20,24,25
2660,4,3,4,6,7,8,9,12,15,16,17,19,20,24,25
2660,5,2,5,8,9,12,13,14,15,16,18,19,23,24,25
2660,6,1,2,3,4,7,8,11,14,15,16,20,23,24,25
2661,1,1,3,4,6,7,10,11,13,14,16,18,19,20,25
2661,2,2,6,7,12,13,14,15,16,17,18,19,21,24,25
2661,3,2,3,5,6,7,9,13,14,16,19,20,21,23,25
2661,4,1,7,8,9,11,13,14,16,17,18,20,21,23,24
2661,5,1,2,3,6,7,8,9,10,13,17,18,19,23,25
2661,6,2,4,5,7,8,9,10,11,12,16,19,21,24,25
2662,1,1,3,5,6,7,8,10,11,12,16,17,19,20,24
2662,2,2,4,5,6,7,8,10,11,14,15,16,17,18,20
2662,3,1,3,4,6,7,8,9,11,15,16,18,20,22,23
2662,4,1,2,3,5,7,9,10,11,12,16,17,19,21,24
2662,5,2,3,4,8,10,12,13,14,16,17,20,22,24,25
2662,6,1,4,5,6,7,8,12,13,16,17,20,23,24,25
2663,1,1,2,4,6,9,12,14,16,18,19,21,22,23,24
2663,2,1,2,4,5,6,7,9,14,17,18,19,22,23,24
2663,3,1,3,5,6,7,8,13,15,16,18,20,22,24,25
2663,4,5,6,7,8,9,10,12,13,16,17,20,21,22,23
2663,5,2,4,7,9,10,13,14,15,16,17,20,21,22,24
2663,6,3,4,8,11,12,13,16,17,18,19,21,23,24,25
2664,1,1,2,3,5,9,10,12,16,18,19,20,21,24,25
2664,2,4,5,6,9,11,12,14,18,19,21,22,23,24,25
2664,3,1,2,4,6,7,8,9,10,14,17,18,19,20,22
2664,4,1,2,3,5,7,12,13,15,16,17,18,20,24,25
2664,5,4,5,6,7,10,14,15,16,17,19,20,21,22,23
2664,6,1,3,5,9,10,12,13,15,16,17,19,22,24,25
2665,1,1,2,3,4,7,10,11,12,15,17,20,22,23,25
2665,2,1,2,4,5,7,8,11,12,13,15,17,19,21,23
2665,3,2,3,4,7,8,9,10,14,15,18,19,20,22,23
2665,4,1,4,7,8,9,11,14,16,18,19,20,21,22,24
2665,5,2,3,4,5,10,11,13,14,15,18,19,21,23,24
2665,6,2,3,6,7,8,9,10,15,16,17,19,22,24,25
2666,1,1,2,5,7,8,9,11,12,13,16,19,21,24,25
2666,2,2,3,7,8,9,11,13,15,18,19,21,22,23,24
2666,3,2,3,4,6,9,14,15,16,17,19,20,21,24,25
2666,4,2,3,4,5,9,10,11,13,14,16,20,21,24,25
2666,5,1,2,3,6,8,9,10,12,16,17,19,21,22,24
2666,6,1,2,6,7,9,10,12,16,18,19,20,21,24,25
2667,1,2,4,6,7,10,11,13,17,18,19,21,22,24,25
2667,2,4,6,8,9,10,13,14,15,16,19,20,21,22,24
2667,3,1,3,5,6,8,9,10,12,13,16,17,18,20,24
2667,4,2,4,5,7,8,9,11,12,14,21,22,23,24,25
2667,5,1,2,4,6,8,9,12,13,16,17,18,19,21,23
2667,6,2,4,5,7,10,11,12,13,15,18,21,22,23,24
2668,1,1,3,4,5,6,9,10,11,14,17,18,20,21,25
2668,2,1,2,5,7,8,9,11,12,13,14,19,20,21,25
2668,3,1,2,5,7,10,12,14,15,16,17,18,20,23,24
2668,4,1,3,4,6,7,12,13,15,16,17,19,22,24,25
2668,5,1,3,4,7,10,13,14,16,18,19,20,21,23,25
2668,6,1,2,3,5,6,7,10,12,14,16,20,21,23,25
2669,1,2,4,6,7,8,10,11,12,16,18,20,22,24,25
2669,2,1,3,5,7,8,9,10,11,13,14,16,18,20,22
2669,3,1,2,4,7,10,11,13,14,15,16,18,21,23,25
2669,4,4,5,7,9,10,11,12,15,16,17,21,23,24,25
2669,5,1,2,4,6,7,9,11,12,16,17,18,21,23,25
2669,6,2,5,9,10,11,12,15,16,17,18,20,21,22,24
2670,1,1,2,3,4,8,11,12,13,16,17,18,21,23,25
2670,2,3,5,10,11,12,13,14,16,18,19,21,23,24,25
2670,3,1,2,3,4,6,8,10,12,13,15,20,21,23,25
2670,4,1,2,3,5,9,10,11,12,13,15,18,19,21,22
2670,5,1,4,6,9,11,13,14,15,17,19,20,21,22,24
2670,6,4,5,6,9,10,11,12,13,14,17,20,21,23,25
2671,1,1,3,4,5,6,7,11,12,13,14,18,19,20,21
2671,2,1,2,4,5,6,7,9,12,14,15,17,18,21,23
2671,3,1,4,6,7,8,9,11,13,14,16,17,19,20,23
2671,4,1,3,4,5,6,11,12,16,17,19,20,21,22,24
2671,5,1,2,3,5,6,7,8,10,14,15,17,20,22,24
2671,6,1,3,4,7,9,10,11,13,15,16,17,21,24,25
2672,1,2,5,6,8,10,11,12,13,15,16,18,19,20,22
2672,2,1,3,4,5,6,9,12,15,16,17,19,21,24,25
2672,3,4,6,7,8,9,11,13,15,16,18,20,21,22,24
2672,4,1,3,4,7,8,9,10,12,15,17,18,23,24,25
2672,5,3,4,6,7,9,10,11,13,14,20,21,22,23,25
2672,6,1,3,4,5,9,10,11,12,13,14,15,18,21,25
2673,1,1,2,4,7,8,10,13,17,19,20,21,22,23,24
2673,2,1,3,4,5,6,7,10,12,13,16,17,20,22,23
2673,3,1,2,4,5,7,8,9,11,12,15,16,18,24,25
2673,4,1,2,4,5,6,7,8,9,11,14,18,20,21,23
2673,5,2,4,7,10,12,13,14,15,16,17,18,19,23,25
2673,6,1,3,4,5,6,7,9,13,15,16,17,21,23,25
2674,1,2,4,5,6,9,12,13,16,17,19,21,22,23,25
2674,2,3,4,5,6,7,8,14,15,19,20,21,23,24,25
2674,3,4,5,6,7,9,10,11,12,14,15,18,19,23,25
2674,4,3,4,6,8,9,10,13,14,17,19,20,21,23,25
2674,5,1,2,5,6,8,9,11,12,14,16,17,21,22,24
2674,6,1,2,4,6,8,10,11,13,14,15,16,17,18,24
2675,1,1,3,5,6,12,13,14,15,16,18,19,22,24,25
2675,2,2,4,5,6,7,9,10,12,14,17,18,19,23,24
2675,3,2,3,6,10,11,13,14,15,16,18,19,22,23,25
2675,4,1,2,3,4,6,7,12,13,15,17,19,21,22,23
2675,5,1,2,4,5,7,9,12,14,15,16,17,21,24,25
2675,6,2,3,4,5,6,11,12,15,16,17,18,19,20,25
2676,1,2,3,7,8,11,12,13,14,15,17,21,22,23,25
2676,2,1,3,5,11,12,14,16,17,18,20,22,23,24,25
2676,3,1,2,4,6,7,9,10,13,14,15,18,22,23,24
2676,4,3,4,6,9,10,13,14,15,16,18,20,23,24,25
2676,5,4,5,7,8,10,14,16,17,18,19,22,23,24,25
2676,6,3,4,5,6,8,13,14,17,19,20,21,22,24,25
2677,1,2,4,9,11,13,14,15,17,18,19,20,21,23,24
2677,2,1,3,4,5,6,7,13,14,16,17,18,20,21,23
2677,3,1,3,4,5,7,8,10,11,12,13,16,17,18,21
2677,4,1,4,5,6,8,15,16,17,18,20,21,22,23,24
2677,5,2,4,5,6,7,8,10,11,13,15,18,19,21,23
2677,6,4,5,6,8,10,12,13,14,15,17,18,21,24,25
2678,1,1,4,5,7,9,13,14,16,17,19,21,22,24,25
2678,2,1,2,6,7,8,11,14,15,17,18,21,22,24,25
2678,3,1,3,4,6,7,9,16,17,18,19,20,22,23,25
2678,4,1,2,3,6,7,8,10,12,14,16,19,22,23,24
2678,5,1,3,5,8,11,12,14,17,18,19,20,22,23,25
2678,6,1,4,6,7,8,9,12,14,16,17,21,22,23,24
2679,1,1,2,4,5,6,7,9,10,12,14,18,20,21,24
2679,2,2,4,6,7,8,9,10,12,14,15,17,20,23,24
2679,3,2,3,4,7,9,12,13,15,16,18,19,21,23,25
2679,4,3,5,6,9,13,14,16,17,18,20,21,23,24,25
2679,5,2,4,5,7,8,9,10,11,12,14,16,20,23,24
2679,6,2,3,4,7,9,10,13,14,15,16,17,20,22,23
2680,1,1,2,3,6,8,10,12,13,15,16,17,23,24,25
2680,2,2,6,8,10,12,13,15,17,19,20,21,22,24,25
2680,3,1,2,4,7,8,9,10,13,14,16,17,20,24,25
2680,4,1,2,3,4,8,10,13,14,15,16,21,23,24,25
2680,5,4,7,10,11,13,14,15,16,19,20,21,23,24,25
2680,6,5,7,8,10,11,12,14,15,16,17,19,21,23,24
2681,1,2,4,5,10,11,13,14,15,18,20,22,23,24,25
2681,2,1,2,3,4,5,6,8,9,12,14,16,18,19,23
2681,3,3,4,6,7,9,10,11,13,15,17,20,22,23,24
2681,4,2,4,5,10,11,12,14,15,16,17,18,20,23,25
2681,5,1,2,10,11,12,14,15,16,17,18,19,23,24,25
2681,6,3,4,5,6,10,12,15,16,17,18,19,20,21,25
2682,1,2,5,7,8,9,10,13,15,16,17,18,23,24,25
2682,2,1,3,4,5,6,7,12,13,15,16,19,20,23,25
2682,3,4,5,7,8,9,12,13,14,15,16,17,20,21,24
2682,4,1,3,4,7,8,11,15,16,17,19,20,21,24,25
2682,5,2,5,8,9,11,14,15,17,18,19,20,21,22,23
2682,6,1,2,4,7,8,9,12,13,17,20,21,22,24,25
2683,1,1,2,3,5,7,8,9,10,12,16,19,20,22,24
2683,2,4,5,7,8,10,11,16,17,18,19,20,21,22,24
2683,3,1,2,3,4,6,7,8,9,10,12,13,14,19,25
2683,4,4,8,9,12,13,14,15,16,17,18,19,20,21,23
2683,5,1,3,4,5,6,7,8,12,13,14,15,17,22,24
2683,6,2,5,8,10,12,13,14,15,16,17,21,22,24,25
2684,1,2,6,8,9,10,12,13,14,15,17,18,21,22,23
2684,2,2,4,7,8,9,10,11,12,14,15,17,23,24,25
2684,3,1,3,4,7,10,11,12,13,14,15,17,21,24,25
2684,4,1,4,5,7,8,9,10,11,13,14,15,18,22,25
2684,5,3,5,7,8,9,11,14,16,18,19,20,21,23,25
2684,6,2,3,4,5,8,9,12,13,16,19,21,22,24,25
2685,1,4,7,8,9,12,14,15,16,17,18,21,22,23,24
2685,2,1,4,6,7,10,11,14,15,16,20,22,23,24,25
2685,3,1,2,3,6,8,10,11,12,14,15,16,17,19,20
2685,4,1,4,5,6,8,9,10,11,13,14,15,17,19,21
2685,5,1,3,8,9,10,11,14,15,16,18,21,23,24,25
2685,6,2,4,5,6,8,9,10,11,12,16,19,20,21,25
2686,1,2,3,4,5,9,10,11,13,14,15,19,20,21,24
2686,2,2,5,7,11,13,15,16,18,20,21,22,23,24,25
2686,3,2,4,6,7,8,9,11,12,13,16,17,18,20,21
2686,4,1,2,3,4,8,9,12,14,15,17,19,20,21,25
2686,5,1,2,6,7,11,12,13,14,15,19,20,21,23,25
2686,6,1,5,6,8,9,12,13,16,18,20,22,23,24,25
2687,1,1,2,3,4,5,6,8,9,10,13,16,18,21,25
2687,2,1,4,6,8,9,10,12,13,14,18,19,22,24,25
2687,3,2,3,4,6,8,10,12,13,15,17,18,22,23,25
2687,4,1,2,4,5,8,11,14,15,16,18,19,20,23,25
2687,5,2,3,4,6,7,9,10,11,13,16,18,19,24,25
2687,6,3,4,9,11,15,17,18,19,20,21,22,23,24,25
2688,1,2,3,4,6,9,11,14,16,17,18,19,23,24,25
2688,2,2,5,6,7,9,10,11,12,13,14,16,18,24,25
2688,3,1,2,6,7,10,14,15,19,20,21,22,23,24,25
2688,4,3,4,5,6,8,10,11,12,14,15,17,18,19,24
2688,5,6,7,9,10,11,12,14,16,17,20,21,23,24,25
2688,6,3,5,7,8,10,11,13,14,15,16,18,19,20,23
2689,1,1,3,4,7,10,14,15,16,18,19,20,21,22,23
2689,2,2,3,6,7,8,10,11,13,17,18,20,21,22,23
2689,3,2,6,7,8,9,12,14,15,18,19,20,21,23,25
2689,4,1,3,7,8,9,10,11,13,15,16,17,21,24,25
2689,5,1,4,7,8,13,14,15,16,17,20,21,23,24,25
2689,6,1,3,5,7,8,9,10,15,16,20,22,23,24,25
2690,1,2,4,5,7,8,9,10,12,13,14,15,17,18,21
2690,2,2,3,5,7,8,9,10,13,14,15,20,21,22,23
2690,3,1,3,4,5,6,7,8,15,16,17,21,23,24,25
2690,4,1,2,5,7,8,9,10,14,15,17,18,19,20,22
2690,5,3,4,6,11,13,14,15,16,17,20,22,23,24,25
2690,6,1,3,4,8,10,11,12,13,15,16,17,20,21,23
2691,1,2,5,7,9,12,13,15,16,17,20,21,22,23,25
2691,2,2,3,4,5,7,9,10,11,12,15,17,18,19,24
2691,3,1,4,5,6,11,12,13,14,15,18,19,20,23,25
2691,4,1,4,7,9,10,14,15,16,17,18,19,20,21,24
2691,5,4,5,6,7,8,9,13,15,16,18,19,21,22,23
2691,6,1,2,5,8,10,11,13,14,17,18,20,22,24,25
2692,1,1,2,4,6,7,8,9,12,15,16,17,18,23,25
2692,2,1,2,3,4,8,11,13,14,15,17,21,23,24,25
2692,3,1,7,8,9,10,12,14,16,17,19,20,23,24,25
2692,4,2,3,6,7,8,10,12,13,16,18,20,21,22,25
2692,5,2,4,5,9,10,11,12,13,14,15,16,18,20,24
2692,6,1,4,5,6,11,12,13,17,19,20,21,23,24,25
2693,1,1,2,5,9,12,15,16,17,18,19,20,22,23,24
2693,2,1,2,3,6,8,11,12,13,15,18,19,20,22,25
2693,3,2,3,5,6,9,12,14,15,17,19,21,23,24,25
2693,4,1,3,5,6,9,10,14,15,17,19,20,21,22,25
2693,5,2,6,7,8,13,14,15,17,18,21,22,23,24,25
2693,6,3,6,7,9,10,12,13,14,17,18,20,21,23,24
2694,1,3,6,7,9,10,11,12,13,16,18,19,21,22,24
2694,2,1,4,5,6,8,9,10,11,12,13,14,17,20,23
2694,3,3,5,6,8,9,10,11,12,13,14,18,19,21,25
2694,4,1,7,8,9,10,11,14,15,16,19,21,22,23,24
2694,5,1,2,4,5,6,7,8,10,17,18,20,21,23,24
2694,6,2,3,5,9,10,11,12,16,17,19,20,22,23,24
2695,1,1,2,5,9,13,14,15,16,17,18,20,22,23,25
2695,2,2,5,6,8,9,11,13,14,15,19,20,21,24,25
2695,3,2,3,4,7,8,9,10,13,17,18,19,22,24,25
2695,4,1,2,3,4,8,14,15,16,19,20,21,22,23,24
2695,5,1,4,5,6,10,11,12,13,16,17,18,19,21,22
2695,6,2,3,5,7,11,12,13,14,17,18,21,23,24,25
2696,1,3,5,6,7,8,10,11,12,13,16,19,21,22,24
2696,2,2,4,6,7,8,10,11,13,14,15,17,18,19,25
2696,3,2,5,7,9,10,11,12,13,15,16,19,21,22,25
2696,4,2,3,6,7,8,11,13,17,18,19,20,22,24,25
2696,5,1,2,3,4,5,6,7,10,14,15,17,21,22,24
2696,6,1,2,3,5,7,9,10,12,17,18,19,21,22,25
2697,1,1,2,3,6,10,11,13,14,15,16,17,19,22,23
2697,2,1,4,5,7,10,11,14,15,17,18,21,22,24,25
2697,3,2,4,5,8,10,11,12,14,15,16,19,20,23,24
2697,4,3,4,5,6,7,8,9,11,12,14,16,18,21,22
2697,5,1,2,3,4,5,6,8,9,10,11,15,21,22,23
2697,6,2,5,6,7,8,12,14,15,16,18,20,22,23,25
2698,1,2,4,5,8,10,11,12,13,17,18,19,22,23,25
2698,2,1,3,4,7,8,10,11,12,13,16,17,18,22,25
2698,3,5,7,9,12,14,16,18,19,20,21,22,23,24,25
2698,4,6,8,10,11,12,14,17,18,19,20,21,22,24,25
2698,5,3,4,5,7,10,11,13,14,15,16,21,22,23,24
2698,6,1,2,7,8,9,10,11,15,17,18,19,21,22,23
2699,1,2,3,4,5,7,10,11,14,15,18,19,20,21,23
2699,2,1,2,4,6,8,9,10,11,14,16,19,20,21,23
2699,3,4,5,6,9,13,14,15,16,18,19,20,21,23,24
2699,4,1,3,4,6,7,9,10,13,14,15,16,17,22,23
2699,5,4,7,8,9,10,11,12,15,16,18,19,21,23,24
2699,6,1,3,6,7,8,9,11,15,17,18,20,22,23,25
2700,1,1,2,3,4,5,6,9,11,13,18,19,22,24,25
2700,2,2,3,4,5,6,8,10,11,12,15,16,18,19,25
2700,3,2,4,5,6,7,8,11,14,17,18,20,21,22,23
2700,4,3,4,5,6,7,13,15,16,17,18,19,20,22,23
2700,5,3,4,7,8,9,10,11,13,15,16,17,18,23,24
2700,6,1,2,4,5,8,9,12,15,16,17,18,21,23,25
2701,1,1,3,4,6,7,9,12,14,15,17,19,20,22,23
2701,2,2,6,12,13,16,17,18,19,20,21,22,23,24,25
2701,3,1,4,5,6,7,8,10,11,12,18,19,20,23,25
2701,4,1,2,4,5,7,8,10,11,14,17,20,21,23,24
2701,5,1,3,6,7,8,9,10,13,15,16,17,18,19,21
2701,6,2,3,4,6,7,11,12,13,14,18,22,23,24,25
2702,1,2,3,4,6,7,8,11,12,15,16,20,22,23,24
2702,2,2,3,5,6,7,8,9,13,14,15,16,20,22,23
2702,3,1,2,4,6,8,12,14,15,16,17,18,21,23,24
2702,4,1,2,4,5,8,9,10,13,17,19,20,23,24,25
2702,5,1,2,3,4,8,11,13,14,15,16,18,19,21,24
2702,6,1,2,6,7,8,10,11,12,15,19,20,22,23,24
2703,1,6,8,9,10,12,13,16,17,18,19,20,22,24,25
2703,2,3,7,8,9,11,13,16,17,18,19,21,22,24,25
2703,3,1,3,5,6,7,8,9,10,11,14,16,18,22,23
2703,4,1,2,3,6,7,10,11,13,14,16,18,19,20,25
2703,5,2,3,4,5,7,8,9,10,12,14,15,16,17,21
2703,6,2,3,7,10,12,13,14,15,16,17,20,23,24,25
2704,1,3,4,5,7,8,11,12,15,16,19,20,21,22,24
2704,2,1,3,4,5,7,8,13,14,15,17,18,21,24,25
2704,3,3,4,5,6,8,10,12,13,15,16,17,19,21,23
2704,4,1,2,3,5,6,7,9,10,11,15,17,18,21,22
2704,5,1,2,3,6,8,10,11,12,13,14,15,16,21,22
2704,6,1,2,4,5,6,7,9,11,13,16,17,18,19,22
2705,1,1,2,7,8,11,12,13,19,20,21,22,23,24,25
2705,2,2,4,5,8,10,12,14,15,16,17,18,19,24,25
2705,3,4,5,6,7,8,9,13,14,15,17,20,22,23,24
2705,4,1,2,3,5,6,11,13,14,15,18,20,23,24,25
2705,5,1,2,4,5,8,12,13,14,16,17,18,19,20,22
2705,6,2,3,4,6,8,9,10,11,12,14,16,17,19,23
2706,1,2,5,7,8,9,10,11,12,13,14,16,19,20,24
2706,2,3,4,5,6,7,9,10,11,14,16,18,19,24,25
2706,3,1,2,4,5,10,11,12,13,18,19,20,21,22,25
2706,4,2,4,7,8,9,10,11,13,14,16,17,20,22,24
2706,5,1,2,5,7,9,10,11,12,13,18,19,20,23,24
2706,6,1,3,4,5,6,9,13,16,17,19,20,21,24,25
2707,1,1,4,5,6,7,8,10,11,15,18,21,22,23,24
2707,2,3,4,5,6,8,9,11,12,13,16,20,21,23,25
2707,3,1,2,3,4,5,6,10,11,13,19,20,23,24,25
2707,4,1,2,3,4,5,6,9,15,16,17,18,20,22,25
2707,5,1,3,6,8,9,11,12,13,14,15,16,21,22,23
2707,6,1,3,4,5,6,8,9,11,16,18,19,20,21,22
2708,1,3,5,7,8,9,10,11,12,15,17,18,19,20,25
2708,2,1,2,3,4,5,8,9,10,18,19,22,23,24,25
2708,3,2,3,4,6,7,8,9,13,17,18,21,22,23,25
2708,4,1,3,4,6,7,9,14,15,17,18,20,21,23,24
2708,5,2,3,4,6,7,9,11,13,14,15,18,20,24,25
2708,6,1,3,4,5,7,10,11,12,13,16,18,20,23,25
2709,1,1,2,6,8,9,10,11,12,15,17,18,19,22,23
2709,2,1,2,4,5,7,8,10,15,16,17,18,19,21,25
2709,3,1,3,4,7,8,11,13,14,15,18,20,21,22,23
2709,4,3,4,5,7,10,11,14,15,16,17,18,21,22,23
2709,5,2,3,4,5,8,9,11,13,14,15,16,17,18,25
2709,6,1,2,4,5,6,7,8,10,13,14,16,17,18,24
2710,1,2,3,5,7,8,9,10,15,17,19,20,22,23,25
2710,2,1,2,3,5,9,10,15,17,18,19,21,22,23,24
2710,3,1,3,4,5,7,13,14,16,17,18,20,21,22,24
2710,4,6,7,9,10,12,13,15,16,17,19,20,21,23,24
2710,5,1,2,4,6,8,9,11,14,15,16,19,22,24,25
2710,6,1,2,4,5,7,8,10,12,14,15,16,18,20,24
2711,1,1,3,5,10,11,14,15,16,17,19,20,22,23,24
2711,2,1,5,6,7,8,9,12,13,16,17,20,22,24,25
2711,3,1,5,6,7,8,9,15,17,18,19,22,23,24,25
2711,4,1,2,6,7,9,10,11,12,13,16,21,22,23,24
2711,5,3,4,6,9,11,12,14,15,17,19,21,22,23,24
2711,6,6,7,9,10,11,12,13,15,16,17,20,22,23,25
2712,1,1,3,5,9,10,11,13,14,15,16,17,19,20,25
2712,2,1,2,4,6,9,10,13,15,18,20,21,23,24,25
2712,3,1,3,4,5,9,10,11,13,15,16,17,20,21,25
2712,4,1,2,4,5,8,9,12,13,17,18,19,21,22,23
2712,5,3,5,6,7,10,11,12,13,15,17,18,19,21,23
2712,6,2,3,6,7,9,10,11,12,13,17,19,20,21,24
2713,1,1,3,4,5,6,8,9,10,12,14,15,16,18,22
2713,2,1,2,3,4,7,8,9,15,16,18,20,21,24,25
2713,3,1,2,3,4,7,8,10,12,13,16,19,21,22,23
2713,4,2,3,4,6,7,8,11,13,15,18,20,21,22,25
2713,5,1,2,4,6,10,12,13,15,16,18,19,20,21,25
2713,6,1,3,5,6,9,10,11,14,17,19,21,22,24,25
2714,1,1,3,5,7,8,10,11,12,14,16,17,21,22,24
2714,2,2,4,5,7,12,13,14,15,17,18,19,23,24,25
2714,3,2,4,6,7,9,10,11,14,15,18,19,21,23,25
2714,4,1,2,5,6,8,10,12,13,15,16,17,18,24,25
2714,5,3,5,6,7,8,9,11,16,17,18,20,22,23,25
2714,6,2,5,7,8,10,11,16,18,19,20,21,22,24,25
2715,1,1,4,5,6,9,10,13,16,17,19,20,22,24,25
2715,2,5,6,7,8,11,13,16,17,19,20,21,22,24,25
2715,3,2,6,7,8,11,12,14,15,16,17,18,20,22,25
2715,4,1,3,4,7,8,10,11,13,14,16,17,20,23,24
2715,5,1,4,5,6,8,9,10,13,14,16,19,21,23,25
2715,6,2,3,4,5,7,10,13,14,15,16,17,18,19,20
2716,1,1,4,5,6,8,9,10,12,13,14,15,16,17,19
2716,2,2,3,7,8,9,12,13,14,15,17,19,20,22,25
2716,3,2,3,4,5,7,10,12,13,15,16,20,21,23,24
2716,4,1,3,5,6,7,9,12,13,14,16,17,20,22,25
2716,5,2,4,5,6,7,8,11,12,13,17,20,22,24,25
2716,6,2,3,4,5,8,9,11,14,15,17,18,20,22,23
2717,1,2,3,4,6,7,12,13,14,16,17,20,21,22,25
2717,2,1,2,3,7,8,11,13,14,15,16,18,20,21,25
2717,3,1,2,3,6,10,12,13,14,15,17,21,23,24,25
2717,4,2,4,5,6,7,9,10,13,15,17,19,20,24,25
2717,5,2,4,5,7,8,10,12,14,16,18,19,21,23,24
2717,6,1,2,3,7,8,9,11,15,17,18,19,20,22,24
2718,1,2,3,4,6,7,8,9,12,13,14,17,21,24,25
2718,2,1,3,4,5,8,10,11,12,13,14,15,16,20,25
2718,3,2,3,7,8,9,10,11,12,14,16,18,22,23,25
2718,4,2,3,4,5,7,8,11,12,13,15,20,21,22,24
2718,5,1,2,3,6,8,11,13,14,15,16,21,23,24,25
2718,6,1,5,6,7,8,10,12,15,16,17,18,19,20,25
2719,1,1,2,4,5,6,8,11,13,14,19,20,21,24,25
2719,2,4,5,6,7,8,12,13,14,15,16,18,20,21,24
2719,3,3,5,7,8,9,11,12,13,15,18,20,22,23,25
2719,4,1,3,4,7,8,9,11,14,16,17,18,21,24,25
2719,5,2,3,4,5,6,9,10,12,13,14,15,19,23,25
2719,6,1,2,3,4,7,9,12,14,16,17,19,21,22,23
2720,1,1,2,3,6,9,10,12,13,15,18,19,22,23,25
2720,2,1,2,3,6,9,10,11,12,17,18,19,22,23,24
2720,3,3,4,7,8,11,12,13,14,16,18,19,22,23,25
2720,4,2,4,6,8,9,10,12,14,16,17,20,21,24,25
2720,5,1,3,5,7,11,14,15,16,18,20,21,22,23,25
2720,6,1,2,3,4,9,10,11,12,13,14,20,22,24,25
2721,1,2,4,5,7,9,10,12,13,15,17,19,21,22,24
2721,2,1,2,5,6,8,10,11,12,13,16,17,20,23,24
2721,3,1,2,6,8,9,10,13,15,16,19,20,21,23,25
2721,4,3,4,6,8,9,11,13,14,16,18,19,22,24,25
2721,5,1,2,4,5,7,8,12,13,17,19,21,22,23,25
2721,6,2,3,4,5,6,7,8,9,11,15,17,19,23,25
2722,1,3,6,7,8,11,12,13,14,19,20,22,23,24,25
2722,2,2,3,5,6,7,8,14,15,16,19,21,22,23,24
2722,3,2,3,4,5,7,8,10,12,13,16,17,20,21,23
2722,4,1,5,7,8,11,12,13,14,15,18,19,20,21,23
2722,5,1,5,6,7,8,9,11,12,14,15,16,19,22,24
2722,6,1,4,8,12,13,14,15,16,17,18,19,20,24,25
2723,1,1,2,3,4,6,7,12,14,16,17,18,21,24,25
2723,2,1,3,6,8,9,10,13,14,15,16,17,18,21,22
2723,3,2,4,5,6,12,13,14,15,18,20,21,22,23,25
2723,4,2,3,6,7,8,10,12,14,15,17,19,20,23,24
2723,5,1,4,6,7,8,10,12,13,14,15,21,22,23,25
2723,6,1,2,3,4,5,7,8,9,12,13,17,19,21,25
2724,1,1,2,4,5,6,7,10,13,14,15,16,19,22,25
2724,2,3,9,11,12,13,14,15,17,18,19,21,23,24,25
2724,3,2,5,7,9,12,13,14,15,19,20,21,22,23,25
2724,4,2,3,4,7,8,10,11,12,14,16,17,18,23,24
2724,5,1,2,7,9,10,11,12,16,17,18,19,20,23,24
2724,6,4,6,8,9,10,11,12,15,16,18,20,22,24,25
2725,1,1,3,5,6,8,10,11,13,14,17,18,20,22,23
2725,2,1,2,3,5,7,8,12,13,16,18,19,22,23,24
2725,3,3,5,6,10,13,15,16,17,19,20,22,23,24,25
2725,4,3,6,8,10,11,12,13,14,15,17,19,20,23,25
2725,5,2,5,6,8,10,11,12,13,14,15,16,20,21,24
2725,6,2,3,4,5,7,8,11,12,18,19,21,23,24,25
2726,1,1,4,5,6,8,9,10,11,13,16,18,20,24,25
2726,2,1,4,5,6,8,9,14,15,16,19,22,23,24,25
2726,3,2,4,6,7,10,12,13,16,18,20,21,23,24,25
2726,4,2,3,4,5,6,7,9,16,18,19,20,23,24,25
2726,5,1,5,6,7,8,10,11,13,15,18,19,20,21,25
2726,6,1,2,3,4,5,6,7,9,11,12,18,20,22,24
2727,1,1,3,4,7,8,9,10,12,16,17,18,19,20,25
2727,2,2,6,7,9,12,13,14,16,17,19,20,21,23,24
2727,3,1,2,5,8,9,11,13,14,15,17,18,20,21,22
2727,4,3,5,10,11,12,15,16,17,18,19,20,21,22,25
2727,5,2,4,5,7,9,11,12,15,16,17,19,21,23,25
2727,6,1,5,6,7,8,11,12,13,14,15,17,19,20,24
2728,1,3,6,7,9,10,12,13,15,17,18,19,20,22,24
2728,2,2,5,6,7,10,11,12,14,16,17,18,20,24,25
2728,3,3,4,8,9,10,11,13,14,16,17,19,20,21,25
2728,4,1,5,6,7,8,11,12,14,15,16,19,20,24,25
2728,5,1,2,6,7,8,9,11,15,16,17,18,19,21,24
2728,6,1,2,3,4,8,12,13,14,15,16,18,23,24,25
2729,1,1,2,3,6,9,10,12,13,14,16,19,20,21,25
2729,2,1,3,4,7,8,13,15,16,17,19,20,21,22,23
2729,3,1,4,7,8,10,11,13,16,17,18,20,21,23,25
2729,4,1,2,4,8,9,10,13,14,15,16,17,20,21,25
2729,5,3,4,6,7,10,11,12,13,14,17,18,21,22,24
2729,6,3,5,7,9,13,15,16,18,19,20,21,22,23,24
2730,1,3,7,11,12,13,14,15,16,17,18,19,22,24,25
2730,2,3,4,5,8,9,11,15,16,17,18,19,20,22,23
2730,3,1,2,6,8,10,11,12,15,16,17,20,22,23,25
2730,4,3,5,6,8,9,12,14,15,18,21,22,23,24,25
2730,5,1,2,4,7,9,10,16,17,18,19,20,21,23,25
2730,6,1,3,4,5,8,9,11,12,17,18,19,21,22,25
2731,1,1,6,9,10,11,13,14,16,18,19,22,23,24,25
2731,2,2,3,4,5,7,8,10,12,13,14,16,20,22,25
2731,3,2,3,4,5,8,9,10,11,15,18,20,21,22,23
2731,4,1,2,3,7,8,9,11,14,15,17,18,19,23,24
2731,5,1,5,7,8,9,10,11,12,15,16,17,19,21,25
2731,6,1,2,3,4,5,7,9,10,11,13,14,20,21,22
2732,1,5,6,9,11,14,15,16,17,18,20,21,22,23,24
2732,2,6,8,9,10,11,12,13,14,16,17,18,19,20,25
2732,3,3,5,6,7,11,12,14,16,18,19,20,21,24,25
2732,4,1,2,3,4,7,8,10,13,14,16,17,19,21,22
2732,5,1,2,3,4,6,7,11,15,16,17,19,20,23,24
2732,6,5,6,7,13,14,15,16,17,19,20,21,22,23,24
2733,1,4,7,8,9,10,11,12,14,15,18,19,20,24,25
2733,2,1,2,4,5,6,7,9,11,14,15,18,21,22,23
2733,3,1,2,3,4,6,8,9,10,12,14,17,21,22,23
2733,4,1,2,5,7,10,11,12,16,18,19,20,21,22,24
2733,5,1,3,4,5,11,14,15,16,18,19,20,21,23,24
2733,6,1,3,6,10,11,12,13,14,15,17,19,22,23,25
2734,1,2,3,4,7,11,13,14,15,16,20,21,22,23,24
2734,2,5,6,8,9,10,11,12,13,15,16,18,21,22,23
2734,3,1,2,5,6,7,8,12,16,17,19,20,21,23,25
2734,4,2,4,6,10,11,13,15,17,18,19,20,21,24,25
2734,5,2,3,6,8,9,11,12,14,16,18,20,21,22,23
2734,6,1,2,3,4,10,11,13,14,15,17,19,21,23,24
2735,1,4,7,8,9,10,14,15,16,17,19,20,21,22,23
2735,2,1,3,4,5,6,10,13,16,17,18,19,20,21,25
2735,3,1,3,5,8,9,11,12,14,17,19,20,22,23,24
2735,4,2,3,5,6,7,9,11,13,15,16,17,19,20,22
2735,5,1,2,5,7,8,12,13,14,16,17,20,21,22,25
2735,6,1,2,3,5,6,7,15,16,17,18,19,20,21,25
2736,1,6,7,8,10,12,13,14,15,16,17,18,19,23,24
2736,2,2,4,10,11,12,13,14,18,19,20,21,22,24,25
2736,3,4,6,7,8,12,13,15,16,18,21,22,23,24,25
2736,4,1,2,5,7,8,9,10,12,13,15,16,18,19,25
2736,5,1,5,8,9,10,12,13,14,15,18,20,21,22,23
2736,6,1,3,4,5,8,10,12,13,14,16,18,19,22,23
2737,1,1,2,3,4,5,6,9,10,11,14,15,16,19,25
2737,2,1,3,5,7,8,11,14,15,18,19,21,22,24,25
2737,3,1,5,7,12,13,14,15,16,17,20,21,22,23,24
2737,4,2,5,6,8,9,10,13,15,16,20,21,22,23,24
2737,5,5,6,7,9,10,11,12,13,14,16,17,19,20,21
2737,6,2,3,4,6,10,13,14,16,19,20,21,22,23,25
2738,1,1,2,5,6,7,11,12,13,14,15,16,19,20,25
2738,2,1,2,3,4,6,8,14,16,17,20,21,23,24,25
2738,3,2,3,4,6,14,15,16,17,18,20,22,23,24,25
2738,4,2,4,5,6,8,9,11,12,15,16,20,21,22,24
2738,5,1,2,5,7,9,12,13,14,15,16,17,18,24,25
2738,6,3,4,5,7,9,10,16,17,19,20,21,22,24,25
2739,1,3,4,6,7,8,9,11,13,14,16,18,19,23,24
2739,2,4,7,8,9,11,13,15,16,17,19,20,23,24,25
2739,3,2,7,8,9,11,12,13,14,16,17,18,22,23,25
2739,4,3,4,5,6,7,10,13,16,17,18,20,21,22,24
2739,5,2,3,5,6,7,9,13,14,17,19,20,21,23,24
2739,6,2,3,4,5,6,7,8,15,16,17,18,19,20,24
2740,1,1,6,7,8,9,11,14,15,18,19,20,21,24,25
2740,2,1,2,4,5,7,8,10,11,12,13,19,22,24,25
2740,3,2,5,6,8,9,10,12,13,14,15,17,19,21,25
2740,4,2,3,4,6,8,9,10,12,13,15,16,17,24,25
2740,5,1,2,4,6,7,11,13,15,16,18,20,21,24,25
2740,6,2,3,5,6,7,8,11,13,14,15,17,18,23,25
2741,1,1,2,7,8,10,11,13,16,17,18,20,21,22,25
2741,2,1,7,9,10,11,12,14,16,17,18,19,22,23,25
2741,3,1,2,3,4,7,8,9,13,16,18,19,21,23,25
2741,4,1,3,5,6,8,9,12,13,17,18,19,20,24,25
2741,5,1,3,5,10,11,12,15,16,17,18,19,20,23,25
2741,6,3,4,7,9,10,13,14,15,16,17,18,19,24,25
2742,1,1,2,3,4,5,6,7,9,11,12,14,17,20,25
2742,2,4,5,7,8,9,10,13,14,18,19,21,23,24,25
2742,3,4,5,7,8,11,13,14,17,18,19,22,23,24,25
2742,4,1,2,3,6,7,10,12,14,15,16,18,19,23,24
2742,5,1,2,4,5,7,10,11,12,13,16,17,18,20,21
2742,6,1,2,6,7,8,9,10,13,14,17,18,19,20,24
2743,1,1,4,5,10,11,12,14,16,17,18,20,23,24,25
2743,2,2,3,5,6,8,11,12,14,15,16,18,20,22,24
2743,3,1,2,6,7,9,14,15,16,17,19,22,23,24,25
2743,4,3,4,5,6,9,11,12,14,16,17,19,22,23,24
2743,5,2,3,4,5,7,9,10,11,12,16,17,21,24,25
2743,6,2,8,9,10,11,12,13,15,17,18,20,21,22,23
2744,1,3,4,6,8,11,12,15,18,20,21,22,23,24,25
2744,2,1,2,3,4,5,8,12,14,16,18,19,20,22,25
2744,3,1,5,6,8,9,11,12,13,15,17,20,23,24,25
2744,4,3,4,9,10,12,13,14,15,16,17,19,21,22,24
2744,5,2,5,6,7,9,10,12,13,14,18,21,22,23,24
2744,6,1,4,5,6,10,14,15,17,18,19,20,22,23,25
2745,1,1,2,3,4,8,9,11,12,16,17,19,22,24,25
2745,2,1,2,3,6,10,11,13,14,16,18,19,20,21,25
2745,3,2,4,6,7,8,9,11,13,14,16,21,23,24,25
2745,4,6,7,8,9,11,12,15,16,17,18,19,20,24,25
2745,5,2,3,5,6,7,8,9,11,13,15,18,19,20,22
2745,6,6,10,11,12,14,15,16,17,20,21,22,23,24,25
2746,1,1,2,3,5,6,7,10,14,15,17,20,22,24,25
2746,2,2,5,6,8,9,12,13,15,17,18,19,20,23,25
2746,3,1,3,4,5,6,12,14,15,16,21,22,23,24,25
2746,4,2,4,5,6,10,12,15,17,18,19,21,22,23,24
2746,5,2,3,5,7,8,9,10,11,13,19,20,21,22,25
2746,6,1,2,3,7,9,14,15,16,18,19,20,22,24,25
2747,1,3,4,6,8,9,11,12,13,14,15,18,19,22,25
2747,2,1,2,3,5,6,7,8,11,12,16,18,19,23,25
2747,3,4,5,7,9,10,11,12,14,15,18,19,20,23,24
2747,4,1,2,3,4,5,7,9,10,14,15,17,18,22,25
2747,5,1,2,4,7,10,11,13,14,17,18,21,23,24,25
2747,6,1,3,5,6,7,8,9,10,12,14,15,17,24,25
2748,1,1,3,7,8,9,12,13,16,17,18,21,22,23,25
2748,2,1,4,5,6,8,9,11,14,15,18,21,22,24,25
2748,3,1,2,5,6,7,8,10,12,13,15,17,20,23,25
2748,4,1,2,5,7,9,10,11,12,14,16,19,23,24,25
2748,5,1,2,3,7,9,10,11,14,15,16,17,18,20,24
2748,6,1,2,5,6,7,8,11,14,16,17,18,21,23,25
2749,1,4,5,7,8,10,14,15,16,18,20,22,23,24,25
2749,2,1,6,7,8,9,10,11,12,15,18,19,20,23,25
2749,3,1,3,5,7,8,9,10,12,13,14,16,17,19,23
2749,4,6,8,9,11,13,14,15,16,19,20,21,23,24,25
2749,5,2,5,7,8,9,10,14,15,17,18,19,20,21,22
2749,6,1,2,5,6,8,12,13,16,17,18,21,22,24,25
2750,1,1,4,5,7,10,11,14,15,17,18,19,20,22,25
2750,2,1,4,5,6,9,11,13,14,17,19,21,22,24,25
2750,3,1,2,4,6,8,9,10,11,13,14,18,20,23,25
2750,4,1,2,5,7,8,9,11,12,13,15,16,17,20,23
2750,5,2,3,5,6,7,11,15,16,17,18,21,22,23,25
2750,6,3,4,8,10,12,13,14,15,16,17,21,23,24,25
2751,1,1,2,6,8,9,10,12,14,15,17,18,23,24,25
2751,2,1,3,6,8,10,11,12,16,17,21,22,23,24,25
2751,3,1,2,3,5,7,8,10,11,13,15,16,17,21,22
2751,4,2,3,4,9,11,12,18,19,20,21,22,23,24,25
2751,5,2,5,6,8,9,10,11,15,16,17,18,20,22,25
2751,6,2,3,5,6,9,11,13,15,18,19,20,22,23,24
2752,1,1,2,4,5,6,8,9,10,11,14,16,18,20,21
2752,2,1,4,5,6,7,8,9,11,12,13,16,18,19,20
2752,3,2,3,6,9,10,14,15,16,17,18,20,21,23,25
2752,4,2,5,7,9,14,15,16,18,19,21,22,23,24,25
2752,5,1,2,3,4,5,7,9,10,15,17,18,20,24,25
2752,6,5,7,8,9,11,13,14,15,17,18,20,21,22,24
2753,1,1,4,6,8,9,10,12,13,16,18,20,21,23,25
2753,2,2,3,5,7,8,10,11,14,15,19,20,21,22,24
2753,3,1,4,5,7,8,10,11,15,17,19,20,23,24,25
2753,4,1,2,4,6,7,8,11,12,14,15,17,22,24,25
2753,5,1,4,5,6,7,9,10,11,14,15,21,22,24,25
2753,6,2,3,4,6,9,10,13,16,17,19,20,21,22,24
2754,1,2,3,5,7,8,10,17,18,19,21,22,23,24,25
2754,2,1,2,5,8,9,10,11,12,14,15,16,20,24,25
2754,3,1,2,3,4,8,9,11,13,14,16,18,19,22,23
2754,4,2,3,5,6,7,8,15,16,19,20,21,22,23,24
2754,5,3,4,5,6,7,8,10,13,14,16,17,18,21,22
2754,6,1,2,3,4,6,10,12,15,16,18,20,21,23,25
2755,1,2,3,5,6,9,10,11,13,15,16,20,22,23,24
2755,2,1,3,4,5,6,9,10,11,14,15,16,19,23,24
2755,3,3,5,8,9,10,13,14,16,19,20,21,22,23,24
2755,4,1,3,4,5,7,10,11,14,15,18,22,23,24,25
2755,5,1,3,4,8,13,14,16,17,18,20,21,22,23,25
2755,6,3,4,5,9,10,11,13,15,18,19,20,21,22,24
2756,1,1,4,6,7,8,11,12,15,16,17,21,23,24,25
2756,2,2,3,4,5,6,7,8,12,17,19,20,21,22,23
2756,3,1,5,6,9,10,11,13,14,15,16,18,20,24,25
2756,4,1,3,4,5,6,10,11,13,14,17,20,21,22,25
2756,5,1,2,4,6,7,8,12,13,14,17,19,20,21,25
2756,6,3,4,5,10,11,14,16,17,18,19,20,21,22,23
2757,1,2,4,5,8,9,10,11,13,15,17,18,19,23,25
2757,2,1,2,4,5,6,9,10,13,14,16,17,20,23,25
2757,3,2,3,5,6,8,9,12,14,15,17,18,19,20,23
2757,4,1,4,5,6,9,12,15,16,17,18,21,22,23,24
2757,5,1,2,3,5,6,7,8,10,11,13,15,20,22,23
2757,6,4,6,7,8,9,11,13,15,16,18,19,21,22,24
2758,1,1,3,4,5,6,8,9,10,11,12,16,20,21,25
2758,2,2,3,6,9,10,12,13,14,15,18,19,22,23,25
2758,3,2,3,5,6,9,10,11,13,15,20,21,23,24,25
2758,4,3,4,5,6,8,11,14,15,16,19,22,23,24,25
2758,5,2,3,4,6,7,12,13,14,16,18,19,20,21,24
2758,6,2,4,5,6,7,8,14,17,18,20,21,22,23,25
2759,1,1,2,3,5,9,11,12,13,14,16,19,20,21,24
2759,2,2,4,8,9,10,12,13,14,15,17,18,19,21,24
2759,3,1,2,3,4,6,10,12,13,14,16,18,19,22,24
2759,4,2,6,8,9,10,11,12,13,14,16,17,22,23,25
2759,5,1,3,5,6,8,10,13,17,18,20,22,23,24,25
2759,6,2,4,8,10,12,13,14,17,18,19,21,22,23,25
2760,1,2,3,4,5,7,13,15,16,17,18,19,20,22,24
2760,2,2,4,6,8,9,12,13,16,17,19,22,23,24,25
2760,3,1,4,6,8,9,12,13,15,17,18,19,20,23,24
2760,4,2,4,5,6,8,11,14,16,17,19,20,23,24,25
2760,5,1,2,4,5,8,12,13,14,16,18,20,22,24,25
2760,6,1,2,5,8,9,10,12,13,15,16,18,20,21,24
2761,1,1,3,6,8,11,12,13,15,16,19,20,23,24,25
2761,2,1,3,4,5,7,9,11,12,14,15,17,18,22,25
2761,3,1,2,5,7,8,12,13,16,18,19,20,21,22,23
2761,4,3,4,7,9,10,11,13,15,16,18,20,22,23,24
2761,5,1,2,3,4,8,10,11,12,14,15,16,17,18,20
2761,6,1,3,4,5,7,8,12,13,15,16,17,21,22,23
2762,1,1,2,3,4,6,8,9,14,15,17,19,20,21,23
2762,2,3,4,5,8,9,11,12,14,15,17,21,22,23,25
2762,3,5,6,9,10,11,13,14,15,18,19,21,22,24,25
2762,4,1,4,6,7,10,11,12,14,15,19,21,22,24,25
2762,5,4,5,7,8,10,11,12,17,18,19,21,22,24,25
2762,6,1,4,5,6,8,9,11,12,17,18,21,22,24,25
2763,1,2,3,5,9,10,11,12,13,14,15,16,17,18,20
2763,2,1,2,4,9,10,11,12,15,17,19,22,23,24,25
2763,3,1,2,6,7,10,11,12,13,14,15,17,18,23,25
2763,4,1,2,3,4,5,6,7,9,14,15,16,19,20,22
2763,5,1,2,3,4,5,8,9,10,12,16,18,19,21,24
2763,6,2,6,8,10,11,12,14,16,20,21,22,23,24,25
2764,1,2,4,7,10,12,14,16,17,18,19,22,23,24,25
2764,2,2,7,8,10,11,13,14,15,16,18,19,20,21,25
2764,3,2,3,5,7,8,10,11,12,13,14,18,22,24,25
2764,4,3,5,8,9,11,12,13,14,15,17,18,19,21,25
2764,5,3,6,9,11,12,14,15,16,17,18,20,22,24,25
2764,6,1,2,3,6,8,10,11,12,15,16,17,18,20,21
2765,1,5,8,9,10,12,13,14,15,17,21,22,23,24,25
2765,2,1,2,5,7,8,12,13,15,16,18,21,22,23,24
2765,3,3,4,9,10,12,13,14,15,16,17,18,22,23,24
2765,4,1,5,7,8,9,12,13,14,16,18,19,22,24,25
2765,5,2,5,6,8,9,10,13,14,15,18,19,20,21,22
2765,6,6,7,9,11,13,14,16,17,18,20,21,22,24,25
2765,7,1,7,8,9,10,12,13,15,16,17,20,21,22,25
2766,1,1,5,7,9,10,11,12,16,17,18,19,22,23,25
2766,2,1,2,3,4,6,9,10,13,15,16,17,21,22,23
2766,3,1,2,3,5,6,7,8,11,12,13,18,20,22,23
2766,4,1,4,5,9,10,12,13,14,15,16,17,19,23,25
2766,5,1,2,5,6,8,9,10,11,14,15,17,18,24,25
2766,6,1,4,5,8,9,10,12,15,16,18,19,20,24,25
2766,7,1,2,3,4,6,8,10,11,13,14,15,16,17,20
2767,1,2,3,4,5,6,10,14,16,17,18,19,20,22,23
2767,2,1,2,4,5,6,9,10,11,12,18,20,22,23,24
2767,3,1,3,4,5,7,8,10,11,12,15,18,22,23,24
2767,4,2,3,6,8,9,12,13,14,15,16,17,19,21,25
2767,5,4,7,9,11,12,14,15,16,19,20,21,23,24,25
2767,6,1,3,4,5,7,12,14,17,18,19,22,23,24,25
2767,7,1,2,3,5,7,9,11,14,16,17,18,19,22,23
2768,1,3,4,5,7,8,9,10,11,15,17,22,23,24,25
2768,2,3,6,7,8,9,11,12,13,14,19,21,22,23,24
2768,3,1,5,6,7,10,11,12,14,15,16,19,21,24,25
2768,4,1,4,7,8,9,10,11,12,15,17,18,19,22,25
2768,5,2,5,6,9,10,11,12,18,19,20,21,23,24,25
2768,6,1,3,4,7,11,12,14,15,17,19,20,23,24,25
2768,7,2,4,5,12,13,15,16,17,18,19,21,22,23,25
2769,1,1,4,6,8,9,10,12,15,16,18,22,23,24,25
2769,2,3,4,5,6,7,9,10,11,13,15,19,20,21,24
2769,3,1,2,5,6,7,9,10,11,12,13,17,22,24,25
2769,4,1,5,6,7,8,10,13,14,15,16,17,18,23,25
2769,5,2,3,4,6,7,8,9,10,12,14,15,16,17,19
2769,6,1,3,6,7,8,9,10,11,17,18,19,22,23,24
2769,7,3,5,7,8,9,11,15,17,18,20,21,23,24,25
2770,1,2,4,5,6,8,9,11,13,14,15,18,20,21,22
2770,2,1,2,3,4,5,8,9,10,12,15,19,20,21,23
2770,3,3,5,8,9,14,16,18,19,20,21,22,23,24,25
2770,4,2,5,6,7,8,9,11,13,16,17,20,21,24,25
2770,5,1,3,4,5,8,9,10,11,14,16,18,19,20,23
2770,6,2,4,5,6,7,8,9,13,14,15,17,18,20,21
2770,7,1,2,4,7,8,9,11,12,16,19,20,21,24,25
2771,1,2,3,4,5,8,9,10,11,12,14,20,21,22,23
2771,2,1,2,4,5,6,8,10,12,13,14,18,21,22,24
2771,3,3,4,5,8,9,12,14,15,16,19,20,21,22,25
2771,4,1,2,4,6,10,11,12,14,16,19,21,22,23,25
2771,5,2,4,5,6,7,11,13,16,17,18,19,20,21,22
2771,6,5,8,9,11,12,13,14,16,18,19,20,21,23,24
2771,7,1,2,5,6,8,11,13,15,16,17,19,20,21,24
2772,1,5,6,7,10,12,13,14,15,16,18,19,22,24,25
2772,2,1,6,9,10,12,15,16,17,20,21,22,23,24,25
2772,3,1,2,4,5,6,8,11,12,14,18,20,21,22,25
2772,4,2,3,4,6,7,8,10,16,17,18,19,21,22,25
2772,5,3,4,5,7,8,9,10,12,17,18,20,22,23,25
2772,6,1,2,3,4,6,9,11,13,14,19,21,22,24,25
2772,7,2,3,4,6,8,10,11,14,16,18,19,21,22,24
2773,1,1,2,5,7,10,11,12,13,14,16,19,21,23,25
2773,2,3,5,6,8,9,10,11,14,18,20,21,23,24,25
2773,3,3,5,8,9,10,12,13,14,15,17,19,21,22,24
2773,4,4,5,6,7,8,9,12,14,15,21,22,23,24,25
2773,5,3,5,6,7,9,11,12,13,14,17,18,21,22,25
2773,6,1,3,4,6,8,9,10,11,17,18,21,23,24,25
2773,7,1,2,3,5,9,11,12,14,15,16,19,20,21,22
2774,1,2,3,5,6,7,13,14,18,19,21,22,23,24,25
2774,2,5,6,7,8,9,10,12,13,14,17,18,20,21,25
2774,3,5,7,8,9,10,12,14,15,18,20,21,22,24,25
2774,4,3,4,5,6,7,8,9,11,13,14,15,17,22,24
2774,5,1,2,5,11,12,13,14,15,16,20,21,22,24,25
2774,6,1,2,3,5,8,10,14,16,17,18,20,21,23,24
2774,7,4,5,6,8,9,10,11,14,15,17,19,21,22,23
2775,1,1,2,3,5,10,11,13,15,16,17,18,20,22,24
2775,2,4,5,8,10,11,12,13,14,15,16,17,18,19,25
2775,3,1,3,5,6,9,10,11,12,14,16,18,21,24,25
2775,4,4,5,6,10,11,12,13,14,16,19,20,21,24,25
2775,5,3,5,8,9,11,13,14,16,17,19,20,21,23,25
2775,6,1,3,4,7,10,13,14,15,17,18,19,20,23,24
2775,7,2,3,4,5,6,7,8,9,15,20,21,22,23,24
2776,1,1,2,3,9,11,13,14,16,18,20,21,22,23,24
2776,2,1,2,4,6,7,14,16,18,19,20,21,23,24,25
2776,3,1,2,3,7,8,13,14,15,16,19,20,21,23,24
2776,4,1,2,3,8,11,13,15,16,17,20,21,23,24,25
2776,5,1,2,3,6,8,9,14,15,17,18,19,22,23,24
2776,6,1,2,3,4,5,6,13,14,15,18,19,20,22,25
2776,7,1,2,5,6,7,8,10,11,15,16,17,18,20,24
2777,1,2,3,5,7,9,11,12,13,14,15,17,18,24,25
2777,2,1,3,4,8,9,11,12,13,15,17,18,19,21,25
2777,3,1,4,7,8,11,13,14,16,18,20,21,23,24,25
2777,4,1,2,3,5,6,9,14,15,16,17,21,23,24,25
2777,5,1,2,3,4,6,8,9,11,12,13,17,18,21,22
2777,6,2,3,5,6,10,11,12,13,15,16,19,23,24,25
2777,7,1,2,4,5,7,11,12,13,15,17,18,20,22,24
2778,1,1,3,4,5,6,8,10,11,12,13,14,15,19,23
2778,2,2,3,4,6,8,9,11,12,13,14,16,18,21,22
2778,3,1,3,4,5,6,7,9,11,15,16,18,19,20,21
2778,4,4,6,7,8,9,12,14,16,18,19,22,23,24,25
2778,5,2,3,5,7,12,13,14,15,16,19,20,23,24,25
2778,6,2,3,4,6,7,8,10,12,13,17,19,22,23,25
2778,7,2,4,6,10,12,13,14,15,16,18,19,21,22,23
2779,1,3,5,8,9,10,12,13,14,15,18,19,20,22,25
2779,2,2,7,8,9,10,14,15,16,17,18,19,20,22,23
2779,3,1,2,5,7,8,9,11,12,13,16,18,21,22,23
2779,4,1,2,4,5,6,10,12,14,16,19,21,22,23,24
2779,5,2,4,5,6,7,11,13,14,19,20,21,22,24,25
2779,6,1,2,3,4,7,9,10,11,13,14,17,20,23,25
2779,7,3,5,6,8,13,14,15,17,19,20,21,22,24,25
2780,1,2,3,4,5,9,11,12,15,16,18,19,21,22,23
2780,2,1,2,4,5,6,7,8,12,15,16,18,19,21,23
2780,3,1,2,3,5,6,7,9,15,16,17,19,23,24,25
2780,4,4,5,7,9,11,12,13,15,16,17,19,21,23,24
2780,5,1,3,5,6,7,12,13,14,15,17,18,21,22,23
2780,6,1,2,5,6,7,9,10,11,12,13,17,20,21,23
2780,7,2,5,6,9,11,12,13,14,15,16,17,18,21,24
2781,1,1,2,5,7,13,14,15,16,17,19,21,22,23,24
2781,2,1,2,6,8,11,12,13,14,16,17,18,20,21,23
2781,3,3,4,5,9,10,11,12,15,17,18,21,22,23,24
2781,4,1,2,3,5,6,7,9,11,13,14,16,18,19,24
2781,5,2,3,7,9,10,11,12,16,18,19,21,23,24,25
2781,6,1,5,6,7,8,9,10,11,12,13,14,21,24,25
2781,7,2,3,5,6,7,9,13,14,15,19,20,22,23,25
2782,1,1,2,3,4,5,7,8,14,15,16,17,18,22,24
2782,2,1,4,5,8,9,10,11,13,14,15,17,22,24,25
2782,3,1,2,3,8,9,10,12,13,15,17,19,20,22,24
2782,4,1,2,5,6,7,10,11,12,14,16,17,18,21,25
2782,5,2,3,5,7,8,10,12,13,15,16,17,18,24,25
2782,6,3,6,7,8,9,10,13,16,17,18,19,20,22,23
2782,7,1,2,4,6,9,11,12,15,16,17,18,19,20,23
2783,1,1,3,5,7,8,9,13,14,17,18,19,21,24,25
2783,2,2,3,4,5,7,9,12,13,14,16,19,20,24,25
2783,3,1,3,5,6,9,10,11,15,16,18,20,22,24,25
2783,4,1,2,3,10,11,12,13,14,15,17,18,21,23,24
2783,5,2,4,5,6,8,9,10,12,14,15,16,18,23,25
2783,6,2,5,11,12,13,14,15,16,19,20,22,23,24,25
2783,7,3,6,7,9,11,12,15,17,18,19,21,22,23,25
2784,1,1,2,3,4,6,7,9,11,13,15,17,18,19,22
2784,2,2,3,4,5,9,11,13,15,16,17,18,20,24,25
2784,3,3,4,7,8,9,11,12,13,14,15,17,19,21,23
2784,4,4,5,6,8,9,11,12,13,16,17,22,23,24,25
2784,5,1,2,3,4,5,9,11,14,15,16,17,20,21,22
2784,6,1,6,7,9,12,15,16,18,19,20,21,22,23,24
2784,7,1,2,4,5,6,7,8,10,12,15,16,18,19,21
2785,1,1,3,5,6,7,8,9,11,13,15,17,18,21,22
2785,2,1,2,3,4,5,6,8,13,14,19,22,23,24,25
2785,3,1,2,3,4,5,6,8,9,11,12,15,19,21,24
2785,4,2,3,4,5,6,8,10,14,16,19,20,21,22,25
2785,5,1,3,5,7,8,9,10,14,17,20,21,22,24,25
2785,6,1,2,4,5,6,11,14,16,18,19,21,22,24,25
2785,7,1,3,6,7,10,11,14,17,18,19,20,21,22,25
2786,1,1,4,5,9,10,11,13,14,17,18,19,21,23,24
2786,2,1,3,5,6,7,9,10,11,12,13,14,18,21,25
2786,3,2,3,4,9,10,12,13,16,17,18,21,22,24,25
2786,4,1,2,4,6,7,9,10,12,14,15,16,21,22,23
2786,5,1,2,3,4,6,8,11,12,13,14,17,21,22,23
2786,6,1,2,4,7,10,11,12,13,14,16,18,20,21,24
2786,7,1,3,4,6,7,10,11,13,15,16,22,23,24,25
2787,1,1,3,6,7,8,9,11,12,14,15,17,19,21,22
2787,2,1,6,7,10,11,12,13,15,16,17,19,20,21,22
2787,3,1,2,4,5,6,7,9,10,12,13,16,18,20,24
2787,4,1,3,6,8,9,10,13,17,18,19,21,22,24,25
2787,5,2,3,4,5,7,8,14,15,17,20,21,22,23,24
2787,6,1,2,4,8,11,12,13,14,15,16,17,19,21,22
2787,7,6,7,8,9,12,13,14,16,18,20,21,22,23,25
2788,1,2,5,9,10,11,12,13,14,16,17,20,22,24,25
2788,2,1,3,4,6,7,8,10,13,15,16,17,18,23,25
2788,3,1,2,3,7,8,10,12,15,16,17,21,22,24,25
2788,4,1,2,4,7,10,12,14,16,17,18,20,21,22,23
2788,5,1,3,5,9,10,11,12,13,14,16,17,19,20,25
2788,6,1,3,4,6,7,8,10,11,15,16,19,20,22,25
2788,7,2,3,5,6,9,10,11,12,14,15,17,21,23,25
2789,1,1,3,4,7,8,11,13,14,16,17,19,20,21,23
2789,2,1,2,3,4,7,8,12,13,14,16,19,21,22,25
2789,3,2,3,4,5,7,8,11,13,14,15,17,18,24,25
2789,4,2,3,5,6,7,8,9,11,13,14,15,16,18,25
2789,5,1,3,5,6,8,9,11,12,13,14,16,18,19,21
2789,6,2,3,6,7,8,9,10,12,13,19,20,22,23,24
2789,7,3,4,5,6,8,9,12,14,16,17,18,19,24,25
2790,1,1,2,7,10,11,12,13,14,15,16,17,19,24,25
2790,2,2,3,4,7,9,10,12,13,15,17,19,20,22,23
2790,3,1,4,5,6,7,8,9,16,18,20,21,22,23,24
2790,4,2,3,8,10,11,13,14,15,17,20,21,22,24,25
2790,5,2,3,4,6,7,8,10,12,14,15,16,17,21,22
2790,6,1,2,3,4,7,9,11,12,13,14,18,19,20,25
2790,7,1,3,5,8,9,10,11,12,14,15,17,19,22,25
2791,1,1,2,4,5,7,9,11,13,14,17,18,20,22,24
2791,2,2,3,5,6,7,9,10,11,12,15,17,18,20,23
2791,3,1,4,5,10,11,12,13,14,18,19,20,22,24,25
2791,4,4,5,8,9,10,13,16,17,18,19,20,22,23,24
2791,5,1,5,6,7,8,10,11,12,15,16,17,18,20,23
2791,6,2,3,5,7,9,10,12,13,14,15,16,17,19,25
2791,7,1,2,3,4,8,9,10,13,18,20,21,23,24,25
2792,1,1,3,4,5,6,8,12,13,14,17,18,19,21,25
2792,2,2,4,5,6,7,8,9,11,12,14,16,18,22,25
2792,3,1,2,4,7,8,11,14,16,17,20,21,23,24,25
2792,4,1,4,8,9,10,11,12,13,15,16,17,19,22,25
2792,5,1,2,6,7,8,10,14,15,16,17,19,22,23,24
2792,6,2,3,6,7,12,13,14,17,19,20,21,22,24,25
2792,7,1,3,4,5,6,8,11,12,13,14,20,21,23,25
2793,1,4,6,8,9,12,14,15,16,17,18,19,20,22,23
2793,2,2,7,8,10,11,12,15,16,17,18,19,21,24,25
2793,3,1,3,6,7,9,10,11,15,16,17,18,20,21,23
2793,4,1,3,4,5,6,8,9,10,12,13,15,16,20,23
2793,5,1,2,3,7,8,11,14,15,16,17,19,23,24,25
2793,6,3,4,5,6,7,8,10,12,15,16,21,22,24,25
2793,7,1,5,6,7,8,10,12,13,14,16,17,20,21,25
2794,1,3,4,5,6,9,10,11,14,15,16,18,20,21,23
2794,2,1,2,3,5,6,7,8,11,13,14,20,22,23,24
2794,3,1,2,3,6,8,10,13,15,19,20,22,23,24,25
2794,4,3,4,8,9,11,12,13,14,16,18,19,20,23,24
2794,5,3,4,7,9,10,11,13,14,16,17,19,21,22,25
2794,6,1,6,7,8,9,10,12,17,19,20,22,23,24,25
2794,7,1,2,4,5,8,9,10,12,14,15,19,20,21,24
2795,1,2,3,4,5,6,9,13,14,16,17,20,22,23,24
2795,2,2,3,4,5,8,11,12,14,15,16,17,18,21,24
2795,3,1,3,5,8,9,10,12,13,14,15,17,18,21,24
2795,4,1,2,3,4,8,11,12,13,17,18,21,23,24,25
2795,5,3,4,5,7,8,10,11,13,15,16,18,22,24,25
2795,6,2,5,6,8,10,11,12,14,16,18,20,22,23,25
2795,7,1,2,3,5,7,8,11,12,15,17,18,22,23,25
2796,1,2,3,5,6,8,10,11,12,16,17,20,21,23,24
2796,2,2,4,5,7,8,12,13,16,19,20,21,23,24,25
2796,3,1,5,8,9,10,11,13,14,15,18,20,22,23,25
2796,4,1,5,6,7,8,11,13,14,16,21,22,23,24,25
2796,5,1,2,4,5,6,8,9,10,13,17,22,23,24,25
2796,6,2,6,8,9,10,14,15,16,17,18,21,22,23,24
2796,7,2,3,5,6,8,9,12,14,16,17,18,19,23,25
2797,1,1,2,4,5,8,9,10,11,13,15,17,21,23,25
2797,2,1,3,4,6,7,8,9,10,11,12,16,17,24,25
2797,3,1,3,4,6,7,8,9,10,12,16,20,22,23,24
2797,4,1,3,4,5,6,8,10,11,12,14,15,18,20,25
2797,5,1,4,10,11,13,14,15,18,19,20,21,22,23,24
2797,6,1,2,9,11,13,14,15,16,19,21,22,23,24,25
2797,7,1,4,5,6,7,8,9,10,11,15,17,18,19,20
2798,1,5,6,8,11,14,15,16,17,18,19,20,21,22,23
2798,2,1,2,3,4,5,8,10,11,13,18,21,23,24,25
2798,3,1,3,7,10,11,13,14,15,16,17,18,19,20,24
2798,4,1,2,6,7,8,11,13,16,17,18,19,20,23,25
2798,5,2,3,4,5,8,9,10,11,14,16,17,21,22,25
2798,6,2,3,4,5,6,9,13,14,15,18,20,21,23,25
2798,7,2,3,5,6,7,9,13,15,16,18,19,21,23,25
2799,1,1,2,3,5,9,11,12,13,14,18,20,22,23,24
2799,2,1,2,4,7,10,11,12,13,14,15,18,19,21,22
2799,3,1,3,5,6,8,10,11,15,16,17,19,20,22,24
2799,4,1,4,6,9,11,12,13,14,16,18,21,22,23,24
2799,5,1,7,9,10,11,12,15,16,17,18,19,21,23,25
2799,6,2,3,4,5,7,8,10,11,13,17,19,20,21,25
2799,7,1,3,4,7,8,9,13,14,15,16,18,19,21,24
2800,1,1,2,3,4,5,6,7,8,9,12,13,15,17,18
2800,2,2,4,7,8,10,13,14,16,19,21,22,23,24,25
2800,3,1,2,3,7,9,10,11,12,13,17,20,22,23,25
2800,4,1,2,3,7,8,10,12,14,16,19,20,21,23,24
2800,5,2,4,5,7,9,10,13,16,19,20,22,23,24,25
2800,6,1,3,4,5,6,7,8,9,11,12,16,17,19,22
2800,7,2,6,7,8,10,13,14,15,17,19,20,22,23,25
2801,1,1,3,4,5,6,10,11,15,16,19,20,23,24,25
2801,2,1,2,4,5,6,10,11,12,16,17,19,20,21,24
2801,3,2,3,5,7,8,9,11,12,16,17,19,21,23,25
2801,4,2,4,5,6,7,9,10,11,14,17,19,20,24,25
2801,5,1,2,4,6,7,10,11,14,16,17,19,21,22,23
2801,6,1,3,4,5,8,9,13,15,17,20,21,22,24,25
2801,7,1,3,4,5,6,8,11,12,14,15,18,20,24,25
2802,1,1,2,4,5,7,10,11,12,15,17,19,23,24,25
2802,2,1,2,5,6,8,9,12,15,19,20,21,22,23,25
2802,3,2,3,4,5,6,9,11,16,17,18,19,20,22,25
2802,4,3,4,7,8,9,10,11,12,13,14,15,20,22,24
2802,5,3,4,5,6,7,8,9,10,14,17,18,20,21,23
2802,6,1,7,10,11,12,13,14,15,19,21,22,23,24,25
2802,7,1,2,3,4,6,11,12,13,14,16,17,18,24,25
2803,1,3,5,8,10,12,13,14,15,16,18,19,23,24,25
2803,2,1,3,4,5,6,7,10,14,15,18,19,21,22,25
2803,3,2,4,8,10,13,14,15,16,18,19,20,23,24,25
2803,4,3,5,6,8,10,11,12,14,15,16,19,20,23,25
2803,5,2,5,7,9,10,11,12,13,17,18,20,22,23,25
2803,6,4,5,8,10,12,13,14,15,17,18,19,22,23,24
2803,7,2,3,4,5,7,10,11,12,13,16,17,19,20,23
2804,1,1,2,4,5,6,8,9,10,11,14,15,16,20,25
2804,2,4,5,6,9,11,12,13,14,16,17,19,22,23,24
2804,3,3,5,8,9,11,13,15,16,17,19,20,21,22,24
2804,4,1,2,6,8,9,11,13,15,16,18,19,23,24,25
2804,5,3,5,6,7,8,11,14,15,16,19,22,23,24,25
2804,6,3,4,5,6,7,8,13,14,19,20,21,22,23,25
2804,7,2,3,4,5,9,10,11,14,15,16,17,18,20,25
2805,1,1,2,3,4,6,7,8,12,13,14,15,20,21,25
2805,2,5,6,7,8,9,10,12,13,16,17,19,22,23,24
2805,3,1,3,5,6,7,8,12,14,15,20,21,22,24,25
2805,4,1,5,7,8,9,13,14,17,19,21,22,23,24,25
2805,5,1,5,6,7,8,10,12,13,16,17,19,21,24,25
2805,6,1,2,3,6,7,10,11,13,15,16,17,19,21,22
2805,7,1,3,5,6,8,11,14,15,18,19,20,21,22,25
2806,1,1,3,4,5,7,8,9,13,15,18,19,21,22,23
2806,2,1,2,3,5,9,10,12,13,14,15,17,20,23,25
2806,3,7,8,11,12,14,15,17,18,19,20,21,22,24,25
2806,4,1,2,4,5,7,8,9,12,16,17,19,20,21,25
2806,5,1,4,7,8,10,11,13,14,15,16,19,20,22,23
2806,6,1,3,4,5,7,9,11,13,16,18,19,20,22,23
2806,7,2,4,5,6,7,9,11,12,14,18,21,22,24,25
2807,1,1,2,3,5,9,10,11,12,14,19,20,22,23,25
2807,2,1,5,6,8,9,10,12,13,15,16,19,23,24,25
2807,3,1,3,4,11,12,14,16,17,18,19,20,22,24,25
2807,4,1,2,6,7,11,13,14,16,17,18,20,21,24,25
2807,5,1,5,6,9,12,13,14,16,17,18,19,20,23,24
2807,6,2,4,5,7,8,11,13,15,17,18,19,20,21,24
2807,7,1,2,4,5,7,8,10,13,14,17,18,20,21,24
2808,1,1,2,3,5,7,10,11,13,14,16,18,20,21,22
2808,2,1,3,5,6,7,9,10,14,15,18,20,21,22,25
2808,3,1,3,4,5,6,10,12,15,17,18,20,21,23,24
2808,4,2,3,5,6,7,8,11,12,14,15,17,18,21,25
2808,5,1,3,5,10,12,13,14,16,18,19,20,21,22,24
2808,6,2,3,4,6,8,9,12,13,14,17,19,20,21,24
2808,7,1,2,3,4,5,6,8,11,14,17,18,22,24,25
2809,1,1,2,4,7,8,9,10,11,14,15,16,20,24,25
2809,2,3,4,6,7,8,9,10,11,13,14,16,19,22,24
2809,3,1,4,7,9,10,11,12,16,17,18,19,21,23,25
2809,4,1,3,6,7,8,9,10,12,18,20,21,22,24,25
2809,5,1,3,4,5,8,9,13,14,15,16,17,19,22,25
2809,6,2,4,5,6,7,8,11,12,14,16,19,20,21,22
2809,7,2,3,5,7,11,12,13,14,15,16,18,19,23,24
2810,1,3,6,7,8,9,11,12,14,15,17,18,20,23,25
2810,2,1,2,3,6,10,11,13,15,16,17,18,19,20,25
2810,3,1,2,3,4,8,11,12,14,16,18,19,20,23,24
2810,4,2,4,7,9,10,11,12,13,16,17,19,20,23,24
2810,5,2,4,6,8,12,13,14,15,16,17,19,20,21,25
2810,6,1,2,5,8,11,12,15,16,17,18,19,20,22,24
2810,7,1,2,4,7,11,12,13,14,18,19,20,21,23,25
2811,1,1,4,5,6,10,12,13,15,17,18,19,20,21,24
2811,2,1,2,4,5,6,8,10,11,12,13,16,18,21,22
2811,3,2,3,7,9,10,12,13,14,15,17,18,22,23,24
2811,4,2,3,4,5,6,7,8,10,15,18,19,22,23,24
2811,5,3,5,10,11,12,15,16,17,18,20,21,22,23,24
2811,6,1,2,3,4,7,9,11,12,17,18,20,21,24,25
2811,7,1,3,6,8,10,12,13,14,15,19,20,21,24,25
2812,1,2,4,5,6,8,10,11,12,13,16,17,18,19,20
2812,2,1,2,3,4,7,8,11,12,13,15,18,21,23,25
2812,3,3,5,8,9,12,13,14,15,16,17,18,19,22,23
2812,4,1,2,3,4,5,12,13,14,17,18,20,21,23,25
2812,5,4,6,7,8,9,10,11,15,16,18,20,22,24,25
2812,6,1,4,9,10,11,12,13,15,16,18,20,21,22,24
2812,7,4,6,7,8,9,11,12,17,18,19,20,21,23,24
2813,1,1,3,4,6,7,10,13,14,15,16,17,18,23,25
2813,2,2,4,7,9,14,15,17,18,19,20,21,23,24,25
2813,3,1,5,8,9,10,14,15,16,17,19,20,21,22,24
2813,4,1,2,3,9,10,13,14,17,19,20,21,22,23,25
2813,5,1,5,6,8,11,12,14,15,17,18,20,21,22,23
2813,6,2,5,6,7,8,9,11,13,14,16,18,19,24,25
2813,7,2,5,6,8,9,12,13,14,15,16,17,21,24,25
2814,1,1,2,3,4,6,8,9,10,12,13,15,21,23,25
2814,2,1,3,4,6,10,12,14,15,19,20,21,23,24,25
2814,3,3,8,9,11,12,14,15,16,18,20,21,22,24,25
2814,4,1,2,4,5,6,9,12,15,16,17,18,19,21,24
2814,5,3,4,5,7,8,9,10,11,15,17,18,19,20,23
2814,6,2,4,5,7,9,10,12,14,16,17,19,21,23,25
2814,7,1,2,3,6,7,10,12,14,16,17,18,20,24,25
2815,1,3,4,5,6,7,10,16,17,18,20,21,22,23,25
2815,2,1,3,4,6,8,9,10,11,15,16,19,21,23,25
2815,3,1,3,5,8,9,10,11,12,14,15,17,18,20,24
2815,4,1,3,4,5,7,11,16,17,18,19,20,21,22,23
2815,5,5,6,8,9,10,11,13,14,15,16,21,22,23,24
2815,6,3,4,6,7,9,11,13,14,15,16,17,19,23,25
2815,7,1,2,3,4,7,8,10,11,13,19,20,21,23,24
2816,1,2,3,5,6,13,16,17,18,20,21,22,23,24,25
2816,2,1,2,3,4,5,7,8,13,14,16,19,21,24,25
2816,3,3,4,5,6,7,9,10,11,13,14,15,19,22,24
2816,4,1,2,4,6,8,9,10,11,13,17,19,20,23,25
2816,5,4,5,8,9,10,11,13,14,15,16,18,21,24,25
2816,6,2,3,4,5,10,11,15,16,17,18,19,20,22,23
2816,7,3,4,6,8,10,12,13,15,16,19,20,21,22,23
2817,1,1,3,5,6,8,9,12,15,16,19,20,22,24,25
2817,2,1,2,4,6,8,9,11,13,15,17,18,20,23,25
2817,3,1,2,4,5,6,8,9,14,16,17,19,21,24,25
2817,4,2,3,4,5,8,11,14,15,16,18,20,21,22,24
2817,5,4,6,7,10,11,15,16,17,18,20,21,22,24,25
2817,6,2,3,4,7,10,11,12,13,16,19,20,22,23,24
2817,7,1,2,5,6,9,10,11,12,13,14,16,17,19,21
2818,1,1,6,7,9,12,13,14,15,16,17,19,23,24,25
2818,2,2,3,4,7,9,11,13,14,15,16,21,22,23,25
2818,3,1,2,5,10,11,13,14,15,16,17,19,20,21,24
2818,4,1,2,3,5,7,8,9,10,14,18,20,22,23,25
2818,5,1,2,3,4,5,6,9,11,12,15,18,21,22,23
2818,6,1,2,3,5,6,8,10,12,14,15,18,19,20,24
2818,7,1,2,5,6,8,9,11,12,13,14,17,18,20,25
2819,1,1,2,3,6,7,14,15,16,17,18,21,22,24,25
2819,2,1,2,3,4,6,8,9,11,12,16,17,20,21,25
2819,3,3,4,5,6,7,9,13,15,16,18,20,23,24,25
2819,4,4,6,7,10,11,13,14,15,17,19,21,22,23,24
2819,5,2,3,4,7,8,9,11,12,13,15,19,20,23,24
2819,6,2,3,6,7,8,9,11,12,15,16,17,20,22,25
2819,7,1,2,6,7,10,13,14,15,16,17,18,19,23,24
2820,1,2,3,5,6,9,11,12,13,14,17,18,20,22,25
2820,2,2,3,5,7,10,11,12,14,17,19,21,22,24,25
2820,3,1,2,6,7,8,9,10,12,13,14,15,16,21,23
2820,4,1,2,4,5,8,10,12,15,17,18,19,21,23,24
2820,5,3,6,8,9,10,11,15,16,18,21,22,23,24,25
2820,6,2,3,4,5,6,7,8,9,10,12,14,20,22,23
2820,7,1,3,6,8,9,10,11,15,17,19,20,21,22,24
2821,1,1,5,6,7,8,9,11,17,19,20,21,22,24,25
2821,2,1,3,4,5,6,7,9,10,12,13,15,17,21,24
2821,3,2,4,6,8,10,11,12,14,16,17,20,22,23,24
2821,4,1,3,4,5,7,9,11,14,15,19,20,23,24,25
2821,5,2,6,7,8,10,12,13,14,15,16,17,18,21,25
2821,6,5,7,8,9,11,13,14,15,17,21,22,23,24,25
2821,7,1,6,8,9,10,11,12,15,16,18,19,20,23,24
2822,1,1,2,3,5,8,10,12,14,16,18,21,23,24,25
2822,2,1,4,5,8,10,11,14,15,16,17,20,23,24,25
2822,3,2,4,6,7,9,10,12,14,15,16,17,18,21,22
2822,4,1,2,3,4,11,12,13,15,16,18,19,20,24,25
2822,5,1,4,5,6,7,8,9,15,17,18,20,21,22,24
2822,6,1,3,4,5,10,11,13,14,15,16,19,21,24,25
2822,7,3,9,10,11,12,13,15,16,17,18,19,23,24,25
2823,1,1,2,4,5,6,11,12,13,14,15,16,17,19,23
2823,2,1,4,6,7,8,10,12,14,18,21,22,23,24,25
2823,3,4,6,7,9,10,12,13,14,15,17,20,23,24,25
2823,4,1,2,3,6,7,9,10,14,15,16,17,18,20,23
2823,5,5,6,7,8,9,10,11,13,14,15,19,21,22,23
2823,6,1,2,3,4,7,8,9,10,11,14,15,21,24,25
2823,7,1,2,8,9,10,11,12,15,16,17,18,21,22,23
2824,1,1,4,5,6,7,8,12,13,15,17,19,20,21,24
2824,2,2,3,4,6,8,10,12,14,18,19,20,21,23,25
2824,3,1,5,6,8,10,11,14,15,16,18,19,23,24,25
2824,4,2,5,6,8,9,10,11,13,15,17,20,22,24,25
2824,5,2,3,4,6,7,8,13,15,17,18,20,22,24,25
2824,6,2,3,6,8,9,13,15,16,17,18,21,22,23,24
2824,7,1,4,5,6,7,8,9,12,13,15,17,18,23,25
2825,1,1,2,3,4,5,8,9,10,13,14,15,16,23,25
2825,2,2,3,4,6,7,8,9,11,12,14,16,22,24,25
2825,3,1,2,3,6,7,8,9,10,11,16,19,20,21,22
2825,4,3,5,6,8,11,13,14,15,17,18,19,20,21,25
2825,5,1,3,6,7,8,9,13,14,15,17,18,20,24,25
2825,6,3,6,7,8,9,10,11,12,14,20,21,22,23,25
2825,7,2,3,4,5,7,12,13,16,18,20,21,22,23,24
2826,1,1,3,5,6,8,10,12,14,15,17,18,21,23,25
2826,2,1,5,6,7,8,10,11,12,16,18,21,22,24,25
2826,3,3,5,7,8,9,10,11,12,13,14,17,20,22,24
2826,4,2,4,5,8,9,10,11,15,16,17,21,22,23,24
2826,5,1,7,8,9,11,12,14,16,19,20,21,23,24,25
2826,6,1,3,8,12,13,14,15,16,19,21,22,23,24,25
2826,7,1,3,4,5,6,9,10,11,14,15,19,22,23,24
2827,1,2,3,4,7,9,11,12,13,14,20,21,22,24,25
2827,2,2,3,6,7,9,11,13,14,15,17,18,21,24,25
2827,3,2,6,7,8,9,10,12,13,14,15,16,20,24,25
2827,4,1,2,3,4,5,6,7,8,11,12,14,17,18,19
2827,5,1,5,6,8,9,11,12,13,15,19,20,21,22,25
2827,6,5,6,7,8,10,11,13,15,18,19,20,22,24,25
2827,7,1,3,6,7,11,12,13,16,17,18,20,22,23,24
2828,1,1,3,5,6,8,13,16,17,18,19,20,22,23,25
2828,2,4,7,8,9,10,11,12,13,14,19,22,23,24,25
2828,3,1,2,3,4,5,7,8,13,14,17,18,21,22,25
2828,4,2,5,6,7,8,10,11,12,13,16,19,20,24,25
2828,5,1,2,4,5,6,8,11,12,13,15,19,20,23,25
2828,6,1,3,5,6,7,8,9,12,13,18,20,23,24,25
2828,7,1,5,7,10,13,14,16,17,18,19,20,22,23,25
2829,1,3,4,5,7,10,11,12,14,15,17,19,20,24,25
2829,2,2,3,5,6,8,9,12,13,15,16,17,22,23,24
2829,3,1,2,3,4,8,10,11,14,16,18,20,21,23,24
2829,4,4,5,6,7,8,9,10,12,13,16,17,18,21,25
2829,5,2,4,6,8,10,13,14,15,16,18,20,21,23,25
2829,6,3,4,6,7,9,13,14,17,18,19,21,22,24,25
2829,7,1,3,4,5,6,8,9,11,12,14,17,18,20,21
2830,1,1,3,4,5,6,8,10,11,14,17,19,20,21,23
2830,2,4,5,7,8,9,12,13,14,17,19,20,22,23,24
2830,3,1,5,8,11,12,13,15,16,17,18,20,21,23,24
2830,4,1,3,4,5,7,9,10,11,12,14,19,21,22,25
2830,5,2,3,4,5,6,7,8,9,12,17,19,21,22,25
2830,6,1,2,5,6,7,10,12,13,14,15,16,17,23,24
2830,7,1,4,5,9,10,11,14,16,17,18,19,20,23,25
2831,1,2,3,4,6,7,11,13,15,16,17,18,19,24,25
2831,2,3,5,6,10,11,13,15,17,18,19,22,23,24,25
2831,3,2,3,5,6,8,12,14,15,16,18,19,21,23,24
2831,4,2,3,4,5,7,10,13,15,17,20,21,22,23,25
2831,5,2,5,6,7,10,11,14,15,18,19,21,23,24,25
2831,6,1,3,4,5,8,10,12,13,17,18,19,21,22,25
2831,7,2,3,4,7,9,10,13,14,17,18,19,20,23,24
2832,1,1,2,3,4,5,7,8,11,16,17,19,20,22,24
2832,2,1,2,3,4,6,9,12,13,14,17,18,21,22,24
2832,3,2,3,4,5,8,10,12,13,16,17,18,19,22,25
2832,4,2,5,7,8,10,11,13,14,15,17,18,19,20,21
2832,5,3,4,11,12,13,15,16,17,18,19,20,22,23,24
2832,6,1,2,7,8,10,11,12,13,14,15,18,19,22,25
2832,7,2,3,4,8,10,11,17,18,19,21,22,23,24,25
2833,1,1,3,5,6,8,10,13,14,15,16,17,18,20,22
2833,2,1,2,3,4,5,9,11,13,15,16,17,19,21,25
2833,3,1,3,4,6,10,12,14,18,19,20,21,22,24,25
2833,4,2,5,6,7,8,9,10,14,15,17,18,22,24,25
2833,5,2,4,5,7,8,9,14,15,20,21,22,23,24,25
2833,6,2,4,5,7,12,15,16,17,19,20,21,22,24,25
2833,7,1,2,3,4,5,6,7,8,9,11,13,15,16,25
2834,1,4,5,6,9,10,12,13,15,16,17,19,20,23,24
2834,2,1,2,4,5,10,11,14,16,18,20,21,22,24,25
2834,3,1,2,3,5,6,7,9,11,12,15,16,17,19,22
2834,4,1,2,8,9,11,13,14,15,17,18,19,21,23,24
2834,5,1,2,4,7,8,9,10,11,12,14,16,20,21,24
2834,6,1,2,3,5,7,8,9,14,15,17,18,19,22,25
2834,7,2,6,7,8,11,12,13,15,17,18,19,20,22,23
2835,1,3,6,7,8,12,13,14,16,18,19,20,21,23,25
2835,2,2,3,4,5,7,10,11,14,15,16,17,20,22,25
2835,3,2,6,8,9,10,11,17,18,19,20,22,23,24,25
2835,4,1,2,4,5,6,8,9,12,15,17,19,20,23,25
2835,5,1,2,4,5,6,8,9,11,12,13,15,16,18,24
2835,6,1,2,6,10,12,14,15,17,18,19,20,21,22,25
2835,7,1,4,5,6,7,12,17,18,19,21,22,23,24,25
2836,1,2,3,5,6,8,9,11,14,16,17,18,20,24,25
2836,2,1,2,5,7,8,10,13,14,15,18,19,22,23,25
2836,3,3,4,5,6,7,8,11,12,15,18,19,21,22,25
2836,4,1,2,3,7,8,10,11,12,17,18,19,20,21,24
2836,5,1,3,6,7,8,9,13,14,17,19,20,21,22,25
2836,6,2,3,4,5,7,9,12,13,18,20,21,22,23,25
2836,7,4,5,6,8,11,12,15,17,18,19,21,22,23,25
2837,1,1,3,5,6,9,10,11,12,13,15,16,17,18,23
2837,2,1,4,5,6,7,8,10,14,15,16,18,22,23,25
2837,3,3,7,8,10,11,12,15,16,17,18,21,23,24,25
2837,4,2,3,7,9,12,13,14,15,17,18,21,23,24,25
2837,5,2,5,6,7,12,15,16,17,18,19,20,21,23,25
2837,6,4,5,7,8,11,12,14,15,16,18,19,20,24,25
2837,7,2,3,4,8,9,12,13,14,15,16,18,19,20,25
2838,1,1,4,5,6,7,9,11,12,13,15,16,17,18,19
2838,2,2,4,5,6,7,9,10,12,15,16,22,23,24,25
2838,3,2,3,4,5,6,7,12,13,14,15,21,22,23,24
2838,4,1,2,3,4,6,7,8,12,13,14,15,18,22,24
2838,5,1,2,3,5,6,10,12,14,15,16,17,19,20,25
2838,6,1,2,8,9,12,16,17,18,19,20,21,22,24,25
2838,7,1,2,4,7,8,9,12,14,17,19,20,21,23,25
2839,1,1,2,4,10,11,12,15,16,17,19,22,23,24,25
2839,2,1,2,5,6,8,12,13,16,18,19,21,22,23,25
2839,3,1,2,3,5,6,8,9,11,14,16,19,21,22,23
2839,4,2,3,4,9,11,12,15,17,19,21,22,23,24,25
2839,5,2,3,6,7,9,11,14,16,18,19,22,23,24,25
2839,6,1,3,4,5,6,11,13,16,17,18,20,21,23,24
2839,7,1,2,5,8,9,12,13,14,15,16,18,19,20,24
2840,1,2,5,6,7,8,11,12,13,15,16,18,19,21,25
2840,2,2,4,5,6,7,10,11,13,15,16,21,22,23,24
2840,3,1,2,4,5,6,7,10,11,14,15,16,18,24,25
2840,4,2,3,4,6,9,10,11,14,15,17,18,19,23,25
2840,5,1,2,3,6,10,11,12,13,14,15,19,22,24,25
2840,6,6,9,10,11,12,13,15,17,18,19,20,23,24,25
2840,7,1,3,4,5,6,7,13,14,15,18,19,20,22,24
2841,1,2,3,4,5,6,7,8,10,15,17,18,19,22,25
2841,2,1,2,4,6,7,8,9,10,11,12,15,19,20,25
2841,3,3,6,7,8,10,11,12,13,15,16,20,23,24,25
2841,4,2,4,5,7,8,10,11,12,15,16,17,20,23,25
2841,5,1,5,9,10,11,13,14,16,17,19,20,21,22,24
2841,6,2,4,5,6,8,9,10,11,14,17,18,20,21,23
2841,7,1,2,5,7,8,9,10,11,12,14,17,18,23,24
2842,1,4,5,7,9,12,13,15,16,17,18,19,20,21,22
2842,2,2,3,4,5,8,9,12,14,16,17,19,21,23,25
2842,3,1,2,3,4,5,7,8,9,10,11,12,13,14,24
2842,4,1,2,3,4,6,7,8,13,17,18,19,20,23,25
2842,5,1,2,3,4,8,11,12,14,16,17,19,22,23,25
2842,6,1,2,3,6,10,13,14,15,18,19,21,23,24,25
2842,7,2,5,6,7,9,10,11,13,16,17,18,22,24,25
2843,1,3,4,7,9,10,12,15,16,17,19,22,23,24,25
2843,2,2,4,6,7,8,9,11,12,18,19,20,21,22,25
2843,3,2,3,5,6,7,10,13,14,15,16,20,21,22,23
2843,4,1,2,5,6,9,10,13,14,15,16,17,20,22,24
2843,5,1,5,6,7,9,12,14,16,18,20,21,23,24,25
2843,6,1,2,4,5,6,8,9,10,11,14,16,17,19,20
2843,7,5,7,8,11,12,14,17,18,19,20,22,23,24,25
2844,1,4,5,7,8,9,10,12,13,14,15,17,20,21,24
2844,2,2,3,4,5,6,7,11,12,13,15,18,19,20,22
2844,3,2,4,5,6,10,13,14,16,17,19,20,21,23,25
2844,4,1,2,4,5,7,8,12,14,15,18,21,22,23,24
2844,5,2,3,4,5,6,9,10,13,17,18,22,23,24,25
2844,6,3,4,6,8,9,10,11,12,16,17,19,20,21,24
2844,7,4,5,6,9,10,12,15,17,18,19,20,21,22,24
2845,1,1,2,3,4,6,8,9,10,15,19,20,21,24,25
2845,2,1,2,3,4,5,7,12,14,15,16,18,19,23,24
2845,3,1,4,7,9,10,11,13,15,16,17,19,21,23,25
2845,4,3,4,5,6,7,10,12,13,16,17,18,19,21,22
2845,5,1,4,5,6,7,8,9,11,15,16,17,19,22,24
2845,6,1,2,3,5,6,7,8,10,12,16,17,18,20,21
2845,7,1,3,5,6,8,10,13,17,18,19,20,21,23,24
2846,1,2,5,6,7,10,11,12,13,14,15,16,18,21,23
2846,2,2,3,6,8,9,10,11,14,16,17,18,20,22,25
2846,3,3,4,6,9,10,11,13,14,15,18,19,22,23,25
2846,4,2,4,5,7,8,12,13,14,16,17,18,19,23,24
2846,5,1,3,4,6,7,9,11,12,14,16,19,22,23,25
2846,6,3,4,6,7,8,11,13,15,16,17,19,20,21,24
2846,7,3,5,6,7,8,10,11,12,14,15,18,20,23,24
2847,1,3,4,5,6,7,9,10,14,17,20,21,23,24,25
2847,2,5,6,8,9,10,11,12,13,14,16,18,22,23,24
2847,3,2,3,5,10,12,13,14,15,17,19,22,23,24,25
2847,4,1,3,4,5,7,9,10,11,12,17,18,19,22,24
2847,5,1,2,6,7,9,10,12,13,14,15,18,19,20,25
2847,6,2,3,6,7,8,9,10,11,14,15,19,20,23,24
2847,7,4,5,6,7,10,11,15,16,18,19,20,23,24,25
2848,1,1,3,4,6,8,9,12,14,15,16,17,19,24,25
2848,2,2,4,5,7,8,9,10,11,12,14,16,20,21,22
2848,3,1,5,7,10,12,14,15,16,18,19,20,21,22,23
2848,4,1,2,3,5,8,9,12,13,14,17,21,22,23,25
2848,5,1,2,3,5,7,9,10,11,12,13,14,16,21,23
2848,6,2,6,8,9,11,13,14,18,20,21,22,23,24,25
2848,7,3,4,5,6,10,12,13,15,16,19,20,23,24,25
2849,1,5,6,9,10,13,15,17,18,19,21,22,23,24,25
2849,2,1,2,4,5,7,8,9,12,17,18,19,20,21,22
2849,3,2,5,7,8,9,10,13,14,16,17,20,22,23,25
2849,4,2,3,4,6,8,10,11,14,18,19,20,21,22,24
2849,5,4,5,7,8,10,12,13,17,19,20,22,23,24,25
2849,6,1,4,5,6,7,9,10,16,17,18,20,22,24,25
2849,7,2,3,4,7,8,10,11,13,14,15,19,20,21,23
2850,1,1,5,6,9,10,12,13,14,18,19,20,23,24,25
2850,2,1,5,6,7,9,11,13,14,15,16,17,18,21,25
2850,3,1,3,4,5,6,10,12,16,17,18,19,20,21,25
2850,4,2,3,5,6,7,11,15,17,18,20,21,23,24,25
2850,5,3,6,7,8,12,13,15,18,19,20,22,23,24,25
2850,6,1,2,4,6,8,9,11,12,14,15,18,21,22,25
2850,7,2,3,5,7,9,10,11,13,15,17,18,21,22,25
2851,1,4,5,8,9,10,11,12,16,18,19,21,22,23,24
2851,2,1,3,8,9,10,11,12,13,14,15,17,19,20,24
2851,3,2,3,5,6,11,12,13,15,16,17,19,20,23,25
2851,4,1,2,5,6,8,9,10,12,19,20,21,22,23,25
2851,5,2,3,7,9,10,11,12,13,15,16,17,20,24,25
2851,6,1,2,3,4,6,11,14,16,17,20,21,22,23,24
2851,7,2,3,4,5,7,9,10,12,14,16,17,21,24,25
2852,1,2,5,6,7,9,12,13,15,16,18,19,20,21,22
2852,2,3,4,5,8,10,12,13,15,19,20,21,22,23,25
2852,3,3,6,9,10,11,13,14,15,18,19,20,21,23,25
2852,4,3,4,5,6,12,13,14,17,18,19,20,21,22,24
2852,5,1,5,6,8,10,11,12,13,14,19,20,21,23,25
2852,6,2,3,6,8,10,11,13,15,17,19,20,22,23,25
2852,7,3,4,5,6,7,10,11,15,17,18,19,20,23,25
2853,1,5,6,7,8,9,10,14,16,18,19,20,21,22,24
2853,2,2,3,7,8,10,11,12,14,16,18,19,21,23,24
2853,3,1,2,3,5,6,7,8,10,11,14,16,18,20,25
2853,4,2,4,6,7,8,11,13,14,17,21,22,23,24,25
2853,5,1,2,3,5,10,11,12,13,14,16,17,20,21,23
2853,6,1,2,3,4,5,10,12,13,14,17,20,22,24,25
2853,7,4,6,7,8,9,11,13,14,16,18,19,21,23,25
2854,1,1,2,3,4,6,7,9,13,16,18,19,23,24,25
2854,2,3,7,10,11,12,13,14,15,19,20,21,22,24,25
2854,3,3,4,5,6,7,9,10,11,14,15,20,21,22,23
2854,4,2,8,10,11,12,13,14,15,16,18,20,22,23,24
2854,5,4,5,6,8,9,10,14,15,16,17,22,23,24,25
2854,6,3,5,6,7,8,11,12,14,16,17,19,23,24,25
2854,7,1,2,3,5,6,7,8,9,14,15,18,19,23,25
2854,8,4,5,7,8,10,12,13,14,16,19,20,21,22,24
2855,1,1,2,4,5,6,7,11,12,17,18,19,21,23,24
2855,2,1,3,4,5,9,12,13,16,17,20,22,23,24,25
2855,3,1,3,4,6,8,10,12,13,14,19,21,22,23,25
2855,4,2,5,7,8,9,11,12,13,19,20,21,23,24,25
2855,5,1,2,4,5,6,10,13,14,15,18,19,20,22,25
2855,6,1,3,4,5,6,7,8,9,15,17,18,19,20,21
2855,7,2,4,5,8,11,12,14,16,17,18,19,20,21,24
2855,8,2,4,5,6,7,8,10,12,15,16,17,18,21,25
2856,1,4,7,8,9,11,12,14,15,16,17,18,22,24,25
2856,2,1,2,3,11,13,14,15,17,18,20,21,22,23,25
2856,3,1,4,5,6,7,8,10,12,14,15,16,20,22,24
2856,4,2,4,7,9,10,15,16,17,19,21,22,23,24,25
2856,5,2,5,6,8,9,10,11,13,16,18,19,23,24,25
2856,6,1,2,3,5,9,10,11,13,14,15,18,21,22,25
2856,7,2,3,4,7,8,9,11,12,18,19,21,22,24,25
2856,8,2,3,6,7,9,10,11,12,15,16,17,18,21,22
2857,1,1,4,5,8,10,11,13,14,15,17,21,22,23,24
2857,2,6,7,9,11,12,13,14,15,16,18,19,20,21,24
2857,3,3,9,10,12,14,15,17,18,19,21,22,23,24,25
2857,4,1,4,7,9,10,11,13,14,17,19,20,21,22,24
2857,5,1,2,4,7,11,17,18,19,20,21,22,23,24,25
2857,6,1,4,5,6,7,8,10,11,13,15,16,20,22,25
2857,7,1,4,7,8,9,15,16,17,18,19,20,22,24,25
2857,8,1,2,4,5,6,10,11,15,16,18,19,20,21,25
2858,1,3,4,5,6,9,10,11,12,13,16,17,18,22,23
2858,2,2,4,6,7,8,11,12,13,16,17,18,19,23,25
2858,3,2,3,8,10,11,13,14,16,17,18,19,20,23,24
2858,4,3,6,8,9,10,12,13,14,16,17,18,22,23,24
2858,5,1,2,3,4,5,9,13,14,15,16,21,22,24,25
2858,6,3,4,7,8,10,12,13,15,16,17,19,20,22,25
2858,7,3,4,7,8,9,11,13,14,15,18,19,20,24,25
2858,8,1,2,5,8,9,10,11,12,13,14,17,20,23,25
2859,1,1,3,5,6,7,8,9,10,18,19,22,23,24,25
2859,2,3,4,5,6,7,8,9,11,14,16,17,18,19,24
2859,3,1,7,8,9,10,13,14,15,16,19,20,21,22,25
2859,4,1,2,4,5,8,9,11,13,14,15,20,22,24,25
2859,5,2,3,4,6,8,9,10,11,14,16,17,20,22,24
2859,6,2,3,4,5,7,9,10,13,14,15,17,18,20,21
2859,7,1,4,6,7,9,10,13,15,16,17,18,21,23,25
2859,8,3,4,5,6,8,9,10,11,12,13,15,19,23,25
2860,1,3,4,5,8,10,12,16,18,20,21,22,23,24,25
2860,2,1,2,3,4,5,9,10,11,15,16,18,21,24,25
2860,3,2,3,4,5,7,9,12,14,16,17,19,20,21,25
2860,4,4,5,7,9,13,15,16,17,19,20,21,22,23,25
2860,5,4,5,6,7,8,11,12,13,14,16,19,22,23,24
2860,6,2,7,9,10,12,14,15,17,18,20,21,22,23,25
2860,7,2,3,4,5,6,8,9,10,11,14,17,18,21,25
2860,8,1,4,6,7,8,9,10,12,18,19,20,21,23,25
2861,1,3,4,5,8,9,12,14,15,16,18,20,21,23,24
2861,2,2,4,6,7,10,12,13,14,15,16,17,19,20,25
2861,3,1,3,5,7,9,11,13,14,17,18,19,20,24,25
2861,4,1,2,5,8,10,11,14,16,17,19,20,22,23,25
2861,5,2,3,4,5,6,7,9,10,11,13,17,18,21,25
2861,6,2,3,4,5,7,9,12,13,14,17,18,19,21,25
2861,7,3,7,8,9,10,11,12,13,16,17,19,20,22,23
2861,8,1,3,4,5,7,8,9,11,13,14,17,19,20,22
2862,1,1,2,3,5,6,7,9,12,13,14,15,19,23,24
2862,2,1,4,5,8,10,11,12,13,14,15,17,20,22,25
2862,3,1,2,3,6,7,8,10,14,15,16,17,20,24,25
2862,4,1,4,7,9,10,11,12,13,15,17,20,22,23,24
2862,5,4,5,6,7,8,9,11,13,14,16,17,18,19,22
2862,6,2,3,4,5,8,9,11,12,14,17,18,22,23,24
2862,7,4,5,6,8,9,11,12,15,16,17,19,20,24,25
2862,8,1,4,7,9,10,11,13,14,15,17,19,20,23,25
2863,1,2,3,5,6,7,8,10,13,14,15,17,20,21,24
2863,2,1,2,4,5,7,8,9,12,17,19,21,22,23,25
2863,3,1,3,4,11,14,16,17,18,19,20,21,22,23,25
2863,4,1,4,6,8,9,11,13,14,15,16,22,23,24,25
2863,5,2,4,6,9,10,14,15,16,18,19,20,22,23,24
2863,6,2,5,6,8,10,11,12,15,16,18,19,20,21,25
2863,7,1,2,3,6,8,9,11,12,16,17,18,21,23,25
2863,8,3,4,5,7,9,10,13,14,15,17,19,23,24,25
2864,1,1,2,3,4,10,11,12,14,16,18,21,22,24,25
2864,2,2,3,5,6,7,9,10,12,13,14,15,21,22,23
2864,3,1,5,6,8,11,13,14,15,19,20,22,23,24,25
2864,4,2,3,5,7,8,9,10,13,14,18,20,22,23,25
2864,5,1,4,5,7,8,10,13,14,15,16,19,20,22,24
2864,6,1,3,5,6,7,8,9,11,12,13,16,17,23,25
2864,7,1,2,3,6,9,13,14,15,18,19,22,23,24,25
2864,8,1,3,4,5,6,9,13,14,15,16,17,19,23,24
2865,1,1,2,4,5,8,12,13,14,16,18,19,22,23,25
2865,2,1,4,7,12,13,14,15,16,17,19,20,21,22,24
2865,3,1,3,4,5,8,9,10,11,12,15,16,17,21,22
2865,4,1,3,4,5,6,7,10,11,13,14,15,16,17,20
2865,5,1,4,5,6,9,11,12,13,14,17,19,20,21,24
2865,6,5,6,7,11,13,14,15,18,20,21,22,23,24,25
2865,7,1,3,4,6,7,8,13,14,15,17,19,20,23,24
2865,8,1,2,3,4,5,6,8,9,13,14,18,21,23,25
2866,1,3,4,5,7,9,10,12,13,14,16,17,19,21,24
2866,2,2,4,5,6,8,9,12,13,14,15,20,21,23,24
2866,3,1,4,5,7,9,10,12,13,15,17,18,19,20,21
2866,4,1,2,6,7,10,11,12,13,14,15,18,19,22,23
2866,5,1,2,3,4,5,6,7,8,11,12,16,17,18,23
2866,6,1,3,4,7,9,12,14,16,17,19,22,23,24,25
2866,7,3,4,5,6,7,10,13,15,16,19,20,21,22,25
2866,8,1,2,4,6,9,10,12,14,16,18,19,20,21,22
2867,1,3,4,5,6,7,8,9,10,16,20,21,22,23,24
2867,2,1,3,5,6,7,10,13,14,15,17,19,20,21,24
2867,3,5,8,9,10,13,14,15,16,18,19,20,21,24,25
2867,4,2,3,4,9,10,12,13,15,16,17,18,19,24,25
2867,5,1,2,3,5,6,8,9,12,17,18,19,22,24,25
2867,6,4,6,7,8,9,12,13,14,17,18,20,21,23,24
2867,7,2,3,4,9,10,13,14,16,19,21,22,23,24,25
2867,8,3,8,9,10,11,13,14,17,18,19,20,21,24,25
2868,1,1,2,5,8,9,12,13,14,15,16,21,23,24,25
2868,2,4,5,7,9,10,11,13,14,16,17,19,21,24,25
2868,3,1,4,6,7,8,9,10,12,14,15,16,17,19,20
2868,4,2,4,5,6,8,9,10,11,13,16,19,20,24,25
2868,5,2,3,7,10,11,12,13,14,15,19,20,21,22,24
2868,6,3,4,5,6,7,8,9,10,13,20,21,22,24,25
2868,7,1,6,7,8,10,11,12,14,15,16,21,22,23,25
2868,8,2,4,6,7,8,9,11,12,13,17,18,20,21,24
2869,1,1,4,10,12,13,15,16,17,18,21,22,23,24,25
2869,2,2,3,4,5,6,8,9,10,12,13,16,21,24,25
2869,3,1,3,6,8,11,13,15,16,17,18,20,21,23,25
2869,4,2,5,6,8,9,10,13,14,15,16,17,18,19,25
2869,5,2,3,6,8,9,10,11,12,13,15,16,19,20,22
2869,6,1,4,6,7,9,10,12,15,16,18,19,20,22,23
2869,7,1,3,5,6,8,9,10,13,15,16,18,23,24,25
2869,8,1,2,4,5,6,8,9,12,13,17,20,22,23,25
2870,1,1,2,4,5,7,11,15,16,17,20,21,23,24,25
2870,2,4,6,7,9,10,13,14,16,17,19,20,23,24,25
2870,3,1,3,4,7,8,9,11,14,16,18,20,21,22,23
2870,4,1,2,4,7,8,9,10,12,14,16,19,21,22,25
2870,5,1,2,4,5,6,7,9,10,11,15,17,18,23,24
2870,6,1,2,3,5,9,12,13,14,16,18,20,21,22,25
2870,7,1,3,4,6,8,9,11,12,14,16,19,21,23,24
2870,8,2,4,6,7,12,13,14,15,17,19,20,21,24,25
2871,1,1,3,4,6,8,9,10,11,16,18,19,20,22,23
2871,2,1,2,3,5,6,7,14,15,17,18,19,22,23,25
2871,3,1,2,3,6,7,8,17,19,20,21,22,23,24,25
2871,4,1,3,7,10,12,14,15,16,17,18,20,22,23,24
2871,5,1,2,3,4,8,9,10,11,12,14,15,17,21,25
2871,6,3,4,5,9,10,11,12,15,17,20,21,23,24,25
2871,7,4,5,7,8,10,11,12,13,14,16,19,20,22,25
2871,8,2,5,7,9,11,13,14,15,16,17,21,22,23,25
2872,1,1,2,3,5,7,9,11,12,14,15,17,18,20,21
2872,2,1,2,3,4,5,6,7,9,10,12,13,17,23,25
2872,3,1,2,4,6,8,9,12,15,17,18,19,22,23,25
2872,4,1,2,3,6,7,8,10,11,12,13,19,20,24,25
2872,5,6,7,11,12,13,15,16,17,18,20,22,23,24,25
2872,6,1,2,6,7,8,11,12,16,17,19,20,21,22,24
2872,7,2,4,5,7,8,11,15,16,17,18,20,21,24,25
2872,8,1,3,4,5,6,8,9,10,11,13,17,18,21,24
2873,1,3,6,7,8,11,12,13,15,16,17,18,22,23,24
2873,2,1,2,4,7,8,9,10,14,16,17,18,20,21,23
2873,3,2,3,4,5,6,10,12,14,15,16,17,21,23,24
2873,4,2,5,6,10,11,13,15,16,17,19,20,21,22,23
2873,5,2,3,4,7,8,10,11,15,16,17,18,23,24,25
2873,6,8,9,10,11,12,13,15,16,17,20,21,23,24,25
2873,7,1,2,3,4,5,9,12,13,14,16,17,19,22,23
2873,8,1,3,4,6,7,10,11,13,19,20,22,23,24,25
2874,1,1,2,3,4,7,11,14,17,18,19,20,21,22,24
2874,2,1,4,7,8,9,10,12,13,16,17,18,21,23,24
2874,3,1,3,4,6,7,8,9,11,12,16,19,22,23,24
2874,4,1,3,4,6,7,8,9,10,12,15,16,18,22,23
2874,5,1,2,3,5,6,8,9,14,15,17,19,22,23,25
2874,6,1,2,7,8,11,13,14,18,20,21,22,23,24,25
2874,7,2,4,5,6,7,8,9,11,12,13,18,22,23,25
2874,8,1,2,4,6,7,8,9,12,13,17,20,22,23,25
2875,1,2,3,4,5,6,7,11,12,13,15,18,20,21,23
2875,2,5,6,9,10,11,13,14,15,17,18,19,20,21,25
2875,3,1,4,7,8,9,13,14,15,17,19,20,21,23,25
2875,4,3,7,8,9,10,11,12,13,15,17,18,19,21,22
2875,5,2,4,7,8,9,10,11,12,13,14,18,19,20,24
2875,6,1,2,5,6,7,9,11,14,15,16,17,19,23,24
2875,7,4,5,7,8,10,12,13,14,15,17,18,19,22,24
2875,8,1,3,7,8,10,11,12,13,15,16,18,19,23,25
2876,1,2,3,4,5,8,9,10,11,12,17,18,21,23,24
2876,2,4,5,7,9,10,11,12,15,16,18,19,23,24,25
2876,3,4,6,7,8,9,11,13,15,17,18,21,22,23,25
2876,4,2,3,6,9,10,11,12,16,17,19,20,22,24,25
2876,5,2,5,7,9,11,12,14,17,19,20,21,23,24,25
2876,6,2,4,7,9,10,11,13,16,19,21,22,23,24,25
2876,7,1,2,4,5,8,9,10,11,16,20,21,22,24,25
2876,8,1,4,5,6,11,12,13,14,16,19,20,21,23,25
2877,1,2,4,7,9,10,11,13,14,15,16,18,19,20,21
2877,2,1,2,5,6,7,8,12,13,14,15,16,18,19,23
2877,3,4,6,7,8,9,11,13,16,17,18,22,23,24,25
2877,4,1,3,4,6,7,9,13,14,15,18,22,23,24,25
2877,5,2,5,6,7,8,11,13,15,16,17,18,21,23,24
2877,6,2,6,8,9,10,12,13,15,16,17,18,22,23,25
2877,7,1,2,3,6,7,8,9,10,11,17,19,22,23,24
2877,8,2,4,6,7,8,9,11,15,16,19,20,21,22,24
2878,1,4,5,6,12,15,16,17,18,19,20,21,23,24,25
2878,2,1,6,8,9,10,12,13,14,15,16,17,19,21,25
2878,3,1,2,3,4,6,7,10,12,13,18,21,22,24,25
2878,4,1,3,4,6,7,9,10,11,12,15,17,19,20,24
2878,5,1,4,6,8,10,12,14,15,16,17,18,19,21,24
2878,6,1,2,3,6,7,8,10,12,14,17,21,22,23,25
2878,7,2,4,5,6,7,9,12,13,14,16,17,20,21,22
2878,8,2,3,5,8,10,12,15,16,19,21,22,23,24,25
2879,1,1,2,5,6,8,11,12,13,14,18,19,21,24,25
2879,2,4,5,6,8,10,11,13,17,18,20,21,23,24,25
2879,3,1,4,5,6,9,10,11,14,18,20,21,22,23,24
2879,4,2,4,5,9,10,11,13,14,15,16,17,19,20,22
2879,5,1,3,4,6,8,9,12,13,14,15,16,17,20,24
2879,6,1,2,5,8,9,11,14,15,17,19,20,21,22,25
2879,7,1,2,3,8,9,10,11,12,14,16,18,20,23,25
2879,8,2,5,7,8,9,11,12,14,15,17,18,20,23,24
2880,1,3,6,7,9,10,11,14,15,17,18,19,22,24,25
2880,2,2,3,5,6,7,9,11,13,17,18,19,20,22,23
2880,3,4,5,6,7,8,11,13,14,16,18,21,22,24,25
2880,4,1,3,5,6,7,9,13,16,18,19,21,23,24,25
2880,5,1,2,3,7,8,9,10,11,14,15,17,18,23,25
2880,6,1,2,4,5,8,10,14,15,17,19,20,22,24,25
2880,7,3,4,5,6,9,10,11,13,14,15,16,18,23,25
2880,8,1,2,4,5,6,7,8,9,13,16,17,19,24,25
2881,1,5,6,7,8,10,11,13,14,15,16,17,18,19,25
2881,2,1,3,4,6,7,10,11,12,16,18,20,21,22,23
2881,3,3,5,7,9,12,14,15,16,17,18,19,20,21,24
2881,4,2,3,4,6,7,8,10,12,14,15,16,20,23,25
2881,5,1,2,3,4,7,9,10,11,14,15,18,21,24,25
2881,6,2,3,4,5,8,9,13,14,15,18,19,21,23,25
2881,7,1,2,3,6,7,8,10,11,12,13,17,19,21,25
2881,8,1,2,3,4,7,9,12,13,15,18,19,23,24,25
2882,1,1,2,4,7,8,9,12,13,15,18,19,20,22,23
2882,2,1,3,6,8,9,10,11,13,18,19,20,21,22,23
2882,3,1,2,3,4,6,11,12,14,16,17,18,19,20,22
2882,4,4,5,6,8,11,12,14,17,20,21,22,23,24,25
2882,5,1,5,7,8,9,11,13,14,15,16,17,21,23,24
2882,6,1,2,3,4,8,13,14,15,16,17,19,20,23,25
2882,7,2,3,4,5,6,7,8,9,11,14,16,18,19,23
2882,8,1,4,9,10,11,13,14,16,18,19,20,21,24,25
2883,1,1,3,5,6,7,8,9,10,14,15,16,19,24,25
2883,2,4,5,6,7,8,9,10,11,12,17,22,23,24,25
2883,3,4,7,8,9,11,12,18,19,20,21,22,23,24,25
2883,4,1,2,4,5,6,7,8,9,10,12,18,22,23,24
2883,5,2,3,4,5,6,7,8,9,11,13,16,20,21,23
2883,6,3,4,6,7,9,11,14,17,18,20,21,22,23,24
2883,7,1,2,3,4,8,11,12,14,15,16,18,20,24,25
2883,8,1,2,3,4,5,6,7,8,12,13,15,18,19,20
2884,1,2,6,8,9,10,11,13,14,15,17,18,19,20,21
2884,2,2,3,7,8,9,10,11,15,17,20,22,23,24,25
2884,3,2,3,7,8,9,10,11,14,15,16,17,19,20,23
2884,4,1,4,5,6,7,9,11,12,16,17,18,19,20,22
2884,5,3,5,9,10,11,14,15,16,19,20,21,22,23,24
2884,6,1,4,5,7,8,10,13,14,15,18,21,23,24,25
2884,7,1,2,3,4,5,6,7,8,10,14,18,20,21,23
2884,8,1,3,4,7,9,10,11,15,16,17,19,20,22,25
2885,1,3,4,5,7,8,11,13,14,17,19,21,22,23,24
2885,2,2,3,5,6,8,10,11,12,13,15,16,18,22,23
2885,3,1,3,4,6,9,11,15,17,18,19,21,23,24,25
2885,4,1,2,4,7,9,10,11,15,16,17,19,20,21,25
2885,5,1,4,8,9,10,11,13,14,15,17,19,23,24,25
2885,6,5,6,8,9,10,14,15,17,18,19,20,21,23,25
2885,7,1,2,6,9,11,12,13,14,15,16,18,20,22,25
2885,8,2,7,10,11,12,14,15,16,18,19,22,23,24,25
2886,1,1,4,5,8,9,11,12,13,15,17,19,20,21,25
2886,2,1,6,8,9,10,11,15,17,18,19,20,22,23,24
2886,3,1,2,3,6,8,10,11,14,15,16,18,22,23,25
2886,4,2,4,5,6,7,9,10,11,14,17,18,19,20,22
2886,5,3,6,7,9,10,11,14,16,18,21,22,23,24,25
2886,6,4,5,6,7,10,11,14,15,17,18,21,22,24,25
2886,7,1,5,6,7,8,10,14,16,17,18,19,20,23,25
2886,8,1,2,5,6,8,9,12,13,16,17,19,20,21,24
2887,1,2,3,4,5,8,11,12,13,14,17,19,23,24,25
2887,2,2,3,4,5,9,11,17,19,20,21,22,23,24,25
2887,3,2,4,7,8,10,12,13,14,15,16,20,22,23,24
2887,4,1,2,4,5,6,7,8,12,15,16,20,21,24,25
2887,5,1,2,4,8,9,10,11,12,16,19,20,21,24,25
2887,6,1,2,3,6,8,9,12,13,15,16,17,19,21,25
2887,7,2,3,5,8,10,12,16,17,18,19,20,22,23,25
2887,8,2,3,4,6,7,9,10,11,13,17,18,19,23,25
2888,1,3,5,6,7,9,10,11,12,17,18,20,22,23,24
2888,2,2,5,6,7,8,11,14,15,18,19,20,21,24,25
2888,3,1,2,5,6,7,8,11,15,17,19,21,23,24,25
2888,4,1,2,5,8,10,11,12,15,16,17,19,20,24,25
2888,5,1,2,4,5,7,8,10,11,12,16,17,18,19,22
2888,6,1,2,5,6,9,10,13,14,16,18,19,20,21,24
2888,7,1,2,7,9,11,13,14,15,16,17,19,20,23,25
2888,8,2,3,5,6,7,9,10,11,19,20,21,22,23,25
2889,1,1,2,3,5,6,11,12,13,14,15,16,19,21,24
2889,2,3,4,6,9,10,11,13,14,16,17,19,20,22,23
2889,3,2,4,5,7,9,11,12,14,15,16,21,23,24,25
2889,4,1,3,4,5,8,10,11,15,16,17,20,23,24,25
2889,5,3,4,5,6,7,10,12,13,15,17,18,19,22,23
2889,6,1,3,5,6,8,10,11,14,15,17,18,23,24,25
2889,7,1,3,5,6,7,9,10,11,12,15,17,18,20,21
2889,8,1,2,4,5,6,9,12,13,14,15,19,22,24,25
2890,1,1,2,3,5,9,10,13,14,16,18,20,21,24,25
2890,2,1,4,7,9,10,11,12,14,15,18,19,21,22,24
2890,3,1,2,4,5,6,7,8,10,11,12,13,16,20,21
2890,4,1,2,5,6,9,10,11,13,15,16,20,22,23,25
2890,5,3,4,5,11,12,13,15,17,18,19,21,22,23,24
2890,6,2,5,7,8,10,12,14,15,16,17,19,20,22,24
2890,7,1,4,6,10,11,12,13,17,18,20,21,23,24,25
2890,8,2,4,5,6,7,10,12,15,16,17,19,20,22,24
2891,1,1,3,4,5,6,7,8,11,13,16,19,22,24,25
2891,2,4,5,6,7,8,11,14,16,17,18,19,22,23,24
2891,3,1,2,4,5,6,9,10,14,16,17,18,19,22,24
2891,4,1,3,5,6,7,9,13,15,16,18,20,21,24,25
2891,5,2,3,5,7,9,12,13,14,15,16,17,19,20,22
2891,6,2,4,6,9,10,11,12,15,16,18,19,21,23,25
2891,7,1,4,5,7,8,11,13,14,15,16,18,19,20,22
2891,8,3,4,5,8,9,10,12,14,15,16,17,21,23,25
2892,1,3,5,9,10,11,12,14,15,18,19,21,22,24,25
2892,2,1,2,4,6,8,9,10,11,12,13,16,18,19,24
2892,3,1,2,3,4,9,11,13,14,17,19,20,21,24,25
2892,4,1,2,3,4,5,10,13,15,17,19,21,22,23,25
2892,5,2,3,4,5,7,9,11,12,14,15,16,17,18,19
2892,6,1,2,3,6,10,11,12,14,15,18,19,20,21,24
2892,7,1,2,4,5,10,11,12,15,16,17,18,19,24,25
2892,8,3,6,7,9,13,14,16,17,18,21,22,23,24,25
2893,1,1,2,3,5,7,8,9,13,18,19,20,21,22,24
2893,2,2,3,5,7,8,9,10,11,12,13,16,18,19,24
2893,3,4,5,9,10,12,14,15,16,17,20,21,22,24,25
2893,4,1,2,7,9,11,12,13,18,19,20,21,22,23,24
2893,5,3,4,6,7,8,10,13,15,17,20,21,22,23,24
2893,6,1,2,3,5,6,9,10,12,14,16,17,19,20,25
2893,7,1,3,5,6,11,13,14,15,16,21,22,23,24,25
2894,1,3,4,5,6,7,8,11,13,15,18,19,21,23,25
2894,2,1,2,3,6,8,10,13,14,17,18,19,20,24,25
2894,3,1,2,4,6,8,9,12,14,15,17,18,19,20,24
2894,4,1,3,4,5,7,8,9,11,12,16,18,21,22,23
2894,5,1,2,3,5,6,8,11,13,14,17,20,22,24,25
2894,6,3,4,6,7,8,9,10,11,12,15,16,19,20,24
2894,7,3,5,6,9,10,11,12,17,19,20,21,22,23,24
2895,1,1,2,3,4,6,7,9,10,11,13,14,17,20,21
2895,2,3,5,6,10,11,12,13,15,16,19,21,23,24,25
2895,3,1,4,6,7,8,10,11,12,17,18,20,21,23,24
2895,4,5,8,9,10,12,13,14,15,17,18,19,20,21,25
2895,5,2,3,6,7,8,9,10,13,15,18,20,21,24,25
2895,6,1,2,3,4,5,6,8,10,13,17,19,20,22,23
2895,7,1,4,5,7,8,9,11,13,16,17,19,20,23,25
2896,1,1,3,4,5,6,7,12,13,15,16,19,20,22,24
2896,2,1,4,5,6,7,9,12,13,14,15,16,21,24,25
2896,3,1,2,3,4,5,6,9,11,12,14,16,19,22,23
2896,4,1,3,5,6,8,9,10,11,14,16,18,20,23,24
2896,5,2,4,6,9,11,13,14,15,16,17,18,21,22,25
2896,6,2,5,6,8,9,10,12,14,18,20,21,23,24,25
2896,7,1,2,4,8,11,12,15,16,17,19,20,21,23,25
2897,1,3,4,5,6,9,10,13,16,18,19,22,23,24,25
2897,2,3,4,5,6,9,10,11,12,14,16,19,20,23,25
2897,3,2,3,5,6,7,8,9,12,13,16,19,20,23,24
2897,4,1,2,4,8,9,12,13,14,16,19,20,22,23,24
2897,5,1,5,6,10,12,13,14,15,17,18,20,21,23,24
2897,6,2,3,5,6,7,8,9,10,15,18,21,22,24,25
2897,7,1,3,4,6,7,8,9,15,16,17,21,22,23,25
2898,1,1,3,6,8,9,10,12,14,15,17,20,21,23,25
2898,2,1,2,4,5,8,10,11,13,15,17,19,20,22,23
2898,3,1,2,3,4,6,9,10,13,17,19,22,23,24,25
2898,4,1,2,3,4,5,6,7,8,10,11,15,16,17,24
2898,5,1,3,10,11,13,14,15,16,20,21,22,23,24,25
2898,6,2,4,5,6,9,10,12,13,14,18,19,21,23,25
2898,7,2,5,7,9,10,12,14,16,19,20,22,23,24,25
2899,1,3,7,8,10,12,14,16,17,19,20,21,22,24,25
2899,2,2,3,4,5,6,9,12,13,15,20,21,22,23,25
2899,3,2,3,4,5,8,10,12,13,14,18,19,20,24,25
2899,4,1,3,5,6,9,11,14,15,16,18,19,20,23,25
2899,5,1,2,3,5,8,11,14,16,17,18,20,21,22,25
2899,6,1,3,4,5,7,9,14,17,18,20,21,23,24,25
2899,7,1,2,3,5,6,7,8,9,10,12,14,19,21,23
2900,1,2,3,4,6,7,8,9,10,11,12,17,22,23,25
2900,2,1,2,4,5,7,9,10,11,12,18,19,20,22,25
2900,3,1,3,4,5,7,8,12,13,14,15,19,20,21,22
2900,4,1,2,9,10,12,13,15,16,17,21,22,23,24,25
2900,5,1,2,6,7,8,9,10,13,15,20,21,22,24,25
2900,6,1,2,4,6,7,8,9,11,12,15,16,18,21,25
2900,7,1,3,4,6,9,10,11,13,16,20,21,22,23,25
2901,1,4,7,9,12,13,14,15,16,17,18,19,21,23,25
2901,2,1,2,3,5,8,9,10,11,18,19,20,21,22,25
2901,3,1,2,3,5,6,8,10,11,14,15,17,21,22,23
2901,4,4,5,6,7,8,11,12,15,16,19,20,21,23,25
2901,5,1,3,9,13,14,15,16,18,19,20,21,22,23,24
2901,6,3,5,8,9,11,13,14,15,16,17,19,21,22,25
2901,7,1,2,3,5,6,7,10,12,13,16,17,21,22,23
2902,1,3,5,6,10,11,14,17,18,20,21,22,23,24,25
2902,2,1,2,3,5,6,7,11,12,13,16,18,20,22,25
2902,3,1,2,4,5,12,13,14,15,16,19,21,22,23,25
2902,4,1,2,3,4,5,7,8,11,13,15,16,19,20,21
2902,5,2,5,6,8,9,10,12,13,14,17,18,20,22,23
2902,6,1,3,4,5,9,10,12,13,15,17,18,19,23,24
2902,7,2,3,4,6,8,9,10,15,18,19,21,22,23,25
2903,1,1,3,5,6,8,10,11,12,14,15,16,17,22,25
2903,2,2,4,6,7,10,12,15,16,17,20,21,23,24,25
2903,3,1,2,3,4,5,6,10,11,14,15,19,22,23,25
2903,4,1,4,8,9,13,14,15,16,18,20,21,22,23,25
2903,5,4,5,6,7,8,10,12,13,17,19,21,22,23,25
2903,6,1,2,3,6,7,8,9,14,15,20,21,22,23,24
2903,7,1,4,6,8,9,10,11,12,13,14,15,18,20,21
2904,1,1,6,7,9,11,12,17,18,19,20,21,22,23,25
2904,2,2,3,5,7,9,11,14,16,17,18,19,20,24,25
2904,3,1,2,3,5,6,10,12,13,15,19,20,21,22,25
2904,4,1,3,4,5,7,11,14,15,18,20,21,23,24,25
2904,5,1,3,5,8,11,12,13,14,17,19,21,22,23,25
2904,6,1,3,4,5,9,11,13,14,15,18,20,22,23,24
2904,7,3,4,5,6,7,8,9,10,12,14,15,21,24,25
2905,1,3,6,7,13,14,15,16,18,19,20,21,22,23,25
2905,2,1,4,6,7,9,10,14,16,17,19,20,22,23,25
2905,3,1,2,3,4,5,9,10,11,12,14,17,19,22,25
2905,4,2,3,4,6,8,10,11,12,14,18,19,23,24,25
2905,5,1,2,4,5,8,12,13,14,15,16,18,19,20,21
2905,6,1,3,4,5,7,8,9,11,13,18,21,23,24,25
2905,7,1,2,3,4,7,10,11,12,19,20,21,22,23,25
2906,1,1,4,5,9,12,14,16,17,18,19,20,21,23,24
2906,2,2,4,5,8,9,10,14,15,16,17,20,21,22,23
2906,3,1,2,3,4,6,9,10,11,14,16,20,23,24,25
2906,4,1,5,7,11,12,14,15,17,19,20,21,22,24,25
2906,5,4,5,6,9,10,12,14,15,17,18,19,22,23,25
2906,6,2,5,6,7,9,10,11,17,19,21,22,23,24,25
2906,7,3,6,7,11,12,13,15,16,17,19,21,23,24,25
2907,1,1,8,9,10,11,12,13,17,19,20,21,22,23,25
2907,2,2,3,5,6,7,8,9,12,15,17,18,19,21,22
2907,3,1,3,6,11,12,13,16,17,18,20,21,22,23,24
2907,4,1,2,5,8,9,13,14,15,17,20,21,22,23,24
2907,5,1,3,5,6,8,9,15,18,19,20,21,22,23,24
2907,6,1,2,3,5,7,8,11,12,13,19,20,22,23,25
2907,7,1,5,7,8,9,11,12,14,15,16,17,18,21,25
2908,1,2,3,5,6,9,10,12,14,17,18,19,21,22,24
2908,2,3,4,5,7,9,11,15,16,18,20,22,23,24,25
2908,3,1,2,4,6,8,10,11,12,13,18,21,22,23,25
2908,4,1,2,3,6,9,11,12,13,15,17,19,20,21,23
2908,5,1,4,5,7,10,14,15,17,19,21,22,23,24,25
2908,6,4,5,7,8,9,11,12,14,17,18,20,23,24,25
2908,7,2,5,6,7,9,11,13,14,16,17,19,20,23,25
2909,1,1,3,4,7,8,9,11,12,13,15,16,18,23,25
2909,2,1,2,3,4,5,6,7,11,13,15,16,18,19,25
2909,3,1,2,5,6,11,12,13,14,16,18,20,21,23,25
2909,4,1,3,4,5,6,9,12,13,16,18,20,23,24,25
2909,5,3,4,5,6,8,10,12,13,15,16,17,18,19,21
2909,6,2,4,5,6,10,11,12,13,14,15,16,17,18,20
2909,7,1,2,4,6,8,9,10,13,16,17,20,22,23,24
2910,1,2,3,4,5,6,9,12,16,17,19,21,22,24,25
2910,2,1,2,5,6,7,9,11,14,15,17,19,20,21,25
2910,3,3,4,5,9,10,11,12,13,14,17,19,21,22,25
2910,4,3,4,5,7,8,9,10,11,13,15,18,19,21,24
2910,5,1,2,3,5,7,10,13,14,16,17,18,21,23,24
2910,6,1,5,7,8,9,10,11,13,15,18,19,20,21,25
2910,7,3,7,8,9,11,12,14,16,17,18,20,21,24,25
2911,1,2,4,6,7,8,9,10,11,13,14,16,17,19,25
2911,2,1,2,3,4,7,8,9,14,15,17,18,20,21,23
2911,3,1,2,3,6,7,9,10,11,16,17,21,22,23,24
2911,4,1,2,3,5,6,7,9,12,13,15,16,18,23,24
2911,5,2,3,5,6,9,11,12,13,14,16,18,19,21,23
2911,6,1,2,5,7,11,12,13,14,15,16,17,20,24,25
2911,7,3,4,5,6,7,8,11,12,14,17,19,21,23,24
2912,1,1,2,4,5,7,8,10,12,13,14,17,19,21,24
2912,2,2,3,4,5,6,9,10,11,12,14,16,19,22,24
2912,3,4,7,8,11,12,13,15,16,19,20,21,22,23,25
2912,4,2,3,4,10,12,15,16,17,18,20,21,23,24,25
2912,5,1,2,3,4,5,6,8,11,12,15,17,18,21,24
2912,6,2,3,6,7,8,10,11,12,14,15,16,19,21,23
2912,7,1,2,3,6,7,8,9,15,16,17,21,22,24,25
2913,1,3,5,6,7,9,10,11,13,14,18,19,21,24,25
2913,2,1,2,3,5,8,11,13,14,15,16,21,22,23,24
2913,3,6,7,9,10,13,14,15,18,19,20,21,22,23,24
2913,4,1,3,6,7,12,13,14,15,17,19,20,22,23,24
2913,5,1,3,5,8,9,13,14,15,17,19,21,22,23,25
2913,6,1,3,4,7,8,9,10,11,12,17,18,19,22,24
2913,7,1,2,5,6,7,9,11,12,14,16,21,22,24,25
2914,1,3,4,5,7,8,10,12,13,15,18,20,22,24,25
2914,2,1,3,6,7,8,12,13,14,16,18,19,20,22,23
2914,3,4,5,6,7,11,12,13,17,18,19,20,21,22,24
2914,4,1,2,4,7,8,10,11,12,16,17,18,21,22,23
2914,5,1,3,6,8,9,10,12,13,15,16,17,19,23,25
2914,6,2,4,5,7,10,11,12,13,14,18,20,22,24,25
2914,7,1,3,5,10,11,13,14,15,16,18,20,21,22,25
2915,1,1,3,5,8,9,11,12,13,14,15,16,17,19,24
2915,2,1,2,4,6,8,11,12,13,14,18,20,21,23,25
2915,3,1,3,4,5,6,8,11,12,14,18,19,20,21,22
2915,4,2,3,5,7,9,10,11,12,15,16,17,20,22,25
2915,5,1,5,6,7,9,10,11,12,14,18,21,22,23,25
2915,6,1,3,4,5,6,7,10,12,13,15,18,19,20,22
2915,7,4,5,6,7,8,9,10,11,13,15,17,21,22,25
2916,1,2,5,6,8,12,13,15,16,18,19,21,22,23,25
2916,2,2,3,4,5,6,10,16,18,19,21,22,23,24,25
2916,3,2,4,5,10,11,13,14,15,18,19,20,23,24,25
2916,4,3,4,5,6,12,13,14,15,18,20,21,23,24,25
2916,5,2,4,5,6,7,8,9,11,12,14,15,16,17,24
2916,6,4,6,8,9,12,16,17,18,19,20,21,22,24,25
2916,7,1,2,3,4,6,8,11,12,14,16,17,18,19,21
2917,1,3,5,7,8,9,11,17,18,19,20,22,23,24,25
2917,2,4,5,6,9,10,11,12,15,16,17,19,23,24,25
2917,3,1,3,6,8,9,12,13,15,16,17,20,23,24,25
2917,4,2,3,4,5,6,10,11,12,13,14,16,19,23,24
2917,5,1,2,3,4,5,6,7,8,10,12,13,15,21,23
2917,6,1,2,4,5,7,8,12,14,16,17,21,23,24,25
2917,7,6,7,9,10,11,12,13,14,15,16,17,19,20,24
2918,1,2,3,5,6,7,8,11,12,13,14,16,22,24,25
2918,2,1,2,3,10,11,12,16,17,18,20,21,22,23,25
2918,3,1,4,6,9,10,12,15,16,17,18,20,21,22,25
2918,4,1,2,3,4,5,6,10,11,13,15,17,18,20,22
2918,5,1,2,4,6,7,8,9,11,14,15,16,19,21,24
2918,6,2,3,4,5,6,8,9,12,14,15,20,23,24,25
2918,7,1,6,7,10,12,14,15,16,18,19,20,22,24,25
2919,1,2,3,4,5,6,8,9,10,11,12,13,14,16,21
2919,2,1,2,6,7,8,13,14,15,17,18,19,21,22,24
2919,3,1,4,6,8,11,12,14,16,19,20,21,22,24,25
2919,4,2,4,6,8,10,12,13,14,15,16,18,19,22,25
2919,5,2,4,5,6,8,9,13,14,15,16,17,21,24,25
2919,6,2,5,6,7,8,9,11,15,17,18,22,23,24,25
2919,7,1,2,6,7,8,9,10,11,12,13,16,17,20,22
2920,1,1,4,5,6,7,9,11,12,14,16,18,21,23,25
2920,2,1,5,6,7,8,12,13,16,17,18,19,20,24,25
2920,3,1,2,3,4,6,10,11,13,15,20,21,22,24,25
2920,4,3,4,5,6,8,9,13,14,15,16,18,19,20,21
2920,5,7,8,9,10,12,13,15,16,19,20,21,22,23,24
2920,6,1,3,5,6,8,12,15,16,18,19,21,22,24,25
2920,7,2,3,4,5,6,7,10,13,15,16,17,19,23,24
2921,1,2,5,6,8,10,12,13,14,15,17,18,20,24,25
2921,2,1,2,6,9,10,11,12,14,15,16,19,21,22,24
2921,3,1,3,4,7,8,11,12,15,17,18,19,23,24,25
2921,4,1,5,7,8,9,11,12,13,17,18,19,20,21,25
2921,5,4,6,7,10,13,14,16,18,19,20,21,22,23,24
2921,6,1,4,5,6,10,11,12,13,17,19,20,23,24,25
2921,7,2,4,5,6,9,13,14,17,18,19,20,21,22,23
2922,1,1,2,3,4,6,7,8,9,15,16,17,18,24,25
2922,2,2,3,6,8,11,12,13,18,20,21,22,23,24,25
2922,3,1,2,3,4,5,6,11,12,15,16,17,19,21,23
2922,4,1,2,3,5,9,12,16,18,19,20,22,23,24,25
2922,5,2,3,6,7,10,11,14,15,16,17,20,21,24,25
2922,6,1,3,5,6,8,12,13,14,17,18,19,23,24,25
2922,7,1,2,3,5,7,8,9,10,14,16,17,19,22,24
2923,1,1,4,5,6,7,8,12,13,15,16,17,23,24,25
2923,2,2,4,5,7,8,9,10,12,13,14,17,18,22,24
2923,3,3,7,8,9,12,14,15,16,17,18,21,22,23,24
2923,4,5,6,7,8,9,11,13,14,16,18,19,20,22,24
2923,5,1,2,3,5,7,8,9,13,17,19,20,21,23,24
2923,6,1,3,6,8,9,11,15,16,18,20,21,23,24,25
2923,7,5,7,10,12,13,14,15,17,18,19,20,21,24,25
2924,1,2,3,6,8,9,10,11,12,13,18,19,21,22,23
2924,2,2,3,5,9,10,11,13,14,16,18,19,20,23,25
2924,3,1,2,3,4,5,10,12,13,14,17,18,19,24,25
2924,4,1,2,3,6,8,9,10,11,13,14,15,16,22,25
2924,5,3,4,5,7,11,13,15,16,17,18,20,21,23,25
2924,6,2,4,6,8,9,14,15,17,18,19,20,21,23,24
2924,7,1,2,5,6,7,9,11,13,14,15,16,17,18,20
2925,1,1,8,9,10,11,14,16,19,20,21,22,23,24,25
2925,2,3,8,9,10,11,13,15,16,17,19,20,21,24,25
2925,3,3,4,6,7,8,9,10,13,15,16,18,20,22,24
2925,4,3,4,5,7,8,9,10,11,12,16,18,21,23,25
2925,5,2,4,6,10,11,13,15,16,18,21,22,23,24,25
2925,6,1,2,4,6,10,11,13,14,15,21,22,23,24,25
2925,7,1,2,7,8,9,11,12,13,15,17,19,20,21,23
2926,1,1,2,3,4,7,8,9,11,16,17,19,20,24,25
2926,2,1,2,4,5,6,7,8,12,15,16,17,18,20,23
2926,3,1,2,4,5,6,7,10,13,15,16,17,19,20,24
2926,4,1,3,5,6,8,9,10,13,14,15,16,19,22,23
2926,5,1,4,5,6,7,9,11,12,18,19,20,21,22,25
2926,6,1,3,5,6,9,10,13,14,15,17,21,22,24,25
2926,7,1,3,7,8,10,12,13,14,15,17,18,20,22,23
2927,1,1,2,4,5,10,11,12,13,14,15,16,18,20,23
2927,2,2,4,5,6,7,9,10,11,13,17,18,19,24,25
2927,3,1,7,10,12,13,14,15,18,19,20,22,23,24,25
2927,4,1,4,8,9,10,13,14,17,19,20,21,22,23,24
2927,5,4,5,6,8,12,13,15,18,19,21,22,23,24,25
2927,6,1,3,5,6,8,10,15,16,17,20,22,23,24,25
2927,7,1,2,3,4,6,8,9,11,14,15,17,20,21,23
2928,1,1,2,3,5,10,11,12,15,16,19,21,22,23,25
2928,2,1,2,4,5,6,10,11,14,17,19,20,22,24,25
2928,3,2,4,6,7,11,13,15,16,18,20,21,22,24,25
2928,4,2,4,5,6,7,8,18,19,20,21,22,23,24,25
2928,5,2,4,5,7,9,11,14,16,19,20,21,23,24,25
2928,6,3,5,6,7,9,10,11,12,14,16,17,19,22,24
2928,7,3,5,6,7,9,10,11,14,17,18,20,22,23,25
2929,1,1,5,7,8,9,10,12,13,14,15,19,21,22,25
2929,2,1,3,4,6,8,9,10,11,18,19,20,22,24,25
2929,3,1,4,5,10,11,13,16,17,18,19,20,21,22,25
2929,4,2,4,6,7,9,10,11,12,13,15,16,17,18,24
2929,5,1,4,7,8,12,14,16,17,18,20,21,22,23,24
2929,6,2,3,4,7,10,11,15,16,17,19,20,22,23,25
2929,7,2,3,4,5,6,7,8,9,10,16,17,18,21,25
2930,1,1,2,4,6,7,9,10,13,15,16,18,19,20,21
2930,2,1,3,6,7,9,10,15,16,18,19,20,21,24,25
2930,3,1,2,3,7,8,9,11,14,15,16,17,18,19,23
2930,4,1,5,8,9,10,12,14,15,16,17,21,22,23,25
2930,5,1,2,4,6,7,9,12,13,14,15,18,19,20,24
2930,6,3,5,7,9,11,13,14,15,16,17,19,20,22,23
2930,7,3,4,5,7,9,11,12,15,17,19,20,21,22,24
2931,1,3,4,6,7,9,10,11,12,19,20,21,23,24,25
2931,2,2,8,9,10,11,12,13,14,15,19,21,23,24,25
2931,3,3,5,6,8,9,12,14,16,17,19,20,22,23,24
2931,4,1,2,5,8,9,10,11,13,14,17,18,20,24,25
2931,5,1,3,6,9,10,11,13,14,15,16,18,21,22,25
2931,6,1,2,4,7,10,12,17,18,20,21,22,23,24,25
2931,7,1,2,4,6,7,8,13,14,15,17,19,21,23,24
2932,1,2,3,4,5,8,10,15,16,19,20,21,22,23,25
2932,2,1,8,9,10,11,12,15,16,17,20,21,22,24,25
2932,3,1,4,5,7,8,9,10,11,12,13,15,17,23,25
2932,4,1,3,4,6,7,9,10,11,13,15,20,22,23,25
2932,5,1,3,5,6,9,13,15,16,18,19,20,21,24,25
2932,6,3,5,6,7,8,9,10,11,12,13,18,20,23,25
2932,7,3,4,5,7,9,10,12,15,16,18,21,22,23,25
2933,1,2,3,4,5,6,7,8,9,10,11,13,14,15,17
2933,2,2,3,4,5,8,12,15,16,17,19,20,21,24,25
2933,3,2,3,5,6,8,9,11,13,15,18,19,20,21,22
2933,4,3,5,6,9,10,11,12,13,14,16,17,18,19,24
2933,5,3,4,5,7,9,12,13,14,15,18,19,22,24,25
2933,6,2,3,4,6,8,9,10,11,12,14,19,20,22,24
2933,7,1,2,3,4,5,8,13,14,16,18,19,21,23,24
2934,1,3,4,5,8,9,10,11,12,14,15,16,21,24,25
2934,2,1,2,5,6,7,8,10,11,12,17,19,20,22,25
2934,3,1,3,4,5,6,9,10,13,14,15,17,20,22,23
2934,4,2,6,7,8,10,12,13,16,17,18,20,21,24,25
2934,5,1,2,6,8,10,11,12,13,17,20,21,23,24,25
2934,6,1,2,3,6,7,8,11,12,15,16,19,21,22,24
2934,7,2,3,6,8,9,12,13,16,17,18,19,21,22,23
2935,1,1,3,4,6,8,10,12,14,15,16,17,20,23,24
2935,2,2,3,4,5,8,9,10,12,13,14,15,17,23,24
2935,3,1,2,5,8,9,11,12,13,15,16,17,20,21,24
2935,4,1,2,4,7,8,11,12,14,15,16,18,19,21,25
2935,5,2,3,6,7,8,13,14,15,16,21,22,23,24,25
2935,6,1,2,3,4,5,6,7,8,9,11,12,22,23,24
2935,7,1,2,4,5,6,7,9,12,14,16,17,19,21,25
2936,1,2,4,6,8,9,10,13,14,16,17,20,21,23,24
2936,2,2,5,6,7,9,10,12,14,16,18,19,20,21,25
2936,3,2,3,4,9,10,12,13,14,16,18,19,21,22,23
2936,4,4,5,7,8,9,10,11,14,15,17,18,19,21,23
2936,5,1,4,5,7,8,10,11,15,17,18,21,23,24,25
2936,6,1,2,4,5,6,7,8,9,16,19,20,22,23,25
2936,7,1,3,5,7,8,9,10,11,14,15,19,20,22,24
2937,1,1,5,6,8,9,10,11,16,19,20,21,22,24,25
2937,2,3,4,5,6,9,10,12,15,17,18,20,22,23,25
2937,3,1,2,3,4,5,6,8,10,11,14,15,21,22,23
2937,4,1,4,5,6,7,9,10,11,12,16,17,18,23,25
2937,5,1,3,6,7,11,12,13,14,16,20,21,22,24,25
2937,6,2,6,7,8,10,11,15,16,17,18,20,22,24,25
2937,7,1,5,6,7,9,10,17,18,19,20,22,23,24,25
2938,1,2,7,8,9,12,14,15,18,19,20,21,22,23,25
2938,2,5,6,7,8,10,11,12,15,16,17,18,19,22,23
2938,3,1,4,6,7,8,10,12,13,14,15,17,19,20,24
2938,4,1,2,3,4,7,8,10,11,12,16,17,18,19,24
2938,5,1,3,8,9,10,13,15,17,19,21,22,23,24,25
2938,6,1,3,7,8,9,10,13,14,15,16,17,21,23,24
2938,7,2,3,5,6,7,8,10,11,14,18,21,22,24,25
2939,1,1,2,3,4,8,9,11,12,13,14,16,19,21,22
2939,2,1,3,7,9,10,11,12,13,14,15,16,20,21,25
2939,3,1,2,3,6,7,8,12,13,14,15,17,18,24,25
2939,4,3,5,7,8,10,11,12,13,15,16,20,22,23,25
2939,5,1,2,3,5,7,9,12,13,17,19,20,22,23,24
2939,6,1,2,3,5,7,8,10,12,16,18,19,22,23,24
2939,7,5,6,8,10,11,12,13,14,17,18,19,20,22,25
2940,1,1,3,4,6,9,10,12,13,14,15,17,22,24,25
2940,2,1,4,6,7,8,9,11,15,18,20,21,22,23,24
2940,3,1,2,3,4,5,6,7,8,10,13,16,19,24,25
2940,4,2,3,4,5,9,10,12,13,17,18,19,20,22,23
2940,5,1,2,4,6,7,9,10,11,12,14,16,17,19,21
2940,6,1,3,6,7,8,9,10,11,13,16,17,18,20,24
2940,7,1,3,4,5,7,10,12,13,14,15,16,19,20,24
2941,1,1,4,7,9,10,11,13,14,16,19,20,21,24,25
2941,2,2,3,4,5,9,11,12,15,17,19,21,22,24,25
2941,3,4,6,8,9,13,14,17,18,20,21,22,23,24,25
2941,4,2,3,4,6,8,10,12,13,15,16,17,19,20,21
2941,5,3,6,7,9,11,13,14,16,17,18,21,23,24,25
2941,6,5,7,10,11,12,13,14,15,18,19,20,21,22,25
2941,7,2,4,7,8,9,10,11,16,18,20,22,23,24,25
2942,1,4,5,6,8,9,11,12,17,20,21,22,23,24,25
2942,2,1,4,6,7,8,9,11,12,15,16,17,19,21,24
2942,3,2,5,7,8,11,13,14,16,17,18,20,21,24,25
2942,4,1,2,3,4,5,8,10,14,16,17,19,23,24,25
2942,5,1,2,3,4,5,6,7,10,11,13,16,19,24,25
2942,6,1,4,5,9,14,15,17,18,19,20,21,22,24,25
2942,7,1,3,4,8,10,12,14,17,18,20,21,22,23,24
2943,1,1,3,4,5,8,9,10,11,12,13,14,15,16,23
2943,2,1,3,4,6,7,10,12,14,15,16,20,21,22,25
2943,3,2,3,9,10,13,14,15,18,19,20,21,22,23,24
2943,4,1,2,6,8,9,11,13,14,15,17,18,19,22,24
2943,5,1,3,4,6,7,8,11,12,13,14,18,19,20,23
2943,6,1,7,8,10,13,15,16,17,18,20,21,23,24,25
2943,7,1,2,6,7,10,13,15,16,19,20,22,23,24,25
2944,1,1,3,4,5,6,7,8,10,12,13,15,19,22,24
2944,2,1,2,4,7,9,10,13,15,17,18,19,23,24,25
2944,3,3,4,6,9,10,11,12,14,15,16,19,20,21,22
2944,4,3,5,8,9,10,12,13,15,16,17,20,22,24,25
2944,5,1,4,5,6,8,10,11,13,15,21,22,23,24,25
2944,6,1,2,4,5,8,10,11,14,16,18,22,23,24,25
2944,7,3,4,6,9,11,13,14,15,16,17,19,20,21,24
2945,1,1,3,5,7,8,10,13,15,17,18,20,22,24,25
2945,2,1,4,7,8,9,13,14,15,16,18,19,21,24,25
2945,3,1,6,7,8,9,11,13,17,19,20,21,22,24,25
2945,4,1,2,3,5,7,11,12,14,15,18,22,23,24,25
2945,5,1,6,7,8,9,10,11,14,15,16,18,22,23,25
2945,6,1,3,4,6,9,10,11,12,14,16,21,23,24,25
2945,7,2,3,4,6,9,10,11,12,17,20,21,22,23,25
2946,1,1,3,4,5,6,7,8,10,13,16,20,21,23,25
2946,2,1,3,4,6,8,9,10,15,16,20,21,22,23,25
2946,3,1,2,4,6,7,8,9,11,14,16,19,21,23,24
2946,4,2,3,4,5,6,7,8,11,13,16,17,18,20,25
2946,5,1,2,6,8,10,11,12,14,15,18,21,23,24,25
2946,6,1,2,4,5,10,15,16,17,18,19,20,21,22,24
2946,7,2,5,7,8,9,12,13,14,16,17,19,20,23,25
2947,1,1,3,4,7,8,10,11,12,13,15,16,18,21,25
2947,2,1,3,4,6,7,8,9,10,12,14,15,19,21,22
2947,3,4,6,7,8,9,13,14,15,16,18,19,20,22,23
2947,4,2,4,5,8,9,10,12,13,15,17,18,20,22,23
2947,5,1,3,8,9,11,15,16,18,19,20,21,22,23,25
2947,6,1,2,3,4,8,12,13,14,17,19,21,22,23,25
2947,7,2,3,5,8,9,10,12,13,14,17,19,22,23,24
2948,1,2,4,5,6,8,9,10,13,14,15,16,17,19,20
2948,2,3,6,7,8,9,10,12,14,15,17,18,19,20,23
2948,3,4,5,6,7,8,10,11,13,15,19,20,21,24,25
2948,4,5,8,9,11,12,14,15,17,18,19,20,21,22,23
2948,5,2,3,5,6,7,8,9,10,14,15,17,19,20,24
2948,6,2,5,9,10,11,12,13,14,15,16,17,19,20,22
2948,7,1,2,3,5,6,8,10,12,13,18,19,21,22,25
2949,1,1,2,5,6,7,9,11,12,14,15,16,17,23,24
2949,2,1,4,5,6,9,10,13,14,15,16,18,22,24,25
2949,3,4,7,8,11,14,16,17,18,19,20,21,22,23,24
2949,4,1,2,3,4,6,7,8,10,11,12,17,20,21,24
2949,5,1,2,3,5,6,9,10,14,15,17,20,21,22,25
2949,6,2,3,6,8,9,11,12,14,17,20,21,22,24,25
2949,7,1,2,5,6,7,9,12,13,14,15,16,19,21,25
2950,1,2,8,9,10,11,14,15,16,18,19,20,23,24,25
2950,2,1,2,3,4,7,8,10,12,13,15,18,19,21,25
2950,3,4,5,8,9,14,15,16,17,18,20,21,22,23,24
2950,4,1,2,3,6,7,8,11,12,13,17,18,19,22,23
2950,5,1,2,3,6,7,12,13,14,15,16,17,20,21,24
2950,6,1,3,5,6,7,8,14,18,19,20,21,22,23,25
2950,7,3,4,5,7,8,9,10,12,13,14,19,21,22,23
2951,1,1,6,7,8,9,10,11,13,14,15,16,17,18,23
2951,2,1,2,3,4,8,9,10,11,13,14,15,16,20,25
2951,3,1,2,4,5,6,8,12,13,14,16,18,21,23,25
2951,4,3,4,5,6,9,12,15,17,18,19,21,23,24,25
2951,5,1,2,4,5,9,11,12,14,15,16,18,21,23,24
2951,6,2,7,8,9,10,11,12,15,16,17,20,23,24,25
2951,7,2,3,4,6,7,8,12,13,16,17,18,19,20,22
2952,1,3,5,7,8,9,10,11,15,16,17,20,23,24,25
2952,2,1,2,4,8,10,13,14,16,17,18,19,20,22,25
2952,3,1,5,6,8,9,10,11,14,15,17,22,23,24,25
2952,4,2,3,4,5,6,7,11,12,13,16,17,20,23,25
2952,5,3,5,7,8,10,11,14,15,16,17,19,21,23,24
2952,6,1,2,3,4,5,6,7,9,10,11,12,16,17,23
2952,7,1,3,5,6,8,9,11,12,13,15,18,21,22,25
2953,1,1,2,3,6,7,8,11,12,14,15,16,19,22,23
2953,2,1,2,5,6,7,8,12,14,15,16,19,20,24,25
2953,3,1,3,5,6,8,10,12,13,17,19,20,21,23,25
2953,4,1,2,3,5,9,10,13,15,19,20,21,22,24,25
2953,5,1,3,7,10,12,13,14,15,16,18,22,23,24,25
2953,6,1,2,4,8,10,11,12,15,17,18,21,22,24,25
2953,7,4,5,6,7,9,10,15,16,17,18,20,21,22,24
2954,1,2,4,5,7,8,9,10,11,14,16,17,18,19,23
2954,2,2,5,7,8,9,10,11,13,14,15,17,18,19,22
2954,3,1,2,4,6,8,9,12,14,16,18,20,22,23,25
2954,4,1,3,5,6,7,8,9,10,11,13,18,19,20,23
2954,5,2,4,7,8,11,13,14,15,16,19,20,21,22,25
2954,6,1,2,5,6,8,9,10,14,15,16,17,19,22,25
2954,7,2,4,5,6,8,9,11,13,15,17,18,22,23,25
2955,1,1,2,3,5,7,8,10,12,13,14,16,19,20,23
2955,2,1,2,4,5,7,9,13,15,17,18,19,23,24,25
2955,3,1,3,6,8,10,11,12,13,14,15,17,18,21,25
2955,4,1,3,5,6,7,9,10,13,15,17,21,22,23,25
2955,5,2,4,5,6,7,9,10,11,13,14,15,18,23,24
2955,6,1,2,3,5,6,10,11,12,13,15,16,21,22,24
2955,7,1,4,5,10,13,14,15,16,17,19,21,23,24,25
2956,1,1,2,5,6,9,13,14,15,18,19,20,21,22,23
2956,2,1,2,3,4,5,7,11,12,13,14,15,16,19,25
2956,3,2,3,4,5,7,8,9,13,14,16,17,18,20,25
2956,4,2,3,4,6,8,9,10,12,13,14,17,18,19,21
2956,5,1,2,3,7,8,11,12,13,16,17,18,19,21,25
2956,6,2,5,6,7,8,11,12,13,15,16,20,21,22,24
2956,7,1,4,5,6,9,11,12,14,15,16,19,21,22,24
2957,1,1,3,6,7,8,14,16,17,18,20,21,22,24,25
2957,2,2,3,6,8,9,11,13,14,15,20,21,22,23,25
2957,3,1,4,6,8,10,11,12,13,14,16,17,21,22,24
2957,4,1,4,6,7,12,16,17,18,19,20,21,22,23,24
2957,5,3,4,5,6,7,8,12,13,15,16,19,20,21,23
2957,6,1,4,8,9,11,12,13,14,15,17,20,22,24,25
2957,7,1,4,7,8,9,11,12,14,16,18,19,21,22,25
2958,1,1,2,5,6,8,9,10,13,16,18,19,20,21,22
2958,2,3,5,7,8,11,14,15,17,18,19,20,21,22,25
2958,3,2,6,7,8,10,11,12,15,16,18,19,21,22,23
2958,4,1,2,4,6,8,9,11,12,16,19,20,23,24,25
2958,5,3,4,5,7,9,10,11,14,17,18,19,20,24,25
2958,6,3,4,6,7,13,14,15,17,18,19,20,21,23,25
2958,7,2,8,9,10,11,13,14,15,19,20,21,22,23,25
2959,1,5,6,7,8,9,11,12,14,19,21,22,23,24,25
2959,2,1,2,3,5,6,7,8,9,13,16,18,19,23,25
2959,3,1,2,3,4,5,7,8,10,13,16,18,20,22,24
2959,4,3,4,6,8,10,13,14,16,18,19,20,22,24,25
2959,5,4,8,11,12,13,14,16,18,19,21,22,23,24,25
2959,6,7,8,12,13,14,15,18,19,20,21,22,23,24,25
2959,7,4,5,6,9,12,13,14,16,17,20,21,23,24,25
2960,1,1,2,4,5,6,8,9,13,15,17,19,22,23,25
2960,2,1,2,4,5,7,12,14,15,18,19,21,22,24,25
2960,3,1,2,6,8,9,11,12,13,14,15,19,21,23,25
2960,4,2,3,4,6,9,10,11,15,16,17,18,20,24,25
2960,5,1,3,5,6,7,8,10,13,14,18,20,21,22,24
2960,6,4,5,6,8,11,12,14,15,18,20,21,22,24,25
2960,7,1,4,8,9,10,11,12,14,16,18,19,20,22,25
2961,1,4,5,7,8,11,13,15,18,19,21,22,23,24,25
2961,2,1,2,3,6,8,9,10,12,17,18,20,21,22,25
2961,3,1,2,3,4,5,8,10,12,14,15,16,21,22,24
2961,4,1,3,4,6,8,10,12,15,16,19,22,23,24,25
2961,5,2,3,5,6,7,8,9,10,13,16,17,19,23,24
2961,6,1,4,5,6,8,9,10,12,13,14,15,19,23,24
2961,7,2,4,6,9,10,11,12,13,14,16,17,18,20,21
2962,1,3,4,7,9,11,15,16,17,18,19,20,21,23,24
2962,2,1,2,3,4,5,6,7,8,10,13,15,18,19,20
2962,3,1,6,9,10,12,13,16,17,18,19,20,22,23,25
2962,4,2,4,5,8,9,12,13,14,16,19,20,21,22,24
2962,5,1,3,5,7,8,11,12,13,15,18,19,21,24,25
2962,6,1,3,4,6,8,10,12,13,14,15,17,20,24,25
2962,7,1,3,5,7,8,9,10,15,16,18,19,20,24,25
2963,1,1,3,4,5,6,11,13,16,17,18,20,21,24,25
2963,2,1,2,6,9,10,11,12,13,14,15,16,18,20,21
2963,3,2,4,6,8,10,11,12,13,16,18,20,21,23,25
2963,4,2,4,5,8,10,12,13,17,18,19,21,22,24,25
2963,5,1,2,3,7,9,11,12,14,15,17,18,19,23,25
2963,6,1,4,7,8,9,11,12,14,15,16,17,20,22,23
2963,7,2,4,5,7,10,12,13,15,17,19,20,21,22,25
2964,1,1,2,4,9,10,12,17,18,19,20,21,22,23,25
2964,2,1,2,3,6,8,11,12,13,14,16,18,19,20,21
2964,3,1,3,6,7,8,9,14,15,16,18,19,22,24,25
2964,4,1,2,4,8,9,10,11,13,14,16,17,19,20,24
2964,5,1,4,5,7,8,10,12,13,18,19,20,21,22,23
2964,6,3,5,6,7,9,12,13,15,18,19,21,22,23,24
2964,7,2,4,5,7,8,9,12,14,15,21,22,23,24,25
2965,1,2,4,5,6,7,9,10,11,13,18,19,21,23,24
2965,2,2,3,5,7,9,10,13,15,16,18,19,21,23,25
2965,3,2,6,9,10,12,14,16,17,18,19,21,22,23,24
2965,4,1,2,5,6,7,8,9,10,12,13,15,19,20,25
2965,5,1,5,7,8,9,10,14,15,16,18,19,20,23,24
2965,6,1,4,8,9,10,11,14,15,16,17,18,20,21,22
2965,7,1,4,7,8,10,13,14,18,19,20,21,23,24,25
2966,1,1,2,5,6,11,13,14,15,17,18,20,21,22,24
2966,2,2,6,7,10,11,12,13,15,18,20,21,22,24,25
2966,3,4,5,7,8,10,11,12,14,15,18,19,20,21,25
2966,4,1,2,3,6,7,10,11,13,18,19,20,22,23,25
2966,5,1,2,3,5,9,10,11,12,14,16,18,20,22,23
2966,6,1,2,3,5,7,8,10,11,12,13,14,16,19,23
2966,7,1,3,5,6,7,8,10,11,14,15,16,19,20,25
2967,1,2,3,5,6,8,9,12,13,14,16,17,21,22,25
2967,2,1,2,3,4,5,6,11,12,13,14,15,16,20,24
2967,3,1,2,3,6,9,10,11,12,13,17,18,23,24,25
2967,4,5,6,7,8,9,13,14,16,17,18,21,22,23,24
2967,5,2,4,9,11,15,16,17,18,19,20,22,23,24,25
2967,6,1,4,5,8,11,13,15,16,18,19,20,21,22,24
2967,7,2,3,4,6,8,12,13,18,19,20,22,23,24,25
2968,1,3,4,6,7,10,11,12,13,17,18,20,21,22,24
2968,2,4,7,8,9,10,11,12,14,15,19,20,21,23,25
2968,3,1,2,3,4,5,8,9,11,12,16,17,19,22,24
2968,4,2,3,4,9,10,11,12,14,16,18,20,21,23,24
2968,5,2,3,6,7,8,10,11,12,14,16,17,19,20,24
2968,6,1,3,5,7,8,9,10,11,12,16,19,21,22,24
2968,7,2,5,6,8,9,12,13,14,17,18,19,22,23,25
2969,1,2,3,4,7,8,9,10,12,15,17,20,21,22,24
2969,2,1,3,6,8,9,11,13,16,18,20,21,22,23,24
2969,3,1,2,5,6,7,8,9,10,11,18,19,21,22,23
2969,4,1,2,6,9,10,11,12,14,15,17,20,21,24,25
2969,5,1,5,6,7,8,10,13,14,15,17,21,22,23,24
2969,6,1,5,6,7,9,10,12,16,18,19,21,23,24,25
2969,7,2,3,7,8,10,11,13,15,16,18,19,20,23,25
2970,1,1,3,4,5,7,8,10,13,14,16,20,21,22,23
2970,2,3,4,6,7,8,14,15,17,18,19,20,21,22,24
2970,3,1,2,3,11,12,14,15,16,17,18,19,21,22,25
2970,4,2,3,4,6,8,10,11,14,17,20,21,23,24,25
2970,5,1,2,3,4,6,9,12,14,15,16,19,21,23,25
2970,6,1,2,4,5,6,8,9,11,15,16,17,20,23,24
2970,7,3,4,5,6,7,11,13,15,16,17,18,22,23,24
2971,1,3,4,5,7,8,9,12,15,16,18,20,21,24,25
2971,2,1,6,7,8,9,10,11,14,15,17,19,22,23,24
2971,3,1,3,4,6,8,10,12,15,16,17,20,21,24,25
2971,4,3,4,5,9,11,12,13,14,15,17,19,20,23,24
2971,5,2,4,5,6,7,8,11,18,20,21,22,23,24,25
2971,6,2,3,8,9,13,14,15,17,18,19,20,22,24,25
2971,7,1,4,6,7,8,10,11,13,15,17,21,22,23,24
2972,1,1,2,3,5,7,8,9,11,13,18,21,22,23,25
2972,2,1,3,5,7,8,12,13,15,16,17,19,21,22,24
2972,3,4,5,7,9,10,11,14,15,20,21,22,23,24,25
2972,4,1,2,3,4,9,10,11,16,18,20,21,22,23,24
2972,5,1,3,5,9,12,13,14,15,16,18,19,22,23,24
2972,6,1,2,4,7,8,12,14,18,20,21,22,23,24,25
2972,7,1,3,5,6,8,14,15,16,19,20,22,23,24,25
2973,1,2,5,6,7,9,11,12,13,14,15,19,21,22,24
2973,2,1,2,5,7,9,12,14,18,19,20,21,22,23,25
2973,3,2,3,4,5,7,8,10,11,13,14,18,19,22,24
2973,4,1,2,3,6,9,10,11,12,15,19,20,21,23,25
2973,5,3,6,7,8,10,13,14,17,18,20,21,22,23,25
2973,6,3,4,6,7,8,10,11,12,13,14,15,18,19,25
2973,7,3,5,6,8,9,10,15,17,18,19,20,22,23,24
2974,1,1,2,3,6,8,10,11,12,13,14,15,16,23,25
2974,2,1,2,3,4,6,7,10,11,14,15,16,17,20,21
2974,3,1,3,6,8,10,12,13,16,17,18,20,23,24,25
2974,4,1,2,5,7,8,10,13,14,17,18,21,22,24,25
2974,5,1,2,3,5,7,9,11,12,15,18,19,20,21,24
2974,6,4,5,6,7,8,11,14,17,18,20,21,22,23,24
2974,7,1,2,4,6,7,8,9,10,11,14,16,23,24,25
2975,1,1,3,6,8,10,12,13,14,15,16,18,19,21,25
2975,2,5,6,7,8,9,10,12,15,16,19,20,21,22,25
2975,3,1,3,5,7,8,13,14,15,16,17,18,21,22,24
2975,4,1,2,9,12,14,15,16,17,19,20,21,22,24,25
2975,5,1,3,5,6,8,9,11,13,14,15,17,20,22,24
2975,6,1,3,4,5,6,9,10,11,14,16,17,21,24,25
2975,7,4,7,8,9,10,12,15,16,17,18,22,23,24,25
2976,1,4,5,7,8,10,12,13,18,19,20,21,23,24,25
2976,2,1,2,5,7,8,9,11,14,17,18,20,22,23,24
2976,3,1,3,4,5,6,7,10,11,12,20,22,23,24,25
2976,4,1,3,5,10,13,14,15,16,17,18,20,21,22,25
2976,5,3,5,6,7,8,9,10,14,17,18,19,20,23,25
2976,6,1,3,8,9,10,11,12,13,15,16,20,21,22,25
2976,7,3,4,5,8,12,14,16,17,18,19,21,22,23,25
2977,1,1,4,6,9,11,12,13,14,15,16,17,18,23,24
2977,2,3,4,5,9,10,11,13,14,15,17,18,19,20,25
2977,3,1,2,3,4,6,9,10,12,13,14,17,20,21,24
2977,4,2,5,6,7,8,9,15,16,17,19,20,22,24,25
2977,5,1,2,3,4,10,11,13,14,16,20,22,23,24,25
2977,6,1,2,3,4,5,7,13,14,15,17,18,19,24,25
2977,7,1,2,3,5,7,10,13,14,16,17,18,19,20,21
2978,1,2,3,5,6,7,9,10,16,17,19,20,21,22,24
2978,2,2,5,6,8,12,13,16,17,18,19,20,21,23,25
2978,3,2,3,4,5,7,8,9,11,12,15,16,19,20,23
2978,4,1,2,3,4,5,8,11,12,14,15,18,20,22,23
2978,5,1,2,3,4,6,7,8,10,11,15,16,17,21,25
2978,6,1,3,5,8,10,11,14,17,18,20,21,22,23,25
2978,7,2,3,5,6,7,9,12,13,14,16,17,18,22,23
2979,1,1,4,5,6,8,9,10,14,15,16,20,21,22,24
2979,2,4,7,8,9,10,12,15,17,19,20,21,22,24,25
2979,3,1,4,7,8,9,12,13,15,16,17,20,21,24,25
2979,4,1,2,3,5,6,10,11,13,16,18,19,20,22,25
2979,5,3,7,8,10,11,14,15,16,17,18,21,22,24,25
2979,6,2,3,5,8,10,11,12,13,16,17,19,22,23,25
2979,7,2,4,5,8,9,11,12,13,15,18,19,20,21,24
2980,1,3,4,5,7,11,12,15,16,19,20,21,22,24,25
2980,2,1,2,6,7,10,12,14,16,18,19,20,21,23,24
2980,3,2,3,5,6,8,9,10,13,14,17,21,22,23,25
2980,4,1,5,6,8,9,10,11,14,15,20,21,22,24,25
2980,5,3,4,6,7,9,10,13,14,15,16,17,19,23,24
2980,6,1,2,3,4,7,8,10,11,15,16,22,23,24,25
2980,7,1,2,3,4,5,6,7,10,13,15,16,19,23,25
2981,1,2,4,6,8,10,11,12,14,16,19,20,21,22,23
2981,2,1,3,4,6,8,10,13,15,16,17,18,19,21,23
2981,3,2,6,7,8,9,12,13,17,18,19,20,23,24,25
2981,4,2,3,6,9,10,12,13,14,15,16,17,19,20,25
2981,5,1,2,3,8,9,11,13,15,16,17,19,20,24,25
2981,6,4,5,7,9,10,12,13,15,16,17,19,20,23,24
2981,7,1,2,4,5,10,11,13,14,17,20,22,23,24,25
2982,1,1,3,4,5,8,12,13,14,15,16,21,23,24,25
2982,2,2,5,6,8,9,10,11,13,18,19,20,21,23,24
2982,3,1,2,5,6,7,8,10,11,13,16,17,22,23,25
2982,4,3,4,7,9,10,11,15,16,17,18,19,20,21,25
2982,5,2,3,4,8,9,10,12,15,16,18,20,23,24,25
2982,6,1,4,7,8,10,11,13,14,16,17,18,20,23,25
2982,7,2,3,5,9,12,13,15,17,19,21,22,23,24,25
2983,1,1,2,3,4,6,7,11,14,15,18,19,20,21,25
2983,2,2,4,5,7,9,11,12,14,15,16,17,19,22,24
2983,3,3,5,6,7,8,11,12,15,18,19,20,21,22,24
2983,4,1,3,6,8,10,12,13,14,17,18,19,20,22,23
2983,5,1,4,7,8,9,11,12,17,18,19,21,22,23,25
2983,6,1,4,5,6,8,9,10,11,17,18,19,22,23,24
2983,7,1,4,5,7,8,9,11,12,13,20,21,22,23,25
2984,1,1,5,6,8,9,10,11,14,16,18,20,21,22,24
2984,2,1,3,4,10,13,14,16,17,18,19,21,22,23,24
2984,3,2,4,5,6,7,10,11,12,13,15,20,21,24,25
2984,4,1,2,3,8,9,11,14,15,17,18,19,21,24,25
2984,5,1,3,5,7,9,10,11,12,13,17,18,22,23,25
2984,6,1,2,3,4,6,7,8,9,12,16,18,21,22,25
2984,7,1,2,3,4,7,10,11,13,14,19,20,21,23,25
2985,1,1,2,4,6,7,11,12,13,14,15,16,17,21,23
2985,2,1,4,6,7,8,9,10,11,14,17,18,20,21,22
2985,3,4,6,8,11,12,13,14,16,17,18,19,21,23,25
2985,4,1,2,4,6,8,9,10,14,16,19,21,23,24,25
2985,5,2,3,5,8,9,10,14,15,18,19,21,23,24,25
2985,6,1,3,5,6,8,9,10,11,13,15,18,20,21,23
2985,7,2,6,7,8,9,13,15,16,17,19,20,22,23,25
2986,1,2,3,4,8,9,10,12,13,14,15,18,20,23,25
2986,2,1,2,3,4,9,10,13,15,17,18,21,22,23,24
2986,3,1,2,3,4,6,7,8,12,14,16,17,18,22,23
2986,4,3,4,5,6,9,12,13,16,18,19,20,22,23,24
2986,5,3,8,9,10,11,14,17,18,19,20,21,23,24,25
2986,6,3,6,8,9,10,12,13,16,17,19,20,21,24,25
2986,7,1,4,5,6,8,9,10,16,17,18,19,20,21,25
2987,1,1,4,5,6,9,10,13,14,15,16,20,21,22,23
2987,2,2,3,4,6,8,10,12,13,14,15,18,19,21,25
2987,3,2,4,5,6,7,9,10,11,12,15,17,19,23,24
2987,4,1,2,3,6,7,9,13,14,18,19,20,22,23,24
2987,5,2,3,4,6,7,9,14,16,17,18,19,20,23,25
2987,6,2,4,5,6,7,8,9,10,11,14,16,17,19,25
2987,7,1,2,5,6,7,10,13,15,16,18,19,20,21,24
2988,1,1,2,3,4,6,7,10,11,15,18,20,21,22,23
2988,2,2,3,5,7,8,9,11,12,13,14,16,17,18,24
2988,3,1,2,4,7,8,10,11,12,13,14,15,18,20,22
2988,4,1,4,6,9,10,11,12,13,14,17,18,19,21,22
2988,5,2,3,7,8,9,10,13,15,17,19,21,22,23,25
2988,6,1,3,4,7,8,9,11,14,15,17,21,22,23,24
2988,7,1,3,4,5,6,9,12,14,16,18,22,23,24,25
2989,1,3,6,9,10,11,13,14,15,18,19,22,23,24,25
2989,2,1,3,7,8,10,12,14,15,17,18,19,22,23,25
2989,3,1,4,5,7,8,9,12,13,15,16,19,22,24,25
2989,4,2,3,4,7,9,10,12,13,16,18,20,21,23,25
2989,5,1,3,5,6,7,8,10,12,13,20,21,22,24,25
2989,6,1,4,6,8,10,11,12,13,16,18,19,20,23,24
2989,7,4,5,6,9,11,12,13,14,16,17,18,21,22,25
2990,1,1,3,4,6,7,8,10,14,16,17,21,22,24,25
2990,2,1,2,3,5,6,8,9,11,12,13,17,18,23,25
2990,3,6,7,8,9,10,13,16,18,19,20,21,22,23,25
2990,4,1,2,3,5,7,8,9,10,12,13,14,16,18,22
2990,5,2,3,4,5,6,8,12,13,14,15,16,20,22,23
2990,6,3,4,5,6,7,11,13,14,19,20,21,22,24,25
2990,7,2,7,9,10,12,13,14,16,17,20,21,22,23,25
2991,1,1,3,5,6,7,10,12,13,17,18,20,22,24,25
2991,2,1,3,6,8,9,10,11,15,16,18,19,20,21,24
2991,3,1,2,3,4,5,6,10,11,12,14,19,21,22,23
2991,4,1,2,3,5,6,9,10,14,15,18,22,23,24,25
2991,5,2,4,6,7,8,9,10,13,16,18,19,20,22,24
2991,6,1,3,4,6,7,8,11,13,14,15,16,17,24,25
2991,7,1,2,7,10,12,13,15,16,18,20,21,22,24,25
2992,1,1,2,5,7,9,10,13,18,19,21,22,23,24,25
2992,2,2,3,4,7,8,9,11,13,14,18,20,22,24,25
2992,3,1,4,6,7,8,9,10,13,15,18,20,21,22,25
2992,4,1,2,6,7,8,9,11,13,14,15,16,21,22,25
2992,5,2,4,5,8,9,11,13,14,15,16,17,19,22,24
2992,6,2,3,5,7,9,11,12,14,16,17,19,21,23,25
2992,7,1,5,7,9,10,12,14,18,19,20,21,22,23,25
2993,1,2,4,7,8,9,10,11,12,14,15,19,21,23,25
2993,2,1,2,3,4,5,6,8,10,14,15,18,19,22,25
2993,3,2,6,8,12,13,14,16,17,18,19,20,23,24,25
2993,4,3,5,7,8,10,11,13,14,16,17,19,22,24,25
2993,5,1,4,6,7,8,11,13,14,15,17,18,19,23,25
2993,6,1,3,4,6,9,10,12,14,15,16,17,19,20,23
2993,7,1,5,7,8,10,11,13,18,19,20,21,22,24,25
2994,1,1,2,3,5,7,11,12,13,14,16,17,22,24,25
2994,2,1,3,4,5,6,9,12,13,15,16,17,18,21,25
2994,3,1,2,3,8,10,12,13,15,16,17,19,20,22,25
2994,4,3,4,6,7,8,9,10,14,15,16,17,18,19,21
2994,5,1,2,5,6,8,10,11,12,13,14,15,16,19,22
2994,6,2,3,4,5,8,9,11,14,15,17,20,22,23,25
2994,7,3,5,6,7,8,10,12,13,16,17,20,21,23,25
2995,1,2,4,5,9,10,16,17,18,19,21,22,23,24,25
2995,2,4,5,6,7,8,9,10,11,17,19,21,22,24,25
2995,3,1,2,3,4,5,7,12,13,15,16,18,21,22,24
2995,4,5,6,8,11,13,14,16,17,18,19,20,22,23,24
2995,5,1,2,3,5,11,12,13,15,16,19,20,21,23,25
2995,6,5,6,7,8,9,10,11,12,15,17,18,19,23,24
2995,7,2,3,4,8,9,10,11,12,13,17,20,22,24,25
2996,1,2,5,8,9,10,12,13,14,15,16,17,19,22,25
2996,2,2,3,6,9,10,11,12,13,14,16,18,19,23,25
2996,3,1,3,4,6,7,8,9,14,16,18,20,21,23,24
2996,4,5,9,10,13,14,15,16,18,19,20,21,22,23,24
2996,5,2,3,5,6,10,11,13,16,17,19,20,21,23,24
2996,6,2,5,6,7,8,10,12,14,17,18,20,21,24,25
2996,7,2,3,5,6,12,15,16,17,18,19,20,22,23,25
2997,1,1,2,3,4,5,8,9,10,12,13,17,19,23,24
2997,2,1,4,5,6,8,9,11,13,14,19,20,21,22,25
2997,3,2,4,5,6,8,9,10,12,13,14,15,16,17,20
2997,4,1,3,5,6,8,10,11,12,13,18,19,20,21,23
2997,5,3,4,5,7,11,12,13,14,16,17,20,22,23,24
2997,6,3,4,5,7,9,11,12,13,15,17,18,20,21,25
2997,7,1,5,6,8,10,12,13,14,16,18,22,23,24,25
2998,1,5,8,9,10,12,14,15,16,17,18,19,20,21,24
2998,2,1,4,6,7,9,11,13,18,19,20,21,23,24,25
2998,3,1,3,4,5,10,11,13,15,16,19,20,21,22,23
2998,4,1,2,3,4,5,6,10,12,14,15,17,20,22,23
2998,5,1,3,6,8,9,14,15,16,19,20,21,22,23,24
2998,6,3,5,7,12,13,14,15,16,17,18,19,20,22,25
2998,7,2,5,6,9,10,12,13,14,15,16,17,19,20,23
2999,1,2,3,4,6,7,8,9,10,17,20,22,23,24,25
2999,2,2,3,4,6,9,10,12,13,15,17,19,22,23,25
2999,3,2,3,4,5,6,9,10,12,14,17,19,20,24,25
2999,4,1,2,3,4,5,7,9,11,14,15,17,18,19,21
2999,5,2,4,8,9,10,13,15,16,17,18,19,22,23,24
2999,6,3,4,6,7,9,10,12,13,14,15,17,19,20,24
2999,7,1,2,4,5,8,10,12,14,15,16,20,21,24,25
3000,1,1,2,3,6,7,9,10,13,15,19,21,22,23,24
3000,2,2,3,4,6,8,9,10,11,12,13,14,21,22,24
3000,3,1,4,6,7,8,10,12,17,18,20,21,22,23,24
3000,4,6,7,8,10,11,12,13,16,19,20,22,23,24,25
3000,5,1,3,5,6,8,9,14,15,16,20,21,23,24,25
3000,6,6,7,8,10,13,14,15,17,19,20,21,23,24,25
3000,7,1,3,4,5,6,8,9,10,13,14,18,19,21,25
3001,1,3,8,9,10,11,14,15,16,17,18,19,21,22,23
3001,2,2,3,5,7,9,10,12,15,16,18,19,22,23,24
3001,3,3,5,7,8,10,11,13,14,15,18,21,22,23,24
3001,4,1,3,4,6,7,8,9,10,11,13,15,16,18,24
3001,5,2,4,5,10,11,14,15,18,19,20,21,22,23,25
3001,6,1,3,6,7,9,13,15,16,18,19,20,22,24,25
3001,7,3,5,8,9,12,16,17,18,19,20,21,23,24,25
3002,1,1,4,5,7,9,10,12,15,16,17,19,20,21,23
3002,2,1,3,5,6,7,8,9,10,12,19,21,22,24,25
3002,3,2,3,6,7,13,14,15,16,17,20,22,23,24,25
3002,4,3,6,7,8,10,12,13,14,15,17,20,21,24,25
3002,5,2,4,5,6,8,9,10,11,12,14,16,21,23,24
3002,6,2,3,6,7,9,10,11,12,14,15,16,18,19,20
3002,7,1,3,4,6,8,11,13,15,16,17,19,20,21,24
3003,1,6,7,9,10,11,12,13,15,16,17,19,21,22,24
3003,2,1,2,3,7,9,11,14,15,17,19,20,22,23,25
3003,3,1,2,4,5,6,8,10,11,13,16,18,20,23,24
3003,4,5,6,7,8,10,11,12,14,15,17,20,21,22,23
3003,5,2,3,4,7,10,11,13,15,16,17,19,20,21,24
3003,6,1,3,8,9,10,13,14,16,18,19,20,22,24,25
3003,7,1,3,4,6,7,8,11,14,16,17,20,22,23,24
3004,1,1,4,6,8,10,11,12,13,15,16,18,20,21,24
3004,2,1,2,5,7,8,12,15,16,18,19,21,22,23,25
3004,3,1,3,4,6,7,8,10,11,14,16,18,22,23,24
3004,4,4,5,6,9,11,12,13,14,16,18,21,22,23,24
3004,5,5,6,7,8,10,12,17,18,19,20,21,22,23,24
3004,6,1,3,6,7,8,9,11,14,15,16,18,19,20,21
3004,7,4,5,6,7,8,9,10,13,15,16,17,21,23,24
3005,1,1,3,4,5,6,7,8,12,16,18,19,22,24,25
3005,2,1,4,5,6,8,10,11,12,13,15,16,21,22,23
3005,3,2,3,5,9,12,14,15,17,18,19,22,23,24,25
3005,4,2,3,4,7,8,9,12,14,15,17,18,22,24,25
3005,5,1,3,4,5,7,8,10,12,13,14,16,17,19,20
3005,6,2,4,5,7,9,10,11,12,17,18,19,20,23,24
3005,7,3,5,6,7,10,13,14,15,17,18,21,23,24,25
3006,1,1,4,5,6,9,10,12,16,17,19,20,21,22,23
3006,2,4,5,6,7,8,11,13,15,16,17,19,20,22,25
3006,3,2,3,4,7,8,9,11,13,14,17,18,19,21,25
3006,4,4,6,7,8,9,10,12,13,14,15,17,18,20,23
3006,5,2,3,4,5,6,7,9,15,17,20,21,22,23,25
3006,6,4,6,9,10,11,14,15,16,18,20,21,23,24,25
3006,7,2,4,5,7,9,10,11,12,13,16,18,20,22,23
3007,1,1,2,3,5,7,8,10,11,12,15,17,18,21,22
3007,2,1,2,6,8,10,12,15,16,17,21,22,23,24,25
3007,3,1,2,7,8,9,12,13,16,17,20,21,22,23,25
3007,4,1,4,5,6,7,10,13,15,16,17,18,19,24,25
3007,5,3,6,9,10,11,12,14,18,19,21,22,23,24,25
3007,6,1,2,5,6,8,11,12,14,15,19,20,21,22,23
3007,7,1,2,3,4,5,6,9,10,11,13,15,17,22,24
3008,1,1,2,3,4,6,7,9,10,11,13,15,16,20,23
3008,2,1,2,4,6,7,8,11,12,15,16,18,20,21,25
3008,3,1,3,4,5,12,14,15,16,17,18,19,20,21,22
3008,4,1,3,6,7,8,9,14,16,18,19,21,23,24,25
3008,5,2,4,7,8,9,10,13,14,16,19,20,21,22,23
3008,6,1,3,4,5,8,9,14,15,16,17,18,20,21,25
3008,7,1,3,5,8,12,13,14,17,18,20,21,22,23,24
3009,1,1,3,4,6,8,9,10,12,13,14,18,21,22,24
3009,2,1,2,4,6,7,8,9,10,13,14,20,21,22,24
3009,3,1,4,5,6,7,8,10,12,13,14,18,20,24,25
3009,4,4,5,10,11,12,13,14,15,17,18,19,21,23,24
3009,5,1,4,5,6,8,10,13,15,20,21,22,23,24,25
3009,6,3,4,5,10,14,16,17,18,19,20,21,22,24,25
3009,7,1,3,4,7,12,13,14,16,19,20,21,23,24,25
3010,1,1,2,4,9,12,13,15,17,18,19,20,21,22,25
3010,2,1,2,4,5,6,8,9,11,12,14,16,19,21,22
3010,3,1,2,3,5,8,11,12,13,14,15,18,21,22,25
3010,4,1,4,5,8,9,10,13,15,16,18,20,22,23,25
3010,5,1,2,3,5,7,8,9,12,17,18,19,20,21,23
3010,6,3,6,9,12,14,15,16,17,18,19,20,21,23,24
3010,7,1,2,4,6,7,11,12,13,15,17,19,22,23,25
3011,1,1,4,5,9,10,11,13,17,20,21,22,23,24,25
3011,2,2,4,5,7,9,11,14,15,16,17,20,22,23,25
3011,3,1,3,4,5,7,11,13,16,18,20,22,23,24,25
3011,4,1,2,3,5,8,10,12,14,17,18,21,23,24,25
3011,5,2,3,6,7,8,10,11,12,14,17,18,19,21,24
3011,6,1,2,3,4,7,8,10,12,13,14,18,19,22,25
3011,7,1,4,8,11,12,13,14,15,16,18,19,21,22,23
3012,1,5,6,7,9,10,11,12,14,18,21,22,23,24,25
3012,2,1,3,4,5,7,8,9,10,13,16,17,21,23,25
3012,3,2,5,6,7,8,10,11,12,13,19,20,21,22,24
3012,4,1,3,7,9,10,12,13,14,17,19,20,22,23,25
3012,5,2,5,6,10,11,12,13,17,18,19,21,23,24,25
3012,6,1,2,3,4,5,6,7,12,13,15,17,20,21,23
3012,7,3,7,9,10,11,12,13,14,15,19,20,22,23,24
3013,1,2,4,6,7,8,10,16,19,20,21,22,23,24,25
3013,2,2,3,4,7,8,9,10,12,13,14,16,19,20,25
3013,3,3,4,5,6,8,10,11,12,16,19,20,22,24,25
3013,4,2,3,4,7,8,9,10,11,14,18,20,22,24,25
3013,5,2,4,5,6,7,10,11,15,17,18,19,20,21,22
3013,6,1,4,6,7,8,11,12,15,16,17,20,23,24,25
3013,7,1,3,5,9,12,13,15,17,19,20,21,22,23,25
3014,1,3,4,5,7,10,11,12,13,14,16,18,19,22,25
3014,2,1,2,4,7,8,11,12,14,15,17,19,22,23,24
3014,3,2,3,4,5,7,8,9,12,13,17,18,23,24,25
3014,4,2,3,5,8,9,12,14,15,16,17,19,21,22,24
3014,5,2,3,4,6,7,8,10,13,14,17,20,21,22,23
3014,6,3,4,6,9,10,11,13,15,16,17,19,20,21,23
3014,7,1,2,4,8,9,12,13,15,16,19,20,21,24,25
3015,1,2,4,7,8,10,11,12,13,15,16,20,21,23,25
3015,2,1,2,3,5,6,8,9,10,11,12,13,14,17,22
3015,3,2,3,4,5,6,8,10,11,14,16,19,23,24,25
3015,4,2,3,4,6,7,8,9,10,11,12,13,15,21,22
3015,5,3,4,5,6,7,9,10,13,14,15,16,18,21,25
3015,6,3,5,7,8,9,11,12,14,15,17,20,21,23,25
3015,7,1,2,4,5,8,9,11,13,14,15,19,20,23,25
3016,1,2,3,4,6,8,9,11,14,16,18,19,21,22,23
3016,2,5,6,7,9,10,11,12,13,14,16,17,18,24,25
3016,3,1,2,5,7,9,10,12,13,16,17,18,19,20,23
3016,4,6,7,8,10,13,14,16,17,18,19,20,21,23,24
3016,5,1,6,8,9,10,11,14,15,16,18,19,21,23,24
3016,6,1,2,5,7,10,11,12,13,14,16,19,20,23,25
3016,7,1,2,3,4,5,9,10,11,13,19,20,21,24,25
3017,1,3,5,6,7,9,10,12,13,19,20,21,22,24,25
3017,2,2,4,7,8,9,10,11,13,17,19,20,21,23,24
3017,3,2,3,7,10,11,14,15,17,19,20,21,22,23,25
3017,4,1,3,6,7,9,12,13,14,15,16,18,20,22,25
3017,5,1,2,3,5,9,11,12,15,17,19,20,22,24,25
3017,6,1,2,3,5,6,8,13,14,15,18,20,21,22,25
3017,7,1,2,7,8,10,11,13,14,15,18,19,20,21,23
3018,1,4,7,8,11,12,13,14,16,19,20,21,23,24,25
3018,2,3,4,10,11,12,13,15,16,17,20,21,22,23,24
3018,3,1,4,5,6,7,9,10,11,16,18,20,21,23,24
3018,4,1,3,5,6,7,8,13,14,15,17,19,22,23,24
3018,5,2,4,6,8,9,10,11,13,14,15,18,19,23,24
3018,6,2,3,5,7,8,9,10,11,15,17,20,23,24,25
3018,7,1,3,4,7,8,11,13,14,15,18,19,23,24,25
3019,1,2,6,7,8,10,11,13,14,15,16,17,18,19,21
3019,2,1,2,3,4,5,6,9,13,15,20,21,22,23,24
3019,3,1,2,3,5,10,12,13,14,16,18,20,22,23,24
3019,4,1,5,6,8,9,11,13,15,16,17,22,23,24,25
3019,5,1,2,4,5,7,8,11,13,14,19,20,22,24,25
3019,6,1,2,4,6,8,10,11,13,14,15,17,19,21,22
3019,7,1,2,4,6,7,8,9,10,11,14,16,20,22,24
3020,1,1,3,7,9,11,13,14,15,16,17,19,21,22,25
3020,2,2,3,4,5,10,11,14,15,17,18,21,23,24,25
3020,3,1,2,3,4,5,6,7,8,11,15,16,18,20,22
3020,4,1,3,4,6,10,11,12,13,14,17,19,20,23,24
3020,5,1,3,5,8,10,11,14,17,19,21,22,23,24,25
3020,6,2,3,4,5,7,9,11,14,15,16,18,20,24,25
3020,7,1,2,4,6,8,9,11,14,16,18,19,21,22,24
3021,1,3,5,6,9,12,13,17,18,20,21,22,23,24,25
3021,2,1,3,5,6,8,9,11,13,14,15,18,20,22,24
3021,3,3,4,6,8,10,11,12,13,15,16,18,20,21,23
3021,4,1,4,7,9,10,12,13,14,15,16,17,21,23,25
3021,5,1,2,3,4,6,7,8,9,10,11,16,18,19,21
3021,6,2,5,7,10,12,14,15,16,17,21,22,23,24,25
3021,7,1,3,4,5,6,9,10,11,13,16,18,19,20,23
3022,1,2,4,5,6,7,8,11,13,15,18,19,22,24,25
3022,2,3,4,5,6,7,9,10,15,18,19,20,21,23,25
3022,3,2,3,5,7,8,11,13,14,17,18,22,23,24,25
3022,4,3,5,6,7,8,12,13,14,15,16,17,19,22,23
3022,5,1,3,4,5,7,8,10,13,14,15,20,21,24,25
3022,6,1,2,3,4,7,11,12,14,15,16,17,19,21,25
3022,7,1,3,4,6,7,9,10,11,12,13,17,18,23,24
3023,1,1,3,5,8,9,12,13,14,15,17,18,20,21,23
3023,2,1,2,3,5,6,11,14,15,17,18,19,22,23,25
3023,3,2,3,4,6,8,14,15,16,19,21,22,23,24,25
3023,4,2,5,6,9,10,11,13,14,17,18,21,22,23,25
3023,5,1,2,3,6,7,8,9,11,13,16,21,23,24,25
3023,6,4,6,8,11,12,15,17,18,19,20,21,22,23,24
3023,7,1,3,5,6,9,11,14,15,19,20,21,22,23,24
3024,1,1,4,8,9,10,12,13,14,15,17,20,21,22,25
3024,2,1,2,4,5,7,8,9,10,11,12,14,15,23,24
3024,3,2,6,7,9,10,11,13,15,17,18,19,20,21,22
3024,4,5,9,10,11,12,13,14,16,17,18,19,20,21,25
3024,5,2,3,4,6,7,9,13,15,16,18,19,21,23,25
3024,6,1,2,3,4,5,6,7,14,16,17,19,21,22,24
3024,7,1,2,3,5,11,12,13,14,15,16,18,21,24,25
3025,1,4,5,6,7,8,13,14,15,17,19,21,22,24,25
3025,2,1,2,6,8,9,10,12,16,18,19,20,21,22,24
3025,3,1,2,3,6,7,9,13,15,16,17,19,20,22,23
3025,4,3,4,6,7,8,9,10,11,12,15,17,21,23,25
3025,5,3,4,6,9,11,12,13,14,15,16,17,19,21,22
3025,6,3,4,8,11,13,14,15,16,17,18,19,20,21,23
3025,7,1,2,3,4,6,7,8,10,11,17,18,19,22,24
3026,1,1,5,7,8,9,10,13,15,16,19,21,22,23,24
3026,2,2,3,5,7,8,11,13,15,17,18,21,22,23,25
3026,3,4,10,11,12,13,14,17,18,19,20,21,22,24,25
3026,4,4,6,8,10,11,12,13,14,17,18,19,20,23,25
3026,5,1,2,3,5,6,10,11,14,15,16,18,19,20,23
3026,6,2,8,9,10,11,13,14,17,20,21,22,23,24,25
3026,7,1,2,3,4,5,6,7,8,9,12,16,19,21,25
3027,1,1,2,3,7,9,10,11,12,13,14,15,16,21,24
3027,2,2,5,6,8,11,12,15,16,18,20,21,22,23,24
3027,3,3,4,8,9,10,12,13,14,15,16,18,19,20,21
3027,4,2,4,6,7,8,14,16,17,18,19,20,22,23,25
3027,5,1,4,6,8,9,10,11,12,13,15,16,18,22,23
3027,6,1,2,3,4,8,9,12,14,15,16,18,21,23,24
3027,7,1,2,4,5,10,11,12,13,17,19,20,21,22,23
3028,1,1,2,4,8,9,12,13,14,16,19,20,22,24,25
3028,2,1,2,3,4,6,8,9,14,15,17,19,23,24,25
3028,3,2,3,4,9,10,11,12,13,15,17,19,21,24,25
3028,4,2,3,6,8,10,12,13,16,18,19,20,21,23,25
3028,5,2,7,9,10,11,12,13,14,15,16,17,19,21,23
3028,6,2,3,4,5,6,9,10,11,16,17,20,22,24,25
3028,7,1,2,5,6,7,8,10,12,13,14,16,21,22,24
3029,1,1,2,3,5,6,7,8,13,15,17,19,20,22,25
3029,2,1,4,6,12,13,14,15,16,18,20,21,22,23,25
3029,3,1,2,3,5,7,8,9,11,13,15,18,20,22,25
3029,4,1,2,4,7,8,10,11,13,14,17,18,21,24,25
3029,5,1,2,4,5,10,12,13,14,15,16,17,19,20,24
3029,6,3,4,5,6,9,13,14,16,17,20,21,22,23,24
3029,7,7,8,9,10,13,14,15,17,18,20,21,22,23,24
3030,1,1,2,8,10,11,15,16,17,19,20,21,22,23,24
3030,2,2,3,4,5,6,10,11,13,18,19,21,23,24,25
3030,3,2,4,5,7,12,13,14,15,16,17,18,19,22,23
3030,4,3,4,5,8,9,10,11,13,15,17,19,20,23,25
3030,5,1,2,4,6,7,9,11,12,15,20,22,23,24,25
3030,6,1,2,3,4,6,8,12,15,17,18,19,21,22,24
3030,7,2,3,4,5,6,9,15,16,19,20,21,22,24,25
3031,1,2,4,7,8,9,10,14,15,16,17,18,20,21,22
3031,2,1,3,4,6,9,12,13,15,16,17,18,21,24,25
3031,3,1,3,9,10,12,13,14,15,16,17,19,21,22,23
3031,4,2,3,5,8,10,12,13,14,16,19,20,22,24,25
3031,5,2,3,5,7,8,9,10,12,13,16,21,22,23,25
3031,6,1,2,5,6,10,12,13,14,16,18,19,20,22,23
3031,7,3,4,5,7,10,11,12,13,15,18,19,21,22,23
3032,1,1,4,5,6,7,10,12,15,16,19,20,23,24,25
3032,2,1,2,3,4,5,6,7,8,9,10,11,18,20,23
3032,3,1,4,5,6,10,11,13,14,16,17,21,22,23,25
3032,4,1,2,3,6,9,10,12,15,16,17,20,21,23,25
3032,5,2,3,4,5,6,7,9,10,11,12,17,19,24,25
3032,6,2,5,6,7,9,10,14,15,16,17,19,20,21,22
3032,7,3,4,6,7,8,9,10,13,14,15,17,22,23,24
3033,1,2,4,5,6,7,9,10,11,12,16,19,21,22,23
3033,2,2,3,5,7,8,10,13,15,16,17,18,20,21,23
3033,3,2,6,8,9,10,11,12,14,15,16,17,19,21,23
3033,4,1,5,6,7,8,10,11,13,16,17,18,21,24,25
3033,5,2,3,4,5,8,14,15,17,18,19,20,21,24,25
3033,6,1,3,4,5,7,8,12,15,16,17,18,19,20,24
3033,7,1,2,4,6,7,8,9,10,14,16,21,22,23,25
3034,1,2,4,5,6,8,9,10,13,14,15,17,20,23,25
3034,2,1,2,3,4,5,6,7,12,16,17,18,20,22,24
3034,3,7,9,10,11,13,15,16,17,18,19,20,21,23,24
3034,4,2,3,5,7,9,10,11,14,16,18,19,22,23,24
3034,5,1,5,6,8,12,13,14,15,16,19,20,23,24,25
3034,6,1,3,6,8,9,12,13,14,16,17,19,22,23,24
3034,7,1,2,3,4,5,7,9,13,14,16,17,18,20,24
3035,1,1,2,4,5,7,8,10,16,17,19,21,22,23,25
3035,2,2,3,5,7,10,11,13,14,15,16,19,21,22,24
3035,3,1,3,6,7,9,11,12,14,15,17,18,21,22,24
3035,4,1,2,3,8,9,10,13,16,18,20,22,23,24,25
3035,5,1,2,3,4,6,8,9,10,14,17,18,19,20,23
3035,6,1,3,4,5,6,12,13,14,15,19,20,21,23,25
3035,7,3,4,5,6,8,9,10,18,19,20,22,23,24,25
3036,1,1,3,6,7,9,10,13,16,17,18,20,22,23,25
3036,2,1,2,3,4,6,8,13,14,18,19,20,22,23,25
3036,3,4,5,7,8,10,12,13,14,15,16,18,19,20,22
3036,4,3,7,8,10,14,15,16,17,18,19,21,22,23,24
3036,5,1,3,4,5,9,10,11,12,13,16,17,20,22,25
3036,6,2,4,6,7,9,11,12,13,14,15,17,22,23,25
3036,7,2,3,4,5,9,10,12,14,16,18,20,21,22,23
3037,1,3,5,6,7,9,11,12,13,16,18,19,20,23,25
3037,2,1,2,6,7,9,14,15,16,18,19,21,23,24,25
3037,3,1,2,3,5,6,8,10,11,13,15,17,18,19,22
3037,4,1,2,3,4,5,6,7,11,14,15,18,19,22,25
3037,5,2,4,7,8,9,12,14,18,20,21,22,23,24,25
3037,6,1,2,6,7,8,9,10,13,14,19,20,21,22,24
3037,7,1,2,3,4,5,6,13,14,15,17,19,22,23,25
3038,1,2,5,6,8,9,12,14,17,18,19,20,21,24,25
3038,2,2,3,5,6,7,9,13,14,18,19,20,21,22,24
3038,3,1,2,5,7,8,9,10,12,13,17,20,21,24,25
3038,4,1,2,3,5,8,9,11,16,17,19,20,22,24,25
3038,5,1,2,3,5,7,8,11,16,17,19,20,21,24,25
3038,6,1,3,5,6,7,9,11,12,14,15,17,19,20,25
3038,7,1,2,3,11,12,14,16,17,18,19,20,22,24,25
3039,1,1,2,3,6,8,11,13,16,17,18,19,23,24,25
3039,2,1,2,8,11,12,13,14,15,16,19,20,23,24,25
3039,3,1,2,3,4,8,9,11,12,14,15,16,18,19,21
3039,4,1,2,5,9,10,12,13,15,16,18,19,21,23,24
3039,5,2,5,6,7,8,9,10,11,12,14,15,17,18,21
3039,6,2,4,5,6,8,11,13,14,15,16,18,19,20,21
3039,7,1,2,6,9,11,13,16,17,19,21,22,23,24,25
3040,1,4,6,7,13,14,15,16,17,18,19,20,22,23,24
3040,2,1,3,4,5,8,9,10,13,14,16,20,22,24,25
3040,3,1,3,4,5,8,9,13,14,17,19,20,22,24,25
3040,4,1,2,6,9,10,11,12,17,18,19,20,21,22,25
3040,5,1,3,4,6,7,9,10,11,16,19,20,21,22,24
3040,6,1,2,4,6,8,10,11,15,16,17,18,21,23,24
3040,7,1,3,4,5,10,11,13,14,15,17,18,19,24,25
3041,1,1,3,7,8,9,14,15,16,17,18,19,21,23,25
3041,2,1,5,6,7,8,10,11,12,14,15,17,20,21,22
3041,3,2,4,6,8,10,12,15,17,18,19,20,21,22,25
3041,4,2,3,4,8,9,11,12,13,16,17,18,19,20,25
3041,5,2,4,6,9,12,13,14,16,17,19,21,23,24,25
3041,6,1,2,3,7,10,11,12,13,14,15,19,20,22,25
3041,7,4,6,8,9,14,16,17,18,19,20,21,23,24,25
3042,1,1,2,3,5,6,8,9,10,11,15,19,20,22,23
3042,2,1,2,4,6,7,12,14,15,16,18,19,20,23,24
3042,3,1,2,4,5,10,11,14,15,17,18,21,22,23,24
3042,4,2,5,6,7,9,12,14,16,19,20,21,23,24,25
3042,5,1,3,5,8,10,11,14,16,18,20,22,23,24,25
3042,6,2,3,5,8,9,10,12,14,17,19,21,22,23,25
3042,7,1,3,4,5,6,11,12,15,16,18,19,20,21,22
3043,1,1,7,11,12,14,15,16,18,19,21,22,23,24,25
3043,2,2,4,5,6,7,8,10,13,14,15,16,20,22,24
3043,3,1,2,6,8,9,11,13,15,17,18,19,20,22,24
3043,4,3,4,5,6,7,8,9,11,12,13,15,18,20,23
3043,5,1,2,5,6,8,9,10,15,17,18,19,20,21,23
3043,6,1,2,5,6,7,11,15,16,18,20,21,22,23,25
3043,7,1,2,3,5,7,9,10,13,15,16,17,22,23,24
3044,1,2,3,5,6,7,8,9,10,14,16,17,18,21,25
3044,2,2,4,5,6,9,10,12,13,15,16,17,18,22,25
3044,3,2,3,5,6,7,9,10,11,13,15,19,23,24,25
3044,4,1,2,4,5,9,10,11,15,18,19,20,23,24,25
3044,5,1,4,7,8,13,15,17,18,19,20,21,22,24,25
3044,6,1,10,11,12,15,16,17,18,19,20,21,23,24,25
3044,7,1,3,4,6,12,13,14,17,18,19,21,22,24,25
3045,1,1,2,3,4,6,9,12,13,16,17,18,19,21,23
3045,2,2,3,4,8,9,10,11,12,13,16,18,20,22,25
3045,3,2,4,5,6,9,12,13,14,15,17,18,20,21,24
3045,4,1,3,5,8,9,12,14,15,17,19,21,22,23,24
3045,5,2,3,5,8,9,10,11,12,17,19,21,22,24,25
3045,6,1,2,5,6,11,13,14,17,19,20,21,22,23,24
3045,7,1,2,3,6,7,9,10,11,13,14,20,22,23,24
3046,1,2,8,10,11,13,14,15,17,18,20,21,22,24,25
3046,2,1,2,3,6,8,9,11,13,15,17,20,22,23,25
3046,3,1,3,6,7,9,10,11,13,16,19,20,22,23,25
3046,4,3,6,7,9,10,12,13,15,18,19,20,23,24,25
3046,5,1,3,5,7,8,10,11,12,15,16,18,21,22,23
3046,6,2,3,9,10,11,12,13,16,17,18,21,23,24,25
3046,7,1,2,3,5,7,9,10,13,16,19,22,23,24,25
3047,1,1,3,6,8,9,13,14,15,17,18,22,23,24,25
3047,2,3,5,7,9,10,12,14,15,16,18,20,21,23,25
3047,3,3,5,7,8,10,12,13,15,16,21,22,23,24,25
3047,4,1,3,5,6,8,10,12,13,15,19,20,22,24,25
3047,5,1,3,5,6,8,9,14,15,17,19,21,22,23,25
3047,6,3,4,6,7,8,9,10,12,14,15,16,19,22,24
3047,7,2,3,5,6,8,10,11,12,16,20,22,23,24,25
3048,1,3,4,5,6,8,10,11,15,16,17,18,20,22,25
3048,2,1,3,8,9,11,12,13,16,17,20,21,23,24,25
3048,3,1,2,3,5,6,8,10,11,12,13,18,19,20,23
3048,4,1,2,3,4,7,8,9,15,16,17,18,20,22,23
3048,5,4,5,7,8,9,11,12,13,15,16,22,23,24,25
3048,6,1,7,8,10,11,13,14,15,16,17,19,23,24,25
3048,7,2,3,5,6,8,10,12,13,15,18,19,23,24,25
3049,1,3,4,7,8,10,12,14,16,17,18,22,23,24,25
3049,2,1,2,3,6,8,10,11,12,16,18,21,22,24,25
3049,3,3,4,6,8,9,13,16,18,19,20,21,22,24,25
3049,4,1,2,3,7,10,11,13,15,17,19,22,23,24,25
3049,5,1,2,4,6,7,10,12,13,14,19,20,21,23,24
3049,6,1,3,4,5,6,9,10,12,14,15,17,18,20,22
3049,7,2,4,5,6,9,10,11,12,14,17,19,21,22,24
3050,1,1,5,7,8,9,10,11,12,13,15,18,19,21,24
3050,2,2,3,4,5,8,10,12,13,15,16,18,20,22,24
3050,3,4,5,7,10,13,14,15,17,18,21,22,23,24,25
3050,4,2,3,4,5,6,8,9,11,12,14,17,19,20,21
3050,5,1,2,5,7,8,10,11,14,16,17,19,20,21,24
3050,6,1,2,5,7,8,10,12,13,18,20,22,23,24,25
3050,7,1,2,3,5,6,7,8,9,17,19,21,22,23,24
3051,1,3,4,6,12,14,16,17,18,19,20,21,22,23,24
3051,2,1,4,6,8,10,11,12,13,14,15,18,20,21,24
3051,3,1,3,5,6,7,8,13,14,16,18,19,20,23,24
3051,4,1,6,7,8,10,11,12,13,15,17,18,19,20,25
3051,5,1,2,3,4,8,10,12,16,17,18,20,21,24,25
3051,6,1,2,3,5,8,9,10,11,12,14,18,21,24,25
3051,7,1,2,4,8,9,11,12,13,15,17,18,21,22,24
3052,1,1,2,3,5,6,8,9,11,12,13,20,22,23,24
3052,2,2,5,6,8,9,10,11,13,14,17,18,19,22,25
3052,3,1,3,9,10,12,14,15,16,18,19,20,23,24,25
3052,4,1,4,5,6,9,10,11,12,13,14,16,17,18,24
3052,5,1,2,3,4,6,7,8,9,10,11,18,21,22,25
3052,6,2,5,7,9,13,15,16,18,19,21,22,23,24,25
3052,7,2,3,6,7,9,10,11,13,17,18,20,21,24,25
3053,1,1,2,3,7,8,10,12,13,14,15,16,17,20,23
3053,2,1,2,3,5,6,8,10,11,12,16,17,18,22,23
3053,3,7,9,11,13,15,16,17,19,20,21,22,23,24,25
3053,4,2,3,4,8,9,11,12,13,16,18,20,21,22,24
3053,5,1,5,7,8,9,11,12,13,14,15,16,20,24,25
3053,6,1,2,3,5,6,7,9,10,12,19,20,21,23,25
3053,7,8,10,11,12,14,15,16,17,18,19,20,22,23,25
3054,1,1,4,7,8,9,13,15,16,17,19,21,22,24,25
3054,2,4,7,10,12,13,14,17,18,19,20,21,22,24,25
3054,3,1,2,4,7,8,10,11,12,16,17,18,19,21,22
3054,4,1,2,5,6,8,12,13,14,15,16,17,18,23,25
3054,5,4,6,8,9,10,13,14,16,17,18,19,20,22,24
3054,6,2,3,4,6,7,8,14,15,18,19,20,21,23,25
3054,7,1,2,4,9,10,11,13,17,18,19,20,21,24,25
3055,1,4,5,6,7,8,9,11,12,14,16,17,18,21,22
3055,2,2,3,4,5,8,9,10,11,12,16,17,19,21,24
3055,3,1,3,4,5,8,10,11,14,15,19,20,21,22,25
3055,4,2,3,4,9,12,13,14,15,16,18,19,20,22,24
3055,5,1,3,6,7,9,10,11,12,14,16,17,19,20,22
3055,6,1,4,8,9,11,12,13,18,19,20,21,22,24,25
3055,7,3,4,6,7,8,9,12,13,14,16,19,23,24,25
3056,1,2,4,5,6,9,13,14,15,16,20,22,23,24,25
3056,2,1,2,3,6,7,10,12,13,14,15,17,19,24,25
3056,3,1,2,5,7,8,9,10,12,15,16,19,22,24,25
3056,4,2,4,5,7,8,9,11,15,17,18,19,20,21,25
3056,5,2,4,6,9,10,11,12,14,16,18,19,23,24,25
3056,6,2,4,5,6,8,11,12,13,16,18,19,20,23,25
3056,7,1,2,4,5,6,7,9,11,12,13,15,18,23,25
3057,1,2,4,5,6,7,14,15,16,17,19,20,21,24,25
3057,2,1,3,8,9,12,13,14,15,17,21,22,23,24,25
3057,3,3,6,7,8,10,11,13,15,17,18,20,21,23,24
3057,4,3,4,6,7,9,10,11,13,17,19,20,21,23,25
3057,5,3,7,9,10,11,12,14,17,18,19,21,22,23,25
3057,6,3,4,6,8,9,11,12,13,16,19,20,22,24,25
3057,7,3,4,6,7,8,11,12,13,14,16,17,21,22,24
3058,1,1,2,3,5,7,8,9,10,12,16,17,19,21,25
3058,2,2,4,5,6,11,12,13,17,18,20,21,22,24,25
3058,3,1,3,5,10,12,13,14,15,16,21,22,23,24,25
3058,4,1,3,4,6,9,12,13,14,15,16,17,18,20,24
3058,5,2,6,7,10,12,13,14,16,17,20,21,22,23,24
3058,6,2,4,5,8,9,10,11,13,14,16,17,19,22,24
3058,7,1,2,3,5,8,9,10,12,13,15,16,18,21,22
3059,1,1,5,6,7,8,11,14,15,17,19,20,21,23,24
3059,2,2,6,7,9,10,13,14,15,17,18,20,22,24,25
3059,3,2,3,7,8,9,10,11,14,15,16,17,20,23,25
3059,4,2,3,4,5,8,11,12,15,16,17,19,20,23,25
3059,5,1,3,4,6,8,9,11,12,13,15,20,21,23,24
3059,6,2,3,4,5,10,11,13,15,16,18,20,21,22,24
3059,7,2,9,10,11,12,15,16,17,18,19,21,22,23,25
3060,1,1,4,5,6,7,8,10,12,13,14,19,23,24,25
3060,2,2,5,6,7,8,12,14,15,17,19,20,21,23,25
3060,3,1,2,3,4,6,8,9,12,15,16,17,21,22,24
3060,4,1,4,5,8,9,11,12,13,15,19,20,21,22,24
3060,5,4,7,9,12,13,16,17,18,20,21,22,23,24,25
3060,6,1,4,5,7,8,9,12,13,15,17,19,20,21,25
3060,7,1,2,4,8,10,13,14,15,17,18,19,22,24,25
3061,1,1,2,3,4,5,6,7,9,10,14,15,17,21,25
3061,2,1,3,5,6,7,10,12,13,14,15,20,22,24,25
3061,3,3,5,6,8,10,11,13,15,19,20,21,23,24,25
3061,4,1,2,3,4,6,9,10,11,12,17,18,21,24,25
3061,5,1,3,6,7,8,9,11,12,17,18,20,22,23,24
3061,6,1,4,5,7,8,9,12,13,15,16,17,20,21,25
3061,7,2,3,4,7,8,9,11,14,15,18,20,21,22,23
3062,1,2,3,4,6,7,10,13,14,16,17,19,20,21,23
3062,2,2,3,6,9,10,11,14,15,18,20,22,23,24,25
3062,3,3,4,5,7,8,10,12,14,17,18,19,20,24,25
3062,4,1,3,4,6,7,8,9,10,12,13,15,17,23,25
3062,5,1,3,5,6,8,9,12,13,14,16,18,19,20,21
3062,6,1,4,5,7,8,10,14,15,17,20,21,22,23,25
3062,7,2,3,4,5,6,8,9,10,12,14,16,22,23,24
3063,1,1,2,4,5,7,11,13,14,15,16,17,18,20,25
3063,2,3,4,5,6,7,8,9,10,11,17,19,20,21,24
3063,3,2,3,4,5,8,9,11,12,14,15,17,19,20,23
3063,4,1,4,7,8,9,10,11,13,14,15,16,17,20,23
3063,5,1,4,5,7,13,15,16,18,19,20,21,22,23,25
3063,6,1,2,4,8,9,10,14,15,16,17,19,21,22,25
3063,7,1,4,5,7,8,9,11,13,17,20,21,22,23,25
3064,1,3,4,6,7,9,12,13,14,15,16,17,18,21,23
3064,2,1,3,6,8,11,12,13,15,16,17,18,21,22,23
3064,3,2,4,5,8,9,10,11,12,14,15,18,20,24,25
3064,4,2,3,4,7,9,10,13,16,17,18,20,23,24,25
3064,5,2,3,6,8,10,11,13,14,16,17,21,22,24,25
3064,6,1,2,3,5,8,9,10,13,15,17,21,22,24,25
3064,7,1,2,3,7,8,10,14,16,17,18,19,20,24,25
3065,1,2,3,5,7,8,9,12,14,15,18,20,21,22,24
3065,2,1,5,7,8,10,11,12,13,15,16,17,18,21,24
3065,3,1,2,3,4,6,8,10,11,12,18,20,21,22,23
3065,4,1,2,5,8,9,10,13,14,15,17,19,21,23,25
3065,5,1,4,5,6,9,11,12,14,15,16,17,21,23,24
3065,6,1,2,4,7,9,11,14,15,18,19,20,21,24,25
3065,7,2,4,5,8,9,10,11,13,15,17,20,22,23,25
3066,1,1,3,5,6,8,10,11,13,14,19,21,22,24,25
3066,2,1,3,5,8,9,10,12,15,16,18,20,21,23,24
3066,3,2,4,5,8,9,12,14,15,16,17,19,21,24,25
3066,4,2,3,5,6,7,12,13,15,16,17,19,20,24,25
3066,5,1,4,7,8,9,12,15,16,19,20,22,23,24,25
3066,6,2,5,8,10,12,13,14,15,16,18,20,21,22,25
3066,7,3,4,5,6,9,10,12,16,17,18,19,21,22,24
3067,1,1,2,5,6,8,11,13,14,16,19,20,22,24,25
3067,2,2,3,4,7,9,10,11,16,18,20,21,22,23,24
3067,3,1,4,5,6,8,10,11,12,13,17,18,22,23,24
3067,4,1,2,3,4,5,6,7,9,10,13,16,20,21,25
3067,5,1,4,7,8,10,11,13,14,15,16,18,20,24,25
3067,6,3,5,6,7,8,9,11,12,14,15,17,20,21,23
3067,7,1,2,4,6,7,8,10,13,15,17,18,19,23,25
3068,1,1,2,3,7,8,9,10,12,16,20,21,22,24,25
3068,2,1,3,4,6,8,11,12,14,16,17,20,22,24,25
3068,3,1,3,5,10,11,13,14,16,17,18,20,21,22,23
3068,4,1,2,5,8,9,11,13,14,15,16,17,19,20,21
3068,5,1,2,4,5,6,7,9,10,11,12,17,18,22,24
3068,6,1,2,6,10,11,12,13,14,17,18,19,20,24,25
3068,7,2,4,6,9,10,11,16,17,18,19,20,22,24,25
3069,1,1,2,4,5,6,9,11,12,13,14,17,20,21,24
3069,2,1,6,8,9,12,13,14,15,16,19,20,22,23,24
3069,3,1,3,4,6,8,9,10,11,13,14,16,19,22,23
3069,4,1,3,4,7,8,10,13,16,18,19,20,21,23,24
3069,5,3,6,7,11,12,14,15,16,17,18,19,20,24,25
3069,6,1,3,4,6,7,8,9,11,15,17,20,21,23,24
3069,7,1,2,4,5,8,9,10,11,12,13,17,18,19,23
3070,1,2,5,6,8,9,10,11,12,13,14,15,20,21,22
3070,2,1,5,6,8,11,12,14,17,18,19,20,21,24,25
3070,3,1,2,5,6,9,11,12,13,14,15,16,17,18,20
3070,4,1,2,3,5,7,8,10,13,14,15,16,17,20,25
3070,5,1,2,4,5,8,9,11,13,15,16,17,18,20,21
3070,6,3,4,5,6,10,11,12,13,16,18,20,21,22,23
3070,7,1,2,3,4,5,6,8,10,11,13,15,16,21,25
3071,1,1,5,7,8,12,13,14,15,17,20,22,23,24,25
3071,2,1,3,6,10,11,13,16,18,19,20,21,23,24,25
3071,3,2,3,4,5,6,10,15,16,18,19,21,22,23,25
3071,4,1,2,3,6,7,9,14,16,17,18,19,21,24,25
3071,5,1,3,4,5,6,7,8,9,15,16,19,20,21,25
3071,6,1,3,5,7,11,12,14,17,19,20,21,23,24,25
3071,7,1,2,3,6,9,10,11,12,14,16,18,21,22,23
3072,1,1,4,5,6,8,9,10,11,13,14,15,21,22,25
3072,2,1,2,4,5,7,8,9,10,13,17,18,20,23,25
3072,3,1,3,6,7,9,11,14,16,17,19,20,21,23,24
3072,4,3,4,5,7,10,11,12,17,18,20,22,23,24,25
3072,5,1,2,5,6,8,9,10,11,12,14,16,21,22,23
3072,6,1,6,8,9,10,11,12,13,14,18,21,22,23,24
3072,7,1,4,6,8,9,12,14,15,18,19,21,22,23,24
3073,1,3,4,5,6,9,10,14,15,16,18,19,20,21,24
3073,2,2,3,4,5,6,10,11,12,13,14,16,20,21,22
3073,3,1,2,3,5,6,9,11,12,13,18,19,21,22,24
3073,4,1,3,4,5,8,10,11,12,14,17,18,21,23,24
3073,5,2,4,5,7,9,10,11,15,16,20,22,23,24,25
3073,6,2,6,7,8,9,10,12,16,17,18,19,21,23,25
3073,7,2,3,4,6,8,11,12,13,14,18,22,23,24,25
3074,1,3,6,7,10,11,13,14,15,16,17,20,22,23,24
3074,2,2,3,5,9,10,14,16,17,18,19,20,22,23,24
3074,3,3,4,7,10,11,12,16,17,19,20,21,22,23,24
3074,4,2,3,4,5,7,8,11,15,17,18,19,20,22,25
3074,5,1,3,4,5,9,11,12,13,15,17,18,19,22,25
3074,6,2,3,6,9,10,11,14,16,17,20,21,23,24,25
3074,7,1,7,8,10,11,13,14,16,17,18,21,22,24,25
3075,1,3,5,6,7,8,9,11,12,13,15,16,17,20,22
3075,2,1,6,8,11,13,14,15,16,17,19,22,23,24,25
3075,3,2,4,6,8,9,12,13,15,16,17,18,21,22,23
3075,4,4,5,7,8,9,13,15,16,17,19,21,22,24,25
3075,5,2,3,6,7,8,9,12,13,18,19,20,23,24,25
3075,6,1,3,4,6,7,11,12,13,15,16,19,22,23,24
3075,7,1,2,4,5,6,9,11,12,16,18,19,20,22,25
3076,1,1,2,4,5,6,7,9,13,15,17,19,22,24,25
3076,2,1,3,8,9,10,13,14,16,18,19,20,21,24,25
3076,3,1,2,3,4,6,8,9,12,13,14,15,16,23,25
3076,4,1,2,3,6,8,9,12,13,14,15,17,19,20,25
3076,5,1,4,7,8,9,10,12,13,15,17,20,21,23,25
3076,6,1,2,6,9,10,12,13,14,15,16,17,22,23,24
3076,7,1,2,4,5,6,8,9,10,11,15,16,17,18,21
3077,1,1,2,3,4,7,8,9,10,12,14,15,16,17,18
3077,2,1,5,9,10,11,13,16,17,18,19,20,21,22,25
3077,3,2,3,5,6,7,8,10,11,13,17,20,21,24,25
3077,4,4,5,7,8,9,10,11,13,15,17,19,21,22,25
3077,5,1,2,3,4,5,7,9,10,11,14,19,21,23,24
3077,6,2,3,6,7,8,9,10,12,13,14,15,19,20,21
3077,7,5,6,8,10,11,12,17,18,19,20,21,22,24,25
3078,1,3,4,6,9,10,13,14,15,16,18,19,20,22,24
3078,2,4,5,7,8,9,12,14,15,17,18,20,22,24,25
3078,3,3,4,5,6,8,9,12,13,14,18,22,23,24,25
3078,4,2,4,6,8,9,10,12,15,17,18,19,21,22,25
3078,5,1,3,4,6,9,10,11,12,17,18,20,21,22,25
3078,6,1,3,4,9,10,11,12,14,16,17,18,19,21,22
3078,7,3,5,9,10,11,12,14,15,16,17,20,22,24,25
3079,1,1,4,5,6,9,10,17,18,19,21,22,23,24,25
3079,2,2,3,5,6,8,10,11,12,13,16,19,20,21,22
3079,3,2,3,4,7,8,9,11,18,19,20,21,22,23,24
3079,4,2,3,8,10,11,12,13,14,16,19,20,21,23,24
3079,5,1,6,10,11,12,13,15,16,18,19,20,22,23,24
3079,6,1,4,5,6,7,9,10,12,13,15,16,19,20,22
3079,7,2,3,5,9,10,13,15,16,17,19,21,22,23,25
3080,1,1,2,3,6,7,8,9,11,12,13,17,18,19,20
3080,2,4,5,6,8,10,11,13,16,17,18,20,21,22,23
3080,3,1,2,3,4,5,6,9,10,12,15,17,20,22,23
3080,4,2,3,4,5,7,9,12,15,16,17,18,22,23,24
3080,5,1,4,5,7,8,9,10,12,16,18,19,20,23,25
3080,6,1,2,5,9,10,11,13,14,15,17,18,19,23,24
3080,7,4,8,9,11,12,13,14,15,16,18,19,21,23,25
3081,1,1,3,4,6,8,9,13,14,15,16,17,18,22,25
3081,2,2,6,7,8,11,12,14,17,19,20,22,23,24,25
3081,3,1,3,5,6,7,8,10,12,14,16,17,21,22,23
3081,4,1,2,8,9,11,12,13,15,16,18,20,22,23,24
3081,5,2,4,5,9,10,11,12,13,14,19,20,21,22,24
3081,6,5,6,8,9,10,11,12,15,16,18,19,23,24,25
3081,7,2,3,4,6,8,11,12,13,15,17,19,23,24,25
3082,1,1,2,3,6,9,11,12,14,15,17,20,22,24,25
3082,2,2,3,4,8,11,12,13,14,15,16,21,22,23,25
3082,3,1,4,5,8,9,11,13,14,16,18,19,20,21,22
3082,4,1,2,4,5,8,9,12,14,15,16,17,18,20,24
3082,5,1,2,3,4,5,9,11,14,18,20,21,22,24,25
3082,6,1,4,5,7,8,13,14,16,17,19,21,22,23,25
3082,7,1,4,6,8,9,10,12,15,16,18,19,20,22,24
3083,1,4,5,6,7,8,10,11,14,16,18,20,21,23,24
3083,2,2,4,6,8,9,11,12,13,14,15,19,22,23,25
3083,3,1,3,4,8,10,11,15,16,17,20,21,22,24,25
3083,4,1,2,7,8,9,10,11,13,18,19,22,23,24,25
3083,5,2,5,6,8,9,10,13,15,16,18,19,22,23,25
3083,6,1,2,4,5,6,12,14,17,18,19,20,21,22,24
3083,7,1,2,5,7,8,9,12,13,15,19,21,22,23,24
3083,8,1,3,4,8,9,10,11,15,16,17,20,21,22,25
3084,1,2,3,6,7,8,9,12,14,16,17,18,19,21,23
3084,2,1,4,6,9,11,12,13,15,17,19,21,22,23,25
3084,3,2,5,6,8,9,10,13,14,16,17,19,20,21,24
3084,4,3,5,7,9,12,13,14,15,17,18,19,21,23,24
3084,5,1,3,6,8,9,12,13,14,15,17,19,20,21,25
3084,6,4,5,6,7,10,12,13,14,15,19,21,22,23,25
3084,7,4,5,6,7,8,9,10,12,16,17,19,20,21,23
3085,1,1,3,5,7,10,11,12,13,14,15,16,17,20,22
3085,2,1,3,5,7,11,12,13,15,16,18,19,22,23,24
3085,3,1,2,6,9,11,13,14,16,17,18,20,21,23,24
3085,4,3,5,7,8,10,11,12,14,16,18,20,21,23,25
3085,5,1,2,3,5,6,7,9,12,17,18,19,20,22,25
3085,6,1,2,6,8,9,10,13,16,17,18,20,21,22,24
3085,7,1,4,6,7,8,9,10,12,14,16,21,22,23,24
3086,1,2,4,5,6,9,10,11,12,13,16,17,18,20,24
3086,2,1,3,5,7,8,9,11,12,13,14,15,21,23,24
3086,3,1,2,4,7,8,9,10,11,12,13,17,18,21,22
3086,4,1,2,3,4,8,9,11,13,15,16,20,22,23,25
3086,5,2,4,7,8,9,11,12,13,14,17,20,21,24,25
3086,6,1,4,6,9,10,11,14,16,17,19,21,22,24,25
3086,7,2,3,8,10,11,12,13,14,16,17,19,21,24,25
3087,1,2,4,5,8,9,12,14,15,16,18,19,22,23,25
3087,2,1,2,7,9,10,11,12,13,14,15,16,19,22,23
3087,3,1,2,4,5,7,8,12,13,14,16,17,20,22,24
3087,4,2,5,10,12,13,14,16,17,18,19,22,23,24,25
3087,5,2,3,5,6,8,11,13,14,16,17,18,20,23,24
3087,6,1,2,8,9,12,13,18,19,20,21,22,23,24,25
3087,7,2,3,5,6,8,9,10,15,17,18,20,21,22,25
3088,1,2,3,4,5,6,12,15,16,17,18,19,21,23,24
3088,2,1,2,4,6,8,9,11,13,15,16,17,18,20,25
3088,3,2,5,6,8,10,12,13,15,16,17,18,22,24,25
3088,4,1,2,5,7,10,13,18,19,20,21,22,23,24,25
3088,5,1,3,4,5,8,11,12,14,15,19,20,22,23,24
3088,6,1,3,6,7,11,12,15,16,17,18,20,21,24,25
3088,7,2,3,4,7,8,9,10,12,17,21,22,23,24,25
3089,1,3,5,6,9,10,12,14,16,17,18,21,22,23,25
3089,2,2,3,4,6,8,9,10,14,15,19,21,23,24,25
3089,3,1,2,5,7,8,9,10,11,12,13,15,18,23,24
3089,4,2,3,6,7,8,9,10,11,13,14,16,21,24,25
3089,5,1,3,4,5,7,8,9,12,13,16,18,22,24,25
3089,6,1,4,6,7,9,10,11,12,14,17,18,23,24,25
3089,7,1,2,3,5,8,9,10,12,13,14,15,16,24,25
3090,1,1,4,6,7,8,9,10,13,17,18,19,20,23,25
3090,2,1,2,3,4,5,6,7,9,11,14,18,19,20,21
3090,3,3,5,6,9,10,12,14,15,18,19,22,23,24,25
3090,4,2,4,5,8,9,10,12,13,14,16,17,19,20,25
3090,5,1,3,4,6,7,8,9,11,12,13,14,20,21,22
3090,6,2,3,4,5,6,8,10,11,12,15,18,19,21,25
3090,7,1,2,3,5,6,7,10,11,14,15,17,22,24,25
3091,1,1,3,4,6,7,8,9,11,12,14,15,18,19,23
3091,2,1,2,3,5,9,13,14,15,16,17,20,21,24,25
3091,3,1,2,4,5,7,9,12,13,15,16,17,19,20,22
3091,4,3,4,6,8,10,12,13,15,16,17,21,23,24,25
3091,5,3,4,6,7,10,11,12,13,14,17,18,19,21,23
3091,6,1,2,5,7,10,11,12,13,14,17,22,23,24,25
3091,7,2,5,8,10,12,13,14,17,18,19,20,23,24,25
3092,1,1,3,4,5,6,10,11,12,13,17,19,22,24,25
3092,2,2,4,5,6,7,9,10,11,12,14,16,19,20,22
3092,3,1,2,4,5,8,10,12,13,14,15,17,18,21,23
3092,4,3,4,6,9,10,11,12,14,15,17,18,19,24,25
3092,5,3,5,6,7,9,10,11,13,14,15,18,19,24,25
3092,6,1,5,7,8,11,12,14,18,19,20,21,22,23,25
3092,7,1,5,6,8,9,12,13,17,18,19,20,23,24,25
3093,1,2,4,5,9,10,11,13,15,16,17,19,20,21,24
3093,2,1,3,4,6,7,8,11,12,15,16,19,20,24,25
3093,3,1,2,3,4,6,8,12,14,15,17,20,22,24,25
3093,4,1,3,6,8,10,11,12,13,14,15,16,21,23,25
3093,5,1,3,5,6,7,11,12,14,16,18,19,20,23,25
3093,6,5,7,8,9,10,11,13,14,17,19,20,23,24,25
3093,7,1,2,8,13,16,17,18,19,20,21,22,23,24,25
3094,1,2,3,4,7,8,9,10,13,18,19,21,23,24,25
3094,2,1,2,4,5,6,9,10,11,13,17,19,21,22,23
3094,3,2,4,5,6,7,10,11,12,14,15,16,18,21,23
3094,4,2,3,4,6,7,8,10,11,14,17,18,20,22,23
3094,5,3,5,6,7,9,11,13,14,16,17,18,20,21,25
3094,6,7,8,10,11,12,13,14,16,18,20,21,22,23,24
3094,7,2,3,4,5,6,7,8,10,13,14,15,16,21,24
3095,1,3,4,5,6,7,10,12,14,16,17,18,21,24,25
3095,2,3,4,5,7,8,11,14,17,19,20,21,22,24,25
3095,3,3,4,5,7,8,10,13,14,16,18,19,22,23,24
3095,4,1,2,7,9,10,12,15,17,18,19,22,23,24,25
3095,5,1,2,3,5,6,8,9,10,11,12,13,19,22,25
3095,6,3,4,5,6,7,9,12,13,15,18,20,22,24,25
3095,7,1,2,4,9,11,12,16,17,18,20,21,22,23,25
3096,1,1,3,5,7,8,9,10,11,15,17,18,19,23,25
3096,2,3,4,8,9,12,13,14,15,17,20,21,22,23,25
3096,3,2,3,5,6,11,13,16,18,19,21,22,23,24,25
3096,4,1,2,3,5,6,7,8,12,15,17,19,22,24,25
3096,5,1,3,6,7,8,9,12,17,19,21,22,23,24,25
3096,6,1,3,5,7,8,10,11,14,15,16,18,19,20,24
3096,7,2,5,6,7,12,13,14,18,20,21,22,23,24,25
3097,1,1,3,4,5,6,10,11,14,18,19,21,23,24,25
3097,2,2,4,5,6,8,9,10,11,15,17,19,22,23,24
3097,3,1,2,5,7,9,11,12,13,14,16,17,18,19,22
3097,4,1,2,4,5,6,7,9,11,13,15,17,19,22,24
3097,5,1,2,3,5,10,11,13,14,16,17,18,20,21,25
3097,6,1,3,4,5,7,8,10,13,14,15,17,18,20,23
3097,7,2,3,5,6,8,11,12,14,16,18,19,20,22,23
3097,8,1,2,4,5,6,7,9,11,14,15,17,19,22,24
3098,1,1,2,4,5,6,9,11,13,16,17,18,19,22,23
3098,2,3,4,5,9,11,12,13,14,16,18,19,20,22,24
3098,3,1,2,7,11,12,13,14,16,17,18,19,20,21,23
3098,4,4,5,8,9,10,13,14,15,17,19,20,22,24,25
3098,5,1,3,4,8,11,12,14,15,16,19,21,22,23,24
3098,6,1,3,5,6,7,8,11,14,16,18,19,20,23,24
3098,7,2,3,6,8,10,11,12,13,14,18,20,22,23,24
3099,1,1,2,3,5,6,10,15,16,18,19,20,21,23,25
3099,2,2,6,10,11,12,13,14,15,16,18,19,20,24,25
3099,3,1,2,5,7,8,9,10,12,14,16,21,22,24,25
3099,4,3,5,6,7,8,10,12,14,15,19,21,22,23,24
3099,5,2,4,5,9,12,13,16,17,18,19,20,21,23,24
3099,6,1,7,9,10,11,13,15,17,19,20,21,22,23,24
3099,7,1,4,5,9,10,12,14,17,18,19,20,22,23,24
3100,1,1,2,4,5,6,7,8,9,12,16,20,22,23,25
3100,2,5,6,8,9,11,12,13,15,16,17,18,20,21,24
3100,3,1,3,4,5,6,10,11,12,16,18,19,20,22,25
3100,4,1,3,5,9,12,13,14,15,16,18,20,21,23,25
3100,5,2,3,4,6,8,9,10,11,13,15,16,17,19,22
3100,6,4,5,6,8,9,10,12,13,14,16,19,20,23,25
3100,7,5,8,10,11,13,14,15,17,18,19,20,21,22,25
3101,1,1,2,3,6,10,11,12,14,15,16,19,20,21,24
3101,2,2,4,5,6,8,9,10,13,15,17,18,19,24,25
3101,3,1,2,3,4,7,9,10,11,12,14,15,17,20,25
3101,4,1,4,5,6,7,8,12,13,14,16,18,22,23,24
3101,5,1,4,5,6,8,9,11,12,13,15,20,22,23,24
3101,6,1,2,5,6,8,9,11,18,19,20,21,23,24,25
3101,7,1,2,3,4,5,6,9,13,14,16,18,19,21,22
3101,8,1,4,5,6,7,8,12,13,14,15,18,22,23,24
3102,1,2,3,6,8,9,10,11,12,13,17,21,23,24,25
3102,2,2,3,4,6,7,8,11,18,19,20,21,23,24,25
3102,3,1,2,4,6,10,11,12,14,15,21,22,23,24,25
3102,4,1,2,4,7,8,11,13,16,18,19,20,22,24,25
3102,5,1,2,3,6,9,10,12,14,16,17,18,20,23,25
3102,6,1,3,4,6,7,9,10,12,13,16,17,18,22,24
3102,7,1,2,6,10,11,12,14,18,20,21,22,23,24,25
3103,1,2,3,7,8,9,10,11,13,16,17,19,20,23,24
3103,2,2,3,4,5,7,8,9,10,11,14,16,18,23,25
3103,3,2,5,6,7,10,11,13,14,16,17,20,23,24,25
3103,4,1,5,7,8,9,10,11,13,15,17,19,21,23,25
3103,5,1,2,4,5,7,9,10,11,14,15,16,17,18,21
3103,6,3,4,5,6,7,8,10,15,17,18,19,23,24,25
3103,7,3,4,5,6,10,11,12,14,15,17,18,22,24,25
3104,1,3,4,7,8,12,13,15,16,17,19,20,21,23,24
3104,2,2,3,5,6,7,10,11,14,16,18,19,20,22,25
3104,3,2,3,6,8,10,11,13,14,19,20,22,23,24,25
3104,4,2,5,7,8,9,10,14,15,16,18,19,20,21,24
3104,5,2,3,4,5,7,11,12,16,17,18,22,23,24,25
3104,6,4,5,8,9,10,12,14,17,19,20,21,22,23,25
3104,7,1,3,4,7,9,11,13,15,16,17,19,20,23,24
3105,1,1,4,8,9,10,12,15,17,18,19,20,22,23,25
3105,2,1,2,3,6,9,10,11,15,17,18,19,22,24,25
3105,3,1,3,4,5,11,13,14,15,17,19,21,23,24,25
3105,4,3,5,6,9,10,12,13,14,15,18,20,21,23,24
3105,5,1,2,3,7,8,9,10,13,15,20,21,22,23,25
3105,6,1,2,3,7,8,10,11,14,16,17,19,22,23,25
3105,7,4,6,7,9,10,12,13,14,15,17,19,21,22,24
3106,1,4,5,6,7,9,11,12,13,15,18,19,21,23,24
3106,2,2,3,5,6,7,9,11,17,18,19,21,23,24,25
3106,3,2,4,5,6,7,8,9,10,13,18,20,23,24,25
3106,4,1,2,3,7,8,10,11,13,15,16,18,19,24,25
3106,5,1,2,3,9,10,12,13,14,16,17,19,21,23,24
3106,6,5,6,7,9,10,11,14,17,18,21,22,23,24,25
3106,7,1,4,5,6,7,8,10,12,15,18,19,20,22,23
3107,1,1,2,4,6,9,10,11,14,15,16,17,18,19,22
3107,2,1,2,3,4,5,6,9,10,11,15,19,21,22,25
3107,3,1,4,8,9,10,11,13,14,16,17,20,22,23,24
3107,4,1,2,4,8,10,11,13,15,16,19,20,22,23,25
3107,5,2,3,5,6,7,9,11,12,13,16,18,20,24,25
3107,6,2,3,4,5,6,9,12,14,15,17,18,20,22,23
3107,7,2,3,5,7,9,11,12,13,14,15,21,23,24,25
3108,1,1,2,4,5,8,10,12,13,14,15,17,18,21,22
3108,2,1,3,6,7,9,10,11,13,19,20,21,22,23,24
3108,3,3,4,5,6,9,12,13,14,16,18,19,20,22,25
3108,4,1,3,4,6,7,9,12,15,16,18,19,21,22,23
3108,5,2,3,6,7,12,13,14,15,16,17,19,22,23,24
3108,6,1,3,5,6,10,11,12,15,17,19,20,21,23,24
3108,7,1,2,3,4,5,9,10,13,14,16,18,19,22,23
3109,1,1,3,4,5,7,9,10,12,13,14,15,22,23,24
3109,2,1,3,4,5,6,7,10,11,13,14,15,16,18,25
3109,3,2,3,4,5,10,12,14,16,17,18,20,21,24,25
3109,4,5,7,8,9,10,12,13,14,15,16,17,18,19,24
3109,5,1,2,5,7,11,13,15,17,18,19,21,22,23,24
3109,6,1,2,3,4,8,10,11,13,14,16,17,19,20,21
3109,7,1,5,6,8,10,11,12,13,14,17,19,20,21,22
3110,1,3,4,5,6,7,10,12,15,17,18,20,21,24,25
3110,2,1,2,3,4,6,7,11,12,14,18,20,21,22,23
3110,3,2,4,6,7,9,10,13,16,18,20,22,23,24,25
3110,4,2,3,4,6,8,9,11,13,17,19,21,23,24,25
3110,5,1,2,3,4,6,7,9,10,11,12,13,15,18,24
3110,6,1,2,4,6,7,12,13,16,19,21,22,23,24,25
3110,7,2,6,8,13,14,15,17,18,19,20,21,22,24,25
3111,1,1,2,4,5,7,8,9,10,12,13,16,18,19,20
3111,2,1,5,8,10,11,15,17,18,19,21,22,23,24,25
3111,3,1,2,4,5,7,8,12,18,20,21,22,23,24,25
3111,4,1,2,6,8,9,10,15,17,19,20,21,23,24,25
3111,5,1,4,7,8,9,11,12,17,18,20,22,23,24,25
3111,6,1,5,6,8,10,12,13,14,16,17,18,20,23,25
3111,7,1,2,4,5,7,10,11,12,16,17,18,20,22,24
3112,1,1,2,3,4,11,12,13,17,19,21,22,23,24,25
3112,2,2,3,4,5,8,10,15,16,18,19,20,21,22,23
3112,3,2,3,4,5,6,10,14,15,16,19,20,21,22,23
3112,4,3,4,5,7,8,10,12,14,15,16,17,21,22,25
3112,5,2,4,5,10,11,13,14,16,18,19,20,21,23,24
3112,6,1,2,3,8,9,10,13,15,17,18,19,20,21,22
3112,7,1,2,3,4,8,9,10,12,14,18,20,22,23,25
3113,1,1,2,3,8,12,14,15,16,19,20,21,22,23,24
3113,2,1,2,5,6,9,10,12,14,15,17,18,19,23,24
3113,3,4,5,6,7,9,11,12,16,17,18,19,20,22,25
3113,4,1,2,3,5,6,9,10,11,12,17,18,19,23,24
3113,5,1,2,3,6,12,13,14,17,18,19,20,23,24,25
3113,6,1,2,3,5,6,7,8,12,14,15,16,17,19,24
3113,7,2,5,6,8,9,10,11,14,16,17,18,20,22,23
3114,1,2,3,4,5,6,7,8,13,16,17,18,19,20,23
3114,2,1,8,9,11,12,13,14,15,16,18,19,22,24,25
3114,3,1,3,8,12,14,15,16,17,19,20,22,23,24,25
3114,4,2,3,5,6,9,10,14,15,18,19,20,21,23,25
3114,5,1,2,3,4,5,8,10,12,13,14,17,21,24,25
3114,6,1,2,3,4,7,10,11,13,14,15,18,20,21,22
3114,7,1,2,3,4,5,6,8,9,10,13,16,17,20,21
3115,1,1,2,3,4,7,8,10,11,12,13,15,21,22,25
3115,2,1,3,8,9,10,11,12,13,15,18,19,21,22,24
3115,3,2,3,4,5,8,11,12,14,15,18,20,21,24,25
3115,4,1,5,6,8,9,11,12,13,16,18,19,21,22,24
3115,5,5,9,10,11,14,15,16,17,18,19,21,22,24,25
3115,6,2,5,9,11,12,13,14,15,16,17,19,20,23,24
3115,7,1,2,6,10,12,13,14,15,16,18,20,21,23,24
3116,1,2,3,6,8,10,11,13,15,16,18,19,20,22,24
3116,2,1,3,4,5,6,8,9,11,13,14,15,17,19,20
3116,3,1,4,7,10,12,14,15,16,17,20,21,22,24,25
3116,4,2,4,5,6,10,11,12,14,17,19,21,23,24,25
3116,5,1,3,4,7,8,10,11,12,13,16,19,22,23,25
3116,6,1,2,3,6,7,11,12,13,16,18,20,22,24,25
3116,7,1,2,6,7,9,10,11,12,14,15,19,23,24,25
3117,1,3,4,5,6,7,8,14,15,16,17,20,21,22,23
3117,2,1,2,3,4,5,9,10,12,15,17,20,22,24,25
3117,3,2,3,4,5,6,7,9,14,16,17,18,19,20,23
3117,4,1,3,4,6,8,11,12,13,15,17,18,20,22,23
3117,5,1,3,6,9,10,11,12,13,15,16,17,18,22,23
3117,6,1,2,5,6,8,9,12,13,15,16,17,18,19,25
3117,7,3,6,7,9,11,12,13,16,17,19,20,21,22,25
3118,1,2,4,5,7,9,10,11,12,13,18,19,21,23,24
3118,2,1,2,3,4,7,8,9,10,16,17,18,19,20,23
3118,3,2,4,5,7,8,9,10,11,12,13,20,21,23,25
3118,4,2,3,4,8,9,10,13,14,16,19,20,22,23,25
3118,5,3,4,5,6,7,9,11,14,16,18,19,21,22,23
3118,6,1,3,4,5,6,8,9,11,13,17,22,23,24,25
3118,7,1,5,7,9,10,12,14,16,17,18,19,21,24,25
3119,1,1,2,3,4,5,7,8,9,11,15,16,17,22,23
3119,2,1,5,6,8,9,11,12,14,18,19,20,21,24,25
3119,3,1,3,5,7,8,9,13,15,16,17,19,23,24,25
3119,4,1,3,4,7,8,11,14,16,17,18,21,22,24,25
3119,5,4,8,9,10,13,14,15,16,19,20,21,23,24,25
3119,6,2,3,6,8,9,11,13,16,17,18,19,20,21,22
3119,7,1,2,4,5,6,9,10,11,14,16,19,22,23,24
3120,1,1,4,6,8,9,10,11,12,13,14,18,19,20,24
3120,2,1,3,4,5,7,9,10,12,13,15,17,20,23,24
3120,3,2,3,4,7,9,10,11,13,15,17,20,21,22,25
3120,4,2,4,5,9,10,12,14,15,17,19,20,22,23,24
3120,5,3,5,6,7,8,10,12,13,14,19,21,22,23,25
3120,6,1,7,8,9,10,11,12,13,14,15,19,20,24,25
3120,7,3,4,6,8,9,10,13,15,16,18,19,21,22,23
3121,1,5,6,7,8,10,13,14,15,17,18,20,21,22,24
3121,2,4,10,11,12,13,14,15,16,17,18,19,20,21,25
3121,3,1,4,5,6,7,9,11,13,14,19,20,22,23,24
3121,4,1,4,5,6,7,8,9,10,12,16,17,18,22,25
3121,5,1,2,5,7,8,9,14,15,16,18,19,20,24,25
3121,6,4,5,7,12,13,14,16,17,18,19,21,23,24,25
3121,7,1,4,5,7,8,12,13,14,16,19,21,22,24,25
3122,1,1,2,3,4,5,6,9,11,12,15,17,18,20,22
3122,2,1,3,6,7,9,10,11,12,15,16,17,18,22,23
3122,3,1,2,5,7,9,13,14,16,17,20,21,22,23,24
3122,4,2,5,9,11,13,14,16,17,19,20,21,23,24,25
3122,5,1,4,5,9,10,11,12,13,15,19,20,23,24,25
3122,6,2,3,10,11,12,13,15,16,17,19,20,22,24,25
3122,7,1,5,6,7,9,11,12,14,16,17,20,22,23,25
3123,1,2,3,8,9,10,11,13,14,18,20,21,22,23,25
3123,2,3,4,5,8,9,10,12,16,18,20,22,23,24,25
3123,3,4,5,10,11,14,15,16,17,19,20,21,22,23,25
3123,4,1,2,3,4,5,8,9,15,16,18,19,22,23,25
3123,5,1,4,8,9,12,14,15,16,18,19,20,21,24,25
3123,6,1,2,5,6,7,8,12,14,15,16,17,20,21,24
3123,7,1,4,5,6,8,10,11,12,14,15,16,18,21,22
3124,1,1,2,3,6,8,10,11,14,15,19,22,23,24,25
3124,2,2,3,6,7,10,13,16,17,18,19,21,22,24,25
3124,3,1,2,3,4,7,9,10,15,19,20,21,23,24,25
3124,4,2,3,5,6,7,8,9,14,16,18,19,20,23,24
3124,5,1,3,5,6,7,9,10,11,13,16,17,19,21,24
3124,6,2,4,5,7,9,11,13,14,16,17,20,22,23,24
3124,7,1,3,6,7,10,11,12,15,16,17,19,20,21,23
3125,1,1,2,3,5,6,10,11,14,15,16,19,22,23,24
3125,2,3,4,7,8,10,12,13,14,15,16,17,20,23,25
3125,3,2,3,4,7,8,9,10,13,14,18,20,22,23,24
3125,4,1,2,5,6,8,12,13,17,18,19,20,21,23,25
3125,5,1,2,3,5,8,10,11,12,13,16,17,19,20,22
3125,6,1,8,9,10,12,15,16,18,19,20,21,22,23,25
3125,7,1,3,7,8,9,11,13,17,19,21,22,23,24,25
3126,1,2,5,6,7,8,9,10,11,12,20,21,22,23,24
3126,2,1,2,3,6,8,9,11,12,14,16,18,19,20,21
3126,3,2,3,4,7,8,9,10,15,19,21,22,23,24,25
3126,4,1,2,3,5,6,12,13,14,15,16,17,18,20,25
3126,5,2,3,5,6,8,10,11,12,13,17,18,22,23,25
3126,6,1,2,4,5,8,9,10,11,12,13,15,17,20,23
3126,7,1,2,4,6,7,12,14,15,16,20,21,22,23,24
3127,1,1,3,6,7,8,11,13,14,15,16,20,21,23,25
3127,2,1,2,5,6,7,8,10,11,12,14,16,17,19,24
3127,3,2,4,6,9,10,11,12,13,17,18,21,23,24,25
3127,4,1,5,6,7,9,11,12,13,15,16,17,19,21,22
3127,5,3,7,9,10,11,12,14,15,18,20,21,22,24,25
3127,6,1,2,4,6,7,8,9,11,14,15,17,19,20,25
3127,7,1,2,5,7,8,9,10,11,12,15,17,18,19,24
3128,1,1,2,5,7,9,11,12,16,17,19,20,21,22,25
3128,2,2,3,5,7,9,10,13,14,17,18,19,21,23,25
3128,3,1,2,5,8,10,11,13,16,17,18,19,21,22,23
3128,4,2,4,5,6,10,13,15,16,18,19,20,21,23,24
3128,5,1,3,4,7,9,10,11,12,13,14,16,17,24,25
3128,6,1,2,3,4,10,11,12,13,14,15,17,18,23,24
3128,7,1,2,3,4,6,10,11,12,13,14,16,18,19,24
3129,1,2,3,4,6,9,12,13,14,16,18,19,21,24,25
3129,2,3,4,7,8,11,12,13,16,17,18,21,22,23,25
3129,3,3,5,6,7,8,9,11,16,17,18,21,22,23,24
3129,4,2,3,4,5,6,8,9,10,12,15,16,20,22,24
3129,5,1,3,5,7,8,9,12,13,14,17,18,22,23,24
3129,6,3,6,7,8,10,11,13,14,18,19,21,23,24,25
3129,7,1,2,3,4,6,7,8,9,11,12,19,20,21,23
3130,1,1,4,5,6,8,9,11,13,16,19,21,22,24,25
3130,2,1,2,4,5,8,9,11,13,15,17,19,21,23,24
3130,3,1,2,5,6,9,11,12,15,16,19,20,22,23,25
3130,4,5,7,8,9,10,11,12,13,14,15,16,19,23,24
3130,5,2,3,4,5,6,8,15,16,17,20,22,23,24,25
3130,6,1,2,5,6,9,11,14,15,17,19,21,23,24,25
3130,7,2,4,6,7,8,9,11,12,13,15,18,21,22,23
3131,1,1,2,3,5,7,8,9,11,16,18,19,20,24,25
3131,2,1,2,3,4,6,7,8,13,16,19,20,21,23,25
3131,3,4,5,8,9,10,12,13,14,16,20,21,22,23,25
3131,4,1,2,3,7,8,9,10,14,15,16,17,23,24,25
3131,5,1,3,6,8,10,12,13,16,17,18,19,20,21,25
3131,6,2,4,5,7,8,12,14,15,16,17,18,19,23,24
3131,7,3,5,6,9,12,13,14,17,18,19,20,21,22,25
3132,1,1,2,4,5,6,8,9,11,16,17,18,20,23,24
3132,2,1,3,5,6,7,9,10,14,15,16,17,21,24,25
3132,3,2,4,6,7,11,13,15,16,17,19,21,22,24,25
3132,4,2,3,4,5,8,10,12,13,16,18,20,22,23,25
3132,5,1,2,3,4,7,8,10,14,15,19,20,22,24,25
3132,6,1,3,4,9,12,13,15,16,17,20,21,22,24,25
3132,7,1,2,4,6,8,9,10,13,16,18,20,22,23,25
3133,1,1,3,4,5,6,8,10,12,14,16,19,20,22,25
3133,2,2,3,4,5,8,10,11,13,16,17,18,21,22,25
3133,3,1,3,4,6,7,9,10,13,15,17,19,20,23,25
3133,4,1,3,5,6,7,8,9,10,14,15,16,18,19,25
3133,5,1,3,5,7,8,10,11,12,15,16,19,21,24,25
3133,6,1,2,3,5,6,7,9,11,15,17,18,20,23,25
3133,7,1,3,5,6,9,11,12,13,15,19,21,22,23,25
3134,1,2,3,4,5,8,10,11,13,14,16,18,20,21,23
3134,2,1,2,3,4,10,11,12,17,20,21,22,23,24,25
3134,3,2,3,4,5,7,11,12,13,16,20,21,23,24,25
3134,4,1,3,4,6,9,10,12,13,15,17,18,19,23,25
3134,5,1,2,5,6,9,10,11,12,13,14,15,18,20,22
3134,6,3,6,8,9,10,12,13,16,19,20,21,23,24,25
3134,7,2,3,4,7,10,11,12,13,18,19,20,23,24,25
3135,1,4,5,6,10,12,13,14,15,17,18,19,20,21,22
3135,2,2,3,4,5,6,7,9,12,13,18,19,22,23,25
3135,3,1,2,5,8,10,11,12,18,19,20,22,23,24,25
3135,4,1,4,5,6,7,9,12,15,16,17,18,21,23,25
3135,5,1,2,3,4,6,7,9,12,13,14,15,16,22,23
3135,6,1,2,4,5,6,7,10,11,13,14,17,20,21,22
3135,7,3,6,7,10,11,13,14,18,19,20,22,23,24,25
3136,1,2,3,5,7,9,10,12,13,17,18,21,22,23,25
3136,2,1,4,5,6,7,9,11,16,17,19,20,21,22,24
3136,3,1,4,5,6,8,10,11,15,17,19,20,22,23,24
3136,4,2,5,6,7,8,11,16,17,19,20,21,23,24,25
3136,5,1,2,5,6,8,9,11,15,16,20,21,22,23,24
3136,6,1,3,5,8,10,11,13,16,17,19,21,22,24,25
3136,7,2,3,4,5,6,7,8,11,13,14,16,20,21,23
3137,1,1,2,4,5,6,8,9,12,13,15,16,18,20,21
3137,2,5,6,7,12,14,16,17,18,20,21,22,23,24,25
3137,3,1,5,6,7,8,9,11,12,15,16,17,18,20,24
3137,4,2,3,5,6,9,10,11,12,14,17,18,22,24,25
3137,5,1,3,4,6,7,8,10,11,15,16,17,18,19,20
3137,6,2,4,5,6,7,8,12,14,15,16,18,19,21,24
3137,7,1,2,5,8,10,11,14,15,16,17,18,21,22,23
3138,1,1,6,9,10,12,13,14,16,18,19,21,23,24,25
3138,2,2,4,5,7,8,9,11,13,16,17,18,21,22,24
3138,3,1,3,8,10,11,12,14,15,17,19,21,22,23,24
3138,4,1,2,5,9,10,12,13,14,15,16,17,18,21,23
3138,5,2,4,5,6,7,9,11,12,16,17,19,20,22,25
3138,6,2,3,4,6,7,8,11,13,14,16,18,19,20,24
3138,7,1,3,5,6,7,9,14,16,17,18,20,21,23,24
3139,1,1,2,3,4,9,12,13,15,17,18,19,21,23,24
3139,2,1,3,4,6,7,11,14,18,19,21,22,23,24,25
3139,3,3,4,5,7,9,10,13,16,17,18,20,21,24,25
3139,4,3,5,8,9,11,14,16,17,19,20,21,22,24,25
3139,5,2,3,5,8,9,13,15,16,17,18,19,20,22,24
3139,6,1,4,6,7,8,9,10,13,16,17,18,21,22,25
3139,7,1,2,3,4,8,9,11,12,14,17,18,19,22,25
3140,1,1,2,3,6,7,8,11,12,13,16,18,21,22,25
3140,2,1,2,4,7,8,11,12,13,14,15,18,23,24,25
3140,3,1,2,3,5,6,7,8,10,14,15,16,17,21,24
3140,4,1,2,3,6,7,10,11,12,15,18,19,21,24,25
3140,5,1,3,4,5,12,13,14,15,16,19,20,21,23,25
3140,6,1,2,4,5,6,7,9,12,14,17,18,21,22,23
3140,7,2,4,7,9,10,11,14,15,17,18,19,22,23,25
3141,1,2,4,6,8,9,10,13,14,15,16,17,22,23,24
3141,2,1,2,4,5,8,9,10,12,13,16,17,18,24,25
3141,3,1,2,4,5,6,8,9,10,12,14,15,20,21,22
3141,4,1,5,9,11,13,14,16,17,18,19,20,21,22,25
3141,5,1,2,5,7,9,10,11,12,13,18,19,23,24,25
3141,6,1,3,4,5,8,9,10,12,14,18,19,20,24,25
3141,7,1,2,7,9,11,12,14,16,17,19,22,23,24,25
3142,1,1,2,6,7,10,12,14,16,17,19,20,21,22,24
3142,2,2,3,6,8,9,12,13,15,16,18,20,23,24,25
3142,3,1,2,3,4,6,7,9,10,11,13,15,16,18,25
3142,4,1,2,5,6,7,9,10,11,14,15,16,18,20,21
3142,5,1,4,5,6,8,9,10,14,16,18,19,20,21,23
3142,6,2,3,4,5,6,7,8,9,11,14,15,18,20,21
3142,7,2,3,4,5,7,8,11,12,13,14,15,17,21,25
3143,1,1,2,4,6,7,8,11,13,14,16,17,21,23,24
3143,2,2,7,8,10,11,12,14,15,16,18,19,20,22,24
3143,3,1,2,3,4,5,6,10,11,12,13,14,16,18,21
3143,4,1,3,5,6,8,10,11,14,16,17,18,19,21,22
3143,5,3,5,7,8,9,10,11,12,13,15,21,22,23,25
3143,6,1,2,5,6,8,11,12,13,14,15,18,20,23,24
3143,7,2,6,7,8,9,10,12,13,15,16,18,19,22,25
3144,1,1,2,3,9,11,13,14,17,19,20,21,22,24,25
3144,2,1,4,6,8,11,14,16,17,18,21,22,23,24,25
3144,3,2,3,4,5,9,10,11,13,15,16,17,19,21,24
3144,4,4,7,12,13,14,15,17,19,20,21,22,23,24,25
3144,5,1,2,4,5,6,8,10,11,12,20,21,22,23,25
3144,6,1,4,5,6,7,8,12,14,16,17,19,20,21,24
3144,7,1,2,4,6,10,11,15,16,17,21,22,23,24,25
3145,1,1,7,8,9,12,13,15,16,17,19,21,22,23,25
3145,2,1,5,7,8,9,10,11,12,14,17,18,19,20,24
3145,3,3,4,7,9,10,11,12,13,14,15,16,17,19,22
3145,4,1,3,6,7,10,11,13,14,16,20,21,22,23,25
3145,5,1,2,4,5,6,7,9,12,15,16,17,18,21,23
3145,6,1,2,4,9,11,12,13,14,16,18,20,21,24,25
3145,7,1,3,4,6,7,8,9,10,11,12,16,18,20,21
3146,1,3,4,5,6,7,9,11,13,14,17,18,20,23,25
3146,2,1,2,3,4,7,8,9,11,12,13,17,18,21,24
3146,3,3,4,7,8,10,11,12,13,16,17,18,19,20,22
3146,4,1,2,5,6,7,9,10,12,15,17,21,23,24,25
3146,5,1,3,4,6,7,8,10,12,13,16,17,19,21,22
3146,6,3,4,6,7,8,12,14,15,16,17,18,19,21,22
3146,7,1,6,7,9,10,12,13,14,16,17,18,22,24,25
3147,1,1,3,5,7,10,12,14,15,17,18,20,21,22,25
3147,2,2,5,7,8,9,10,11,15,16,17,18,21,22,25
3147,3,1,3,4,5,7,10,12,14,16,19,21,22,23,25
3147,4,1,2,3,4,7,10,11,13,14,16,18,19,23,25
3147,5,1,6,7,8,11,12,14,15,16,18,21,22,23,24
3147,6,1,3,4,5,8,11,12,15,18,19,20,22,23,24
3147,7,6,7,10,13,15,16,17,18,19,20,21,22,23,25
3148,1,1,2,3,4,5,7,8,10,15,16,19,22,23,25
3148,2,2,3,6,7,10,12,13,14,15,16,17,19,21,23
3148,3,1,2,4,5,6,8,10,12,14,15,17,18,20,22
3148,4,2,3,4,5,8,10,12,13,14,15,18,20,21,25
3148,5,3,4,6,7,11,12,13,14,15,16,19,20,21,24
3148,6,2,3,4,5,9,10,12,14,15,16,17,18,22,25
3148,7,1,4,6,7,9,11,12,14,16,19,20,21,23,25
3149,1,2,3,5,6,7,8,10,12,17,19,20,22,23,25
3149,2,2,3,5,6,8,10,14,15,16,17,18,23,24,25
3149,3,1,2,3,4,5,11,12,13,14,15,18,19,21,22
3149,4,1,2,4,6,8,10,12,14,16,18,20,22,23,24
3149,5,3,4,5,6,8,9,11,12,16,17,20,21,22,24
3149,6,1,2,3,5,6,8,11,13,14,19,20,21,24,25
3149,7,3,4,7,9,10,11,13,15,18,19,20,21,22,25
3150,1,1,2,4,6,8,10,12,13,15,17,19,21,22,23
3150,2,1,2,3,4,9,10,11,15,17,19,20,21,24,25
3150,3,2,3,4,6,7,10,14,15,16,19,20,21,22,23
3150,4,2,7,9,10,12,13,14,17,18,20,21,22,23,24
3150,5,2,4,6,8,9,10,11,12,14,16,17,18,21,22
3150,6,1,3,4,5,7,9,10,12,14,15,19,23,24,25
3150,7,5,6,7,9,10,11,13,14,16,18,21,22,24,25
3151,1,1,2,3,4,7,8,11,13,15,16,19,20,23,24
3151,2,2,4,7,13,14,15,16,17,18,20,21,23,24,25
3151,3,2,4,6,7,11,12,13,17,19,20,21,22,23,24
3151,4,1,2,4,5,6,8,9,11,13,14,15,20,21,25
3151,5,1,4,6,8,9,13,14,15,16,19,20,21,22,24
3151,6,1,3,4,6,8,9,10,16,18,20,22,23,24,25
3151,7,2,3,4,5,7,9,10,11,12,19,21,23,24,25
3152,1,1,4,5,6,8,9,10,12,13,18,21,23,24,25
3152,2,1,4,5,8,10,13,15,17,18,20,21,23,24,25
3152,3,1,3,6,7,12,13,14,15,16,19,20,21,22,25
3152,4,2,4,5,6,7,9,10,14,16,17,20,22,23,24
3152,5,1,2,4,8,10,11,15,16,17,19,20,21,23,25
3152,6,2,3,4,5,6,9,10,12,17,18,20,21,23,24
3152,7,1,2,4,5,6,7,8,12,17,18,22,23,24,25
3153,1,1,2,3,5,7,9,11,14,16,18,19,21,22,25
3153,2,1,4,5,6,7,8,10,11,12,15,16,17,19,20
3153,3,1,3,5,11,12,13,14,16,17,18,19,20,22,25
3153,4,1,3,6,9,12,13,14,15,16,21,22,23,24,25
3153,5,1,2,4,5,6,7,9,10,13,16,18,19,23,24
3153,6,2,3,5,6,7,8,10,11,18,19,20,21,24,25
3153,7,1,3,4,5,6,7,8,10,13,15,16,19,23,25
3154,1,1,3,4,5,6,7,8,10,14,16,19,20,21,23
3154,2,2,3,5,6,7,8,10,11,12,14,17,21,22,23
3154,3,1,3,4,5,7,9,11,12,14,15,18,20,21,23
3154,4,3,6,8,10,11,12,14,15,17,18,19,20,21,23
3154,5,5,6,7,9,10,12,13,14,15,18,19,20,21,23
3154,6,3,4,5,7,8,9,12,13,16,17,18,21,23,25
3154,7,2,3,6,8,9,12,13,14,16,19,20,21,22,25
3155,1,3,7,8,9,10,11,12,13,18,19,20,21,22,24
3155,2,2,3,5,9,10,11,14,15,17,18,19,21,22,25
3155,3,4,6,8,9,11,14,16,17,18,19,21,23,24,25
3155,4,1,3,4,5,6,11,13,14,15,16,18,20,21,24
3155,5,4,5,6,7,8,9,11,12,14,19,20,22,24,25
3155,6,1,4,5,6,7,8,9,12,13,14,16,17,18,25
3155,7,2,5,6,7,9,12,13,15,17,19,21,23,24,25
3156,1,1,3,4,5,6,7,8,9,11,17,18,19,21,25
3156,2,1,2,3,6,7,8,10,12,13,17,20,21,24,25
3156,3,2,3,4,5,7,11,12,13,14,16,18,21,23,24
3156,4,1,2,5,6,7,9,10,13,15,16,18,21,22,25
3156,5,1,2,5,6,10,11,12,13,15,19,20,21,22,24
3156,6,3,4,6,7,9,11,12,13,14,16,17,22,23,24
3156,7,1,2,3,4,8,12,13,14,16,17,18,23,24,25
3157,1,3,4,6,8,10,12,14,16,17,18,19,20,22,23
3157,2,2,3,7,8,9,12,13,15,17,18,20,21,22,25
3157,3,2,3,6,7,8,9,10,11,12,15,18,22,23,24
3157,4,4,6,7,8,10,12,15,16,19,20,21,22,24,25
3157,5,3,5,8,9,10,11,13,17,18,19,20,21,22,25
3157,6,2,3,5,6,8,9,12,13,14,15,19,20,21,24
3157,7,1,4,5,7,10,11,14,16,17,18,19,21,22,25
3158,1,3,4,7,8,9,10,11,12,15,17,18,19,21,24
3158,2,1,2,5,8,9,13,14,15,16,17,18,22,24,25
3158,3,2,5,7,8,9,10,11,14,17,19,20,21,22,25
3158,4,1,2,3,8,10,12,14,15,16,19,20,22,23,25
3158,5,1,3,7,8,9,10,11,12,14,16,17,18,21,25
3158,6,2,3,4,5,8,10,11,12,14,15,16,19,21,23
3158,7,3,4,5,6,8,9,10,11,15,17,18,19,22,24
3159,1,3,5,8,9,11,12,13,14,16,17,21,22,24,25
3159,2,1,2,5,6,8,9,12,13,15,16,18,20,22,25
3159,3,1,4,5,6,8,9,12,14,15,17,19,21,23,24
3159,4,1,3,5,6,8,10,14,15,16,18,21,22,23,25
3159,5,1,2,3,4,5,6,10,15,16,17,19,21,23,24
3159,6,1,2,4,7,8,9,13,15,16,17,19,21,23,25
3159,7,4,5,6,9,10,11,15,16,17,19,20,21,23,24
3160,1,1,2,4,8,10,13,14,15,16,18,21,23,24,25
3160,2,2,5,7,8,9,13,15,16,19,20,21,22,24,25
3160,3,1,3,4,6,8,10,11,12,14,17,18,20,21,25
3160,4,3,4,5,7,11,12,13,16,17,18,19,20,21,25
3160,5,3,4,5,9,10,13,14,16,17,19,20,22,24,25
3160,6,2,4,5,6,8,9,10,15,16,17,19,21,24,25
3160,7,1,5,6,7,8,9,10,11,12,15,17,21,22,23
3161,1,1,2,4,6,7,8,12,13,15,17,18,22,23,25
3161,2,1,4,8,10,11,12,13,14,15,17,20,21,22,24
3161,3,3,5,7,10,11,12,13,14,15,16,17,20,21,25
3161,4,1,2,5,7,8,10,11,13,14,15,16,17,19,20
3161,5,1,3,4,7,10,11,12,14,15,16,18,19,21,24
3161,6,2,3,4,5,7,8,10,11,12,15,16,18,21,24
3161,7,1,2,3,5,8,12,14,15,18,19,20,23,24,25
3162,1,2,3,5,6,7,12,14,16,20,21,22,23,24,25
3162,2,1,2,3,4,5,7,8,13,14,16,19,20,21,24
3162,3,1,2,3,5,7,9,10,11,12,13,16,17,19,20
3162,4,3,4,6,7,9,11,13,14,15,19,21,22,23,24
3162,5,1,5,7,8,9,10,13,14,17,18,20,21,22,25
3162,6,1,3,5,8,9,10,12,13,14,17,19,21,22,23
3162,7,1,2,3,4,6,9,11,12,15,16,17,21,22,24
3163,1,1,3,6,7,8,10,11,14,18,20,21,23,24,25
3163,2,1,5,6,7,8,9,10,13,15,19,21,22,23,25
3163,3,4,5,6,7,9,10,11,15,16,17,18,20,23,25
3163,4,2,4,6,7,9,13,14,15,19,20,21,22,23,25
3163,5,2,3,4,7,8,9,10,11,14,15,16,18,21,25
3163,6,2,4,5,6,9,10,12,13,15,17,21,22,23,24
3163,7,2,4,6,8,11,12,13,14,15,16,18,19,22,23
3164,1,1,2,3,5,8,9,10,13,15,16,18,20,23,24
3164,2,1,3,4,7,8,10,11,12,17,20,21,22,24,25
3164,3,3,6,7,8,11,12,13,15,16,17,18,20,21,24
3164,4,1,3,5,7,8,11,12,14,15,18,20,21,23,25
3164,5,1,2,3,5,6,9,10,13,14,15,16,18,24,25
3164,6,1,3,4,5,6,7,13,17,19,20,21,22,23,24
3164,7,2,3,4,5,9,10,12,13,15,17,18,23,24,25
3165,1,1,2,3,5,7,10,11,14,16,17,18,19,21,23
3165,2,5,7,8,9,10,11,12,14,15,17,18,22,23,25
3165,3,1,2,3,5,6,7,9,10,11,13,18,20,21,25
3165,4,1,2,3,5,6,7,9,14,15,16,17,20,21,23
3165,5,1,2,3,4,6,8,9,10,12,16,18,20,23,25
3165,6,1,4,5,6,9,10,12,15,16,18,19,21,24,25
3165,7,1,2,3,4,5,7,11,12,16,17,19,21,22,24
3166,1,2,3,4,8,9,11,13,15,19,20,21,22,23,25
3166,2,2,3,4,5,6,8,12,13,14,15,17,19,21,24
3166,3,4,6,7,8,9,10,13,15,16,19,21,22,23,24
3166,4,2,5,6,8,10,13,17,18,19,20,21,22,23,24
3166,5,3,5,6,10,11,12,13,14,15,18,19,20,21,23
3166,6,2,4,5,11,12,13,15,17,18,20,22,23,24,25
3166,7,2,5,6,8,9,10,11,12,13,16,17,20,24,25
3167,1,1,2,3,8,11,12,13,14,16,17,18,21,22,25
3167,2,5,6,7,8,10,14,15,16,18,19,21,23,24,25
3167,3,2,3,5,8,9,11,12,14,15,16,17,20,22,23
3167,4,1,2,3,6,7,11,13,14,17,20,21,22,24,25
3167,5,2,3,4,5,6,9,10,11,13,14,15,16,24,25
3167,6,2,3,4,6,10,14,17,19,20,21,22,23,24,25
3167,7,3,4,7,10,11,14,15,16,17,18,22,23,24,25
3168,1,1,2,4,7,8,9,10,14,16,17,20,21,24,25
3168,2,1,2,3,4,5,11,12,14,16,18,20,22,23,25
3168,3,1,2,4,7,8,11,13,14,15,16,17,22,24,25
3168,4,2,3,4,6,7,8,9,13,16,17,19,20,24,25
3168,5,1,2,4,5,8,9,10,13,16,17,20,21,23,24
3168,6,1,3,8,9,10,12,13,15,16,17,18,20,21,22
3168,7,3,7,8,9,12,13,14,15,16,20,21,22,24,25
3169,1,4,5,7,8,9,12,14,15,16,18,20,21,24,25
3169,2,1,2,5,7,8,9,11,15,16,20,21,22,23,24
3169,3,1,3,6,8,9,10,13,15,16,17,19,21,22,24
3169,4,3,5,7,8,9,10,11,14,16,17,18,19,21,24
3169,5,2,3,6,9,11,12,13,14,15,16,20,21,22,25
3169,6,1,2,3,4,5,6,7,9,11,12,16,17,19,23
3169,7,2,3,5,6,7,8,11,12,13,15,17,20,21,23
3170,1,1,2,5,6,7,9,10,13,17,18,19,21,24,25
3170,2,1,2,3,4,7,8,10,12,17,18,19,20,21,23
3170,3,1,3,4,8,10,11,13,14,15,16,18,19,23,24
3170,4,1,2,4,6,7,9,13,14,15,17,20,21,22,25
3170,5,1,3,4,8,10,11,12,13,15,16,17,19,21,25
3170,6,1,4,6,8,9,11,12,14,16,18,21,22,23,25
3170,7,2,3,4,5,6,7,14,16,19,21,22,23,24,25
3171,1,1,3,4,5,6,7,10,11,12,15,17,20,21,23
3171,2,2,4,5,6,8,9,10,11,12,13,16,19,21,24
3171,3,1,2,3,4,6,8,12,13,14,15,17,22,23,24
3171,4,1,2,3,5,6,8,9,12,17,19,21,22,24,25
3171,5,1,2,3,4,7,8,10,11,13,15,18,20,21,22
3171,6,1,2,7,8,10,11,12,13,15,17,18,22,24,25
3171,7,4,5,7,12,14,15,18,19,20,21,22,23,24,25
3172,1,1,2,4,5,9,14,15,16,18,19,22,23,24,25
3172,2,1,4,5,6,7,8,9,11,14,15,18,23,24,25
3172,3,2,6,8,9,10,11,13,14,17,20,21,22,23,24
3172,4,1,3,5,6,7,8,9,12,13,17,18,19,24,25
3172,5,1,2,6,7,8,9,10,12,14,15,17,20,24,25
3172,6,1,4,5,8,9,11,13,15,17,18,21,23,24,25
3172,7,1,4,5,6,9,10,11,12,13,18,19,21,24,25
3173,1,1,4,6,7,8,9,10,11,12,18,20,22,24,25
3173,2,2,3,4,6,10,11,16,17,18,20,21,22,23,25
3173,3,1,3,6,8,10,11,16,17,18,19,20,21,23,24
3173,4,1,2,4,5,6,10,13,15,16,17,19,21,24,25
3173,5,1,5,6,10,13,15,16,17,19,20,21,23,24,25
3173,6,1,3,5,8,9,10,11,12,13,16,18,20,24,25
3173,7,7,8,9,11,12,13,14,16,19,20,21,23,24,25
3174,1,1,2,3,5,6,9,12,14,15,16,17,19,20,22
3174,2,1,4,5,8,10,11,13,14,15,16,17,19,22,23
3174,3,1,2,3,4,7,10,12,13,15,16,18,22,23,25
3174,4,2,3,7,8,9,11,14,15,16,17,19,20,22,25
3174,5,3,5,6,7,8,11,12,15,16,17,19,21,23,25
3174,6,3,5,6,8,10,11,12,15,16,18,19,20,21,25
3174,7,2,4,5,6,12,13,16,17,18,19,20,21,22,25
3175,1,2,5,6,8,9,10,11,12,14,15,18,19,21,24
3175,2,3,4,5,8,9,10,12,13,14,15,16,18,19,23
3175,3,2,3,4,6,7,12,14,16,17,18,20,21,22,23
3175,4,4,5,7,9,10,11,13,14,16,17,19,20,24,25
3175,5,1,2,4,5,6,8,11,14,16,17,19,22,23,24
3175,6,1,2,3,4,5,7,8,11,12,13,15,16,17,21
3175,7,1,3,6,8,9,10,11,13,15,16,20,21,24,25
3176,1,1,2,4,6,7,8,11,13,14,16,22,23,24,25
3176,2,1,3,4,8,10,11,12,14,15,17,18,21,24,25
3176,3,1,2,3,6,7,8,10,14,16,17,19,21,22,25
3176,4,1,2,3,5,6,8,10,12,14,15,18,22,23,24
3176,5,1,2,6,7,8,10,11,12,14,16,18,19,22,24
3176,6,1,2,7,10,11,12,14,15,18,19,20,22,23,24
3176,7,2,3,6,9,10,11,15,16,17,18,20,23,24,25
3177,1,2,3,6,10,11,15,16,17,18,20,21,22,23,24
3177,2,1,3,7,8,9,10,13,16,17,19,21,23,24,25
3177,3,1,6,8,9,10,12,14,16,17,19,20,21,24,25
3177,4,1,3,4,5,6,8,9,11,13,15,17,20,21,24
3177,5,2,4,7,8,12,14,15,16,17,18,19,21,23,24
3177,6,2,4,5,6,9,11,13,14,15,16,17,18,19,24
3177,7,3,4,6,7,10,11,12,14,15,16,20,22,24,25
3178,1,1,4,7,8,9,13,15,16,17,18,19,21,22,23
3178,2,1,2,3,6,11,13,15,16,17,18,19,20,22,23
3178,3,1,2,3,5,9,11,12,14,16,18,19,20,21,24
3178,4,1,6,9,11,12,14,15,16,17,21,22,23,24,25
3178,5,1,3,4,6,9,10,12,13,15,17,18,21,22,25
3178,6,1,2,3,4,5,6,7,9,10,13,16,17,22,25
3178,7,5,6,8,10,11,12,13,14,15,16,18,19,24,25
3179,1,1,4,5,7,10,12,13,14,15,16,18,19,20,22
3179,2,1,3,4,5,6,7,8,11,12,13,14,17,21,24
3179,3,1,2,5,6,7,9,10,12,13,15,16,18,22,24
3179,4,2,4,5,6,10,11,12,13,14,16,19,20,21,23
3179,5,1,4,5,6,9,10,12,14,16,20,21,22,23,25
3179,6,2,3,4,6,7,9,10,11,14,18,20,21,24,25
3179,7,3,4,5,6,8,12,16,17,18,20,22,23,24,25
3180,1,1,3,8,9,12,13,16,17,18,19,20,21,23,25
3180,2,2,4,5,9,10,11,13,16,17,18,19,20,21,24
3180,3,1,2,3,5,6,7,8,9,10,14,15,19,20,21
3180,4,1,2,7,8,10,11,12,14,15,16,17,19,20,23
3180,5,2,5,6,7,8,11,12,13,14,17,19,21,22,25
3180,6,2,3,7,8,9,10,13,16,17,18,19,22,24,25
3180,7,1,3,7,12,14,15,16,18,19,21,22,23,24,25
3181,1,1,2,3,4,5,8,12,15,18,19,20,21,22,24
3181,2,1,3,4,5,9,11,12,14,15,16,18,19,20,23
3181,3,1,8,10,11,13,14,15,16,19,20,21,23,24,25
3181,4,1,3,4,5,6,7,12,13,18,19,20,22,24,25
3181,5,1,2,5,8,11,12,13,14,15,17,20,21,22,24
3181,6,1,4,5,6,7,8,9,10,11,13,14,15,20,21
3181,7,1,4,7,8,9,10,11,12,17,18,19,21,22,23
3182,1,2,3,4,5,6,11,12,13,14,15,19,21,23,24
3182,2,2,3,8,9,10,11,12,14,15,16,17,20,22,24
3182,3,1,2,3,4,6,11,12,16,17,18,19,20,23,24
3182,4,1,4,5,7,9,11,13,14,16,17,18,20,21,23
3182,5,3,4,6,7,8,9,11,12,13,18,19,20,21,24
3182,6,2,3,5,7,8,9,11,13,15,16,17,21,23,25
3182,7,1,6,7,8,9,11,12,13,14,16,21,22,24,25
3183,1,1,3,4,6,7,8,9,10,11,13,14,16,20,21
3183,2,1,3,4,5,6,8,10,11,17,18,19,20,24,25
3183,3,1,2,4,6,7,8,9,12,15,16,17,18,21,25
3183,4,4,5,9,10,11,12,14,15,16,17,18,21,23,25
3183,5,1,2,3,4,6,8,9,10,14,15,17,18,22,23
3183,6,1,4,7,8,9,10,13,14,17,18,21,23,24,25
3183,7,1,2,3,4,5,7,8,11,13,16,19,20,22,23
3184,1,2,3,4,5,10,12,15,17,18,19,20,21,22,25
3184,2,4,6,7,8,11,12,13,14,16,20,21,22,24,25
3184,3,1,3,4,5,7,9,10,11,12,13,14,19,20,21
3184,4,3,4,7,8,9,10,11,13,16,17,20,21,22,25
3184,5,1,2,7,8,9,10,12,13,16,18,19,22,23,24
3184,6,1,3,4,5,6,7,9,11,12,17,19,20,23,24
3184,7,3,4,5,7,8,9,10,12,14,16,17,20,21,22
3185,1,2,5,6,8,9,10,12,13,16,17,19,23,24,25
3185,2,2,3,5,7,10,11,12,13,14,15,19,20,21,22
3185,3,1,2,4,6,7,10,11,12,13,19,20,21,22,23
3185,4,1,2,3,4,5,7,8,12,13,15,17,21,23,25
3185,5,1,2,4,5,7,9,13,14,15,16,17,18,19,25
3185,6,1,6,7,8,10,11,12,13,15,20,21,22,23,25
3185,7,1,2,3,5,6,9,10,11,16,20,22,23,24,25
3186,1,2,6,7,8,9,10,11,12,14,18,19,23,24,25
3186,2,2,3,7,9,10,12,15,16,18,19,21,23,24,25
3186,3,2,4,5,6,7,10,12,13,16,17,18,19,21,25
3186,4,3,4,5,8,9,11,13,17,18,19,20,23,24,25
3186,5,1,4,5,7,9,11,12,14,17,19,21,23,24,25
3186,6,1,3,6,7,9,11,13,14,15,17,20,21,22,25
3186,7,1,2,4,6,8,9,12,14,15,17,18,20,24,25
3187,1,2,4,5,6,8,9,11,13,16,17,19,20,22,25
3187,2,1,4,7,9,10,12,13,14,15,18,20,22,23,24
3187,3,4,5,7,10,12,15,16,17,18,19,20,23,24,25
3187,4,1,3,7,9,10,13,15,18,20,21,22,23,24,25
3187,5,1,3,4,8,11,12,13,14,15,17,18,19,20,25
3187,6,3,5,7,9,13,14,15,16,17,19,21,23,24,25
3187,7,1,2,3,4,5,7,10,11,12,14,19,21,23,24
3188,1,1,4,5,9,10,11,15,16,17,19,20,22,23,24
3188,2,2,3,4,7,8,9,10,11,16,18,19,22,23,24
3188,3,1,3,4,6,7,8,10,11,12,15,16,20,23,25
3188,4,3,4,6,8,9,10,11,12,17,19,20,21,23,25
3188,5,2,3,5,9,11,12,13,15,17,19,20,21,22,24
3188,6,2,3,4,6,10,12,13,15,16,17,18,19,20,25
3188,7,1,3,7,9,11,12,14,15,18,19,22,23,24,25
3189,1,1,2,3,7,8,10,14,17,19,20,21,23,24,25
3189,2,1,5,6,7,9,11,13,14,15,16,17,18,21,25
3189,3,1,5,6,8,10,14,15,16,18,20,21,22,23,24
3189,4,2,3,4,6,8,11,14,15,17,18,20,21,22,24
3189,5,1,3,5,7,9,10,13,14,15,20,21,22,23,24
3189,6,3,6,8,9,10,13,15,18,19,20,21,22,23,25
3189,7,1,2,3,4,7,8,9,11,12,16,17,18,22,23
3190,1,1,2,3,4,5,6,7,8,13,17,18,19,21,23
3190,2,2,3,4,5,7,12,13,16,17,18,19,21,23,24
3190,3,1,2,6,8,9,13,14,18,20,21,22,23,24,25
3190,4,1,3,5,7,10,11,13,14,15,17,18,19,21,24
3190,5,2,3,6,8,11,12,16,17,18,20,21,23,24,25
3190,6,1,2,3,9,10,12,14,17,18,19,21,22,23,24
3190,7,2,4,5,8,9,10,12,15,17,20,21,22,23,25
3191,1,1,2,3,4,6,7,8,9,17,18,22,23,24,25
3191,2,1,4,5,6,7,8,12,14,15,16,19,21,22,25
3191,3,3,4,6,8,9,11,14,15,16,18,20,21,22,24
3191,4,1,2,3,4,5,10,13,16,18,19,21,22,23,24
3191,5,1,2,3,5,11,13,15,16,18,19,21,22,24,25
3191,6,1,2,3,4,6,7,8,10,12,13,18,20,24,25
3191,7,2,3,6,9,10,11,14,15,19,21,22,23,24,25
3192,1,1,3,4,5,6,8,10,13,15,16,17,19,20,25
3192,2,1,2,3,5,9,10,13,15,16,18,21,22,23,24
3192,3,1,2,3,6,11,13,14,15,16,17,19,20,21,25
3192,4,5,6,7,8,9,10,12,13,16,19,20,22,23,24
3192,5,1,2,4,5,7,10,11,12,14,19,20,21,22,23
3192,6,1,2,3,4,7,9,10,11,13,16,18,19,21,23
3192,7,3,4,5,6,7,8,12,13,14,17,18,19,21,25
3193,1,1,4,6,7,9,10,12,14,15,16,17,18,22,24
3193,2,3,4,6,8,9,10,13,14,15,16,19,20,21,23
3193,3,2,4,6,7,8,9,10,12,15,17,19,21,23,24
3193,4,1,4,5,8,10,12,13,15,19,20,22,23,24,25
3193,5,2,4,5,7,8,9,11,15,18,19,20,21,22,23
3193,6,2,4,5,11,13,14,17,18,19,20,22,23,24,25
3193,7,1,2,3,6,7,8,9,10,12,15,17,18,23,25
3194,1,1,2,3,4,6,9,12,16,19,20,21,22,23,24
3194,2,3,6,7,8,11,13,15,16,19,20,22,23,24,25
3194,3,6,7,8,9,10,11,12,13,14,17,19,21,22,23
3194,4,3,4,5,7,8,13,16,18,19,21,22,23,24,25
3194,5,3,4,6,9,11,13,15,17,18,21,22,23,24,25
3194,6,1,2,3,4,6,7,8,13,16,17,18,22,23,24
3194,7,1,2,3,5,7,9,10,11,13,14,16,17,21,24
3195,1,1,2,3,5,6,10,12,13,14,15,19,20,22,23
3195,2,5,6,7,11,12,13,14,16,17,18,20,22,24,25
3195,3,2,3,4,8,9,10,12,13,17,18,19,21,23,24
3195,4,1,2,4,5,6,7,8,11,12,13,15,23,24,25
3195,5,1,5,6,8,11,13,14,16,18,20,21,23,24,25
3195,6,2,3,7,9,12,14,16,17,20,21,22,23,24,25
3195,7,3,4,7,10,11,12,13,14,15,16,20,21,22,23
3196,1,2,5,6,8,10,11,12,13,15,16,19,20,23,25
3196,2,1,3,4,5,7,8,9,13,14,19,21,22,23,24
3196,3,1,2,3,4,5,6,8,9,10,13,14,15,21,23
3196,4,2,3,6,11,13,14,15,17,18,19,20,22,23,25
3196,5,1,3,4,6,8,9,10,12,13,18,19,23,24,25
3196,6,3,4,7,8,9,10,13,14,15,17,18,19,20,24
3196,7,1,4,5,6,8,10,11,13,14,17,18,21,24,25
3197,1,3,5,6,7,9,10,12,15,17,19,21,22,23,24
3197,2,1,3,4,7,10,11,13,14,16,17,19,20,21,22
3197,3,3,7,9,10,11,12,15,17,18,20,21,22,23,24
3197,4,1,2,3,4,5,7,8,11,12,13,15,17,20,21
3197,5,3,7,9,10,11,13,15,17,20,21,22,23,24,25
3197,6,1,2,4,5,7,8,12,14,15,17,18,20,22,23
3197,7,1,2,3,5,9,10,11,12,14,18,19,20,22,24
3198,1,4,5,6,7,8,11,12,13,18,19,20,22,24,25
3198,2,2,3,4,6,8,9,10,12,13,14,15,16,19,21
3198,3,2,3,7,10,12,13,14,15,16,17,22,23,24,25
3198,4,2,5,7,8,10,11,12,14,15,19,20,23,24,25
3198,5,1,2,3,5,7,8,11,12,14,18,19,21,23,25
3198,6,1,5,6,9,10,11,14,16,17,18,20,22,23,24
3198,7,2,3,4,6,7,9,12,16,17,18,19,21,23,25
3199,1,1,4,5,6,8,10,13,14,15,17,18,19,22,25
3199,2,1,2,3,5,7,8,10,11,13,14,15,20,21,23
3199,3,1,2,3,4,6,7,8,9,10,12,18,20,22,24
3199,4,1,3,4,6,9,12,13,14,15,18,19,20,21,24
3199,5,3,5,6,7,8,9,11,14,17,18,20,22,24,25
3199,6,3,4,5,7,9,10,11,13,16,17,18,20,21,25
3199,7,1,8,10,12,15,16,17,19,20,21,22,23,24,25
3200,1,4,6,7,10,11,14,17,19,20,21,22,23,24,25
3200,2,1,2,5,8,10,11,14,18,19,20,21,22,23,25
3200,3,1,2,5,6,8,9,10,13,14,15,17,20,21,23
3200,4,2,5,7,8,10,12,13,17,18,19,20,21,22,24
3200,5,1,3,5,6,7,8,9,11,16,17,18,20,22,23
3200,6,1,2,4,5,6,7,11,13,17,18,19,20,23,24
3200,7,2,4,6,7,10,12,13,15,16,18,21,22,23,24
3201,1,1,2,4,6,9,10,12,14,17,18,19,20,22,25
3201,2,1,3,4,5,9,10,12,15,16,18,19,20,22,23
3201,3,3,5,7,10,14,15,16,17,18,20,21,22,23,25
3201,4,1,3,5,7,8,9,14,15,16,17,18,19,23,24
3201,5,3,5,9,10,11,12,13,16,17,18,19,23,24,25
3201,6,2,5,6,8,9,10,12,14,17,18,20,21,22,24
3201,7,1,2,3,7,9,12,16,17,18,19,20,21,23,25
3202,1,1,2,6,7,8,12,13,14,16,18,19,21,22,25
3202,2,1,3,4,7,8,11,12,14,15,17,18,20,22,23
3202,3,2,4,5,8,9,10,11,12,14,15,17,22,24,25
3202,4,1,2,4,6,8,9,10,11,13,18,19,22,23,25
3202,5,1,2,3,5,6,7,9,10,11,14,17,21,22,24
3202,6,1,3,6,10,11,12,13,14,15,19,20,21,22,23
3202,7,1,3,4,11,12,13,14,15,16,17,18,21,23,24
3203,1,2,3,4,6,7,8,9,10,11,16,18,20,21,22
3203,2,1,2,4,9,10,11,13,14,18,19,20,21,22,25
3203,3,1,2,4,8,10,12,14,15,18,19,20,22,23,24
3203,4,4,10,11,13,14,15,17,18,19,20,21,22,24,25
3203,5,2,3,5,9,11,13,14,15,16,17,19,20,22,25
3203,6,2,3,4,9,10,15,16,17,18,20,21,22,23,25
3203,7,1,4,5,9,10,12,13,15,19,20,21,22,23,24
3204,1,1,6,7,8,9,11,12,13,15,16,17,18,23,24
3204,2,1,2,3,4,5,9,12,13,14,16,19,21,22,23
3204,3,2,4,6,8,10,11,14,17,18,19,21,22,23,25
3204,4,2,3,7,9,12,13,14,15,18,19,20,22,24,25
3204,5,3,5,7,8,9,10,11,12,13,15,17,18,21,23
3204,6,2,3,5,7,8,9,12,13,14,16,17,20,23,24
3204,7,2,5,6,8,9,13,14,16,17,18,19,22,23,24
3205,1,2,4,7,8,12,13,14,15,16,18,19,20,21,22
3205,2,4,6,7,8,9,10,12,13,14,15,17,18,19,22
3205,3,1,2,3,10,12,13,14,15,18,20,22,23,24,25
3205,4,1,2,3,4,6,7,8,10,14,15,16,18,20,22
3205,5,1,4,5,8,9,10,12,13,14,16,17,22,23,24
3205,6,2,3,6,7,8,11,12,15,16,20,21,22,23,25
3205,7,1,2,6,7,8,9,12,14,17,18,21,22,23,25
3206,1,2,3,5,6,7,9,11,14,16,18,20,21,22,25
3206,2,1,6,8,9,11,13,15,17,18,19,21,22,23,25
3206,3,1,2,3,4,5,10,11,12,17,18,21,22,23,24
3206,4,2,3,4,5,7,10,11,14,16,18,19,21,23,25
3206,5,2,3,4,5,6,7,10,14,15,17,19,20,21,24
3206,6,1,2,3,4,5,9,13,14,15,17,20,22,24,25
3206,7,1,6,9,11,13,14,17,19,20,21,22,23,24,25
3207,1,1,2,3,5,6,7,8,10,11,12,13,14,23,25
3207,2,1,2,4,6,11,12,15,16,17,18,21,23,24,25
3207,3,2,3,9,11,12,14,15,16,18,19,20,21,24,25
3207,4,2,4,6,9,12,13,17,19,20,21,22,23,24,25
3207,5,2,4,5,6,7,8,9,10,17,18,21,22,24,25
3207,6,1,2,3,4,6,7,10,11,12,16,17,19,21,25
3207,7,2,3,6,7,8,9,10,11,15,18,19,22,23,25
3208,1,1,2,3,4,8,9,10,11,14,17,21,22,24,25
3208,2,1,2,3,5,9,12,13,14,15,16,17,19,21,24
3208,3,1,2,4,5,9,10,13,14,16,17,18,19,20,24
3208,4,2,6,7,9,11,12,13,16,17,19,20,21,22,24
3208,5,1,2,7,9,11,12,13,15,17,21,22,23,24,25
3208,6,2,9,11,12,13,14,15,17,19,20,21,22,23,24
3208,7,3,4,8,9,10,12,14,17,19,20,21,22,24,25
3209,1,1,2,4,5,6,8,10,12,13,14,15,18,23,25
3209,2,1,3,4,6,8,11,13,15,18,19,20,21,24,25
3209,3,1,5,8,9,11,12,13,16,17,18,21,22,24,25
3209,4,1,5,6,7,8,9,10,11,13,17,18,22,23,24
3209,5,3,4,6,9,10,13,14,16,17,20,21,22,24,25
3209,6,3,4,6,7,9,10,11,13,14,15,16,18,21,24
3209,7,2,4,5,6,8,9,10,11,12,17,18,20,22,24
3210,1,2,4,5,6,9,10,11,12,13,19,20,22,23,25
3210,2,2,3,7,9,10,11,13,14,15,16,20,22,24,25
3210,3,1,3,4,5,6,7,9,12,14,15,18,21,23,24
3210,4,1,3,5,6,8,11,13,14,15,18,21,22,24,25
3210,5,2,3,4,5,6,9,12,15,17,19,20,23,24,25
3210,6,1,2,3,4,6,7,8,10,14,15,19,21,22,24
3210,7,1,3,4,6,8,12,13,14,15,16,17,19,22,25
3211,1,3,4,6,8,12,13,14,15,17,18,19,22,23,24
3211,2,2,3,4,6,8,13,14,16,17,19,22,23,24,25
3211,3,2,4,5,7,11,14,15,16,17,19,21,23,24,25
3211,4,1,2,7,8,12,13,14,15,18,19,20,21,23,25
3211,5,1,2,3,4,5,7,8,12,14,15,17,18,23,24
3211,6,1,2,6,8,9,12,14,15,17,18,19,20,22,24
3211,7,2,3,5,6,11,13,14,17,18,19,20,21,22,23
3212,1,1,2,4,5,7,8,10,14,16,17,18,19,24,25
3212,2,3,4,9,10,11,12,14,18,19,21,22,23,24,25
3212,3,5,6,8,9,10,11,12,13,16,17,19,21,22,23
3212,4,1,5,7,9,10,14,15,16,17,18,21,22,23,24
3212,5,1,3,4,5,7,8,9,11,14,17,20,21,23,25
3212,6,1,5,7,9,11,12,13,14,15,16,18,19,21,25
3212,7,3,4,6,8,9,11,12,13,14,15,16,18,20,25
3213,1,2,4,5,6,9,12,13,14,15,16,17,18,21,25
3213,2,1,2,4,7,9,10,12,16,17,18,21,22,24,25
3213,3,3,4,6,7,9,10,16,17,19,20,22,23,24,25
3213,4,3,4,8,9,11,12,14,16,17,19,20,22,24,25
3213,5,2,4,6,7,8,10,11,12,13,15,18,23,24,25
3213,6,1,2,3,4,7,9,11,14,17,20,21,22,23,24
3213,7,1,4,5,6,7,8,9,10,13,14,15,20,21,24
3214,1,2,3,4,6,7,9,12,13,14,15,16,17,21,24
3214,2,1,2,3,6,7,9,10,11,12,13,14,17,22,23
3214,3,1,5,6,8,9,10,12,13,16,18,20,21,22,24
3214,4,1,2,4,6,10,13,15,17,18,20,21,22,23,25
3214,5,1,5,6,7,9,12,13,14,15,16,18,22,24,25
3214,6,1,3,4,5,8,10,11,14,15,16,17,22,23,25
3214,7,5,6,10,11,12,13,14,15,17,19,21,22,23,25
3215,1,3,4,5,6,7,9,10,13,14,16,17,22,23,24
3215,2,3,4,6,8,11,12,13,14,18,20,21,22,23,24
3215,3,3,4,6,10,12,14,15,16,17,19,20,21,22,24
3215,4,1,2,5,7,10,11,12,13,14,17,19,20,21,23
3215,5,1,3,5,7,8,10,12,14,16,18,19,22,24,25
3215,6,1,3,4,5,6,7,9,11,13,14,15,17,21,24
3215,7,2,4,5,6,9,10,12,13,16,17,19,20,23,25
3216,1,1,3,4,6,7,8,10,13,14,15,17,19,22,24
3216,2,4,6,7,8,9,11,13,15,16,17,18,21,22,25
3216,3,1,2,4,5,6,8,10,11,14,18,20,21,23,25
3216,4,1,3,5,6,8,9,10,11,13,14,15,21,22,25
3216,5,1,2,3,7,9,10,11,14,16,19,20,21,22,23
3216,6,1,2,3,5,6,8,10,11,14,16,18,19,20,21
3216,7,2,7,8,9,12,13,14,15,16,18,20,22,23,25
3217,1,1,3,6,7,8,11,14,15,16,17,18,20,23,24
3217,2,1,3,4,5,7,8,9,10,11,13,18,19,21,25
3217,3,4,5,6,10,11,12,13,16,17,18,19,20,23,24
3217,4,2,4,5,8,10,11,12,14,17,18,20,21,22,24
3217,5,1,3,6,8,10,11,12,13,14,17,18,21,23,25
3217,6,2,3,4,5,6,7,10,12,13,14,15,16,24,25
3217,7,1,4,6,7,8,9,12,15,16,17,18,19,20,23
3218,1,2,3,5,8,10,11,12,13,16,17,18,20,21,22
3218,2,3,4,5,6,7,11,12,13,15,16,18,19,21,24
3218,3,1,3,5,6,9,12,13,14,16,17,20,21,22,25
3218,4,1,2,6,8,9,10,11,12,13,16,19,20,21,22
3218,5,2,3,4,7,8,9,12,13,15,16,17,20,21,25
3218,6,2,4,6,7,9,10,11,14,15,16,21,22,23,25
3218,7,1,5,6,7,8,10,13,15,16,17,18,20,23,25
3219,1,1,3,4,5,6,11,13,14,15,16,19,20,21,22
3219,2,1,3,4,6,8,9,10,12,16,17,21,22,23,24
3219,3,1,4,6,8,10,12,15,16,17,18,19,20,21,24
3219,4,1,3,4,6,7,10,12,13,14,17,19,20,24,25
3219,5,1,3,5,6,7,9,12,14,15,17,18,23,24,25
3219,6,2,5,6,9,11,12,13,14,15,16,17,20,21,23
3219,7,1,4,7,10,12,14,15,16,17,18,19,20,22,24
3220,1,1,2,8,10,11,12,15,16,18,19,21,23,24,25
3220,2,2,4,6,7,8,12,13,14,15,16,19,20,22,25
3220,3,2,3,5,7,8,11,13,14,15,18,19,20,23,25
3220,4,1,2,3,5,8,10,12,13,16,17,18,19,20,21
3220,5,2,3,4,6,9,10,12,13,14,15,20,22,23,25
3220,6,4,5,9,10,11,12,14,16,17,18,19,21,23,24
3220,7,2,5,6,9,10,11,12,13,14,16,18,19,20,25
3221,1,1,2,3,4,5,7,8,10,11,12,14,17,19,24
3221,2,3,4,8,10,12,13,14,15,16,17,21,23,24,25
3221,3,3,5,7,8,10,11,14,15,16,19,22,23,24,25
3221,4,3,5,6,7,8,9,13,14,16,18,19,20,22,25
3221,5,1,2,4,8,9,10,13,14,15,16,17,18,24,25
3221,6,1,3,4,9,10,14,15,18,19,20,21,22,23,25
3221,7,1,2,5,10,12,13,14,15,17,18,20,21,22,24
3222,1,1,3,5,6,8,9,10,11,16,17,18,20,21,25
3222,2,3,4,5,6,8,12,13,14,15,16,17,19,21,25
3222,3,1,3,5,7,8,10,11,13,14,15,16,19,22,25
3222,4,1,3,4,6,7,8,9,11,12,15,19,20,23,25
3222,5,1,2,3,6,9,10,11,14,17,19,20,22,23,24
3222,6,1,3,5,6,7,8,11,13,15,18,20,21,22,24
3222,7,1,2,3,5,6,7,8,10,11,15,17,18,19,23
3223,1,1,4,5,6,8,10,11,12,14,15,18,22,23,25
3223,2,2,4,5,6,7,9,14,16,17,19,21,22,24,25
3223,3,4,5,6,8,10,11,12,13,17,18,19,21,23,25
3223,4,2,3,4,7,8,9,10,11,12,14,19,20,21,24
3223,5,1,5,6,10,12,13,15,16,17,18,19,21,24,25
3223,6,4,5,6,7,8,9,11,12,15,19,21,22,23,25
3223,7,1,2,3,4,5,6,8,9,12,13,15,16,18,19
3224,1,3,4,7,8,10,11,12,14,15,16,21,23,24,25
3224,2,5,7,8,9,10,12,13,14,16,19,20,21,22,24
3224,3,1,6,7,8,9,10,11,15,16,17,18,21,22,24
3224,4,1,4,5,8,10,12,13,14,16,17,18,19,22,24
3224,5,2,4,6,9,10,13,14,15,18,19,21,22,23,24
3224,6,3,4,5,6,7,9,12,13,14,15,18,19,20,21
3224,7,1,2,5,8,9,10,11,12,13,16,18,20,21,22
3225,1,5,6,7,8,9,10,11,12,13,14,18,21,23,25
3225,2,1,3,4,8,9,10,12,13,15,18,19,21,23,25
3225,3,2,4,5,6,7,10,13,14,15,16,17,23,24,25
3225,4,1,4,8,9,10,11,12,14,15,19,20,22,23,25
3225,5,1,2,3,7,9,10,11,12,15,16,21,23,24,25
3225,6,1,2,3,5,6,10,14,15,18,19,20,21,22,25
3225,7,1,4,5,6,8,9,10,13,15,17,19,22,23,25
3226,1,4,5,6,10,11,13,15,16,17,18,21,22,24,25
3226,2,1,2,5,6,7,9,14,16,20,21,22,23,24,25
3226,3,2,4,5,6,7,11,13,15,16,18,19,21,22,25
3226,4,2,3,4,6,8,10,11,15,17,18,21,22,23,24
3226,5,1,2,3,4,8,10,11,14,16,19,20,22,23,25
3226,6,1,2,3,5,6,7,8,11,12,15,16,21,22,25
3226,7,3,4,5,6,7,8,9,10,13,15,16,17,22,24
3227,1,1,8,9,11,12,14,16,18,19,20,21,23,24,25
3227,2,1,3,4,7,8,9,10,11,12,13,14,16,17,24
3227,3,1,2,3,4,5,8,10,14,15,16,20,23,24,25
3227,4,2,3,5,9,10,11,12,15,16,17,19,20,21,24
3227,5,1,3,4,6,8,10,11,13,14,15,17,20,24,25
3227,6,3,4,5,6,8,9,11,16,19,20,21,22,24,25
3227,7,2,3,6,8,10,11,12,15,16,17,18,20,21,24
3228,1,1,2,3,6,11,13,15,16,17,19,20,21,23,25
3228,2,1,2,3,4,5,8,9,10,14,15,17,18,24,25
3228,3,1,2,4,6,8,9,12,15,16,18,22,23,24,25
3228,4,2,5,7,9,10,11,14,15,16,18,20,22,24,25
3228,5,1,2,3,6,10,12,13,14,15,16,18,20,21,25
3228,6,1,2,4,6,7,8,12,14,15,16,17,20,21,24
3228,7,1,2,3,4,7,8,9,10,14,15,16,17,19,20
3229,1,1,3,5,6,7,9,10,11,13,17,20,23,24,25
3229,2,2,4,5,6,9,10,12,13,15,18,19,22,23,25
3229,3,2,3,4,7,9,11,12,13,14,15,16,21,23,24
3229,4,2,3,4,5,7,11,12,13,15,18,20,22,24,25
3229,5,2,5,7,8,10,11,12,13,16,17,19,20,21,23
3229,6,1,2,5,8,10,11,12,15,17,18,19,23,24,25
3229,7,2,3,4,5,6,8,13,14,15,17,18,21,24,25
3230,1,1,2,4,5,6,7,8,11,14,16,21,22,24,25
3230,2,1,3,8,10,11,12,13,17,18,20,21,22,23,24
3230,3,1,3,5,6,7,9,11,14,15,16,18,19,22,23
3230,4,4,6,7,8,11,12,13,14,16,17,18,19,23,24
3230,5,3,4,5,6,7,8,11,13,14,20,21,22,24,25
3230,6,1,2,5,6,7,8,11,13,16,17,21,22,24,25
3230,7,2,9,11,12,14,15,16,18,19,21,22,23,24,25
3231,1,1,2,3,4,7,9,10,12,14,15,16,19,20,24
3231,2,1,2,3,5,8,9,11,12,13,16,17,23,24,25
3231,3,2,4,5,6,7,8,10,11,12,13,14,15,16,22
3231,4,4,6,7,9,10,12,13,14,15,16,18,21,22,24
3231,5,5,6,7,8,9,10,13,14,15,16,18,20,24,25
3231,6,1,3,5,7,8,9,15,16,17,18,19,20,24,25
3231,7,1,2,4,7,8,11,13,16,17,18,19,21,23,25
3232,1,1,5,6,7,9,10,12,13,14,16,17,18,21,24
3232,2,1,2,3,4,5,8,11,12,13,15,18,19,20,22
3232,3,2,4,6,7,9,10,12,14,15,16,22,23,24,25
3232,4,1,5,6,7,8,10,12,14,16,17,18,19,20,23
3232,5,1,3,6,7,8,11,12,13,16,17,20,22,24,25
3232,6,2,4,5,9,10,11,12,14,17,18,19,22,23,24
3232,7,2,3,5,6,7,9,10,11,12,13,16,21,22,23
3233,1,2,4,6,8,9,10,11,15,17,18,20,23,24,25
3233,2,3,4,5,7,9,11,12,14,15,17,20,21,23,25
3233,3,3,4,6,7,8,9,11,13,15,16,17,23,24,25
3233,4,2,3,5,7,8,9,10,15,16,17,18,19,20,23
3233,5,1,2,7,8,9,11,13,17,18,19,21,22,24,25
3233,6,1,2,3,6,7,9,15,16,19,20,21,23,24,25
3233,7,2,5,6,9,11,12,13,14,16,17,18,22,23,24
3234,1,1,2,3,6,7,8,9,10,13,15,16,19,22,25
3234,2,1,2,3,6,8,9,10,12,13,17,22,23,24,25
3234,3,3,5,7,8,10,11,13,15,16,19,21,22,23,24
3234,4,2,3,6,8,9,13,15,16,17,18,19,23,24,25
3234,5,1,5,7,9,11,12,14,16,17,18,19,20,23,24
3234,6,1,2,3,5,6,8,10,12,14,17,18,21,23,25
3234,7,3,4,6,8,10,11,12,13,14,18,20,22,23,24
3235,1,1,2,3,4,6,7,8,12,13,14,17,19,20,25
3235,2,2,3,7,9,10,11,12,13,14,15,16,19,21,25
3235,3,2,5,6,7,8,9,11,14,16,17,19,20,24,25
3235,4,2,4,5,6,9,10,11,13,15,17,18,20,21,23
3235,5,4,6,7,9,11,13,15,17,18,20,21,22,24,25
3235,6,1,2,5,6,7,8,9,17,18,19,20,21,22,23
3235,7,1,6,8,9,13,14,15,16,20,21,22,23,24,25
3236,1,2,4,5,7,8,10,12,14,15,17,18,22,23,24
3236,2,2,6,8,9,10,13,14,16,17,18,20,21,23,24
3236,3,1,5,8,10,11,12,16,17,18,19,20,21,22,25
3236,4,3,4,7,9,10,12,15,17,18,20,22,23,24,25
3236,5,2,3,5,6,7,8,11,13,16,17,18,20,21,25
3236,6,1,3,4,5,6,7,9,11,12,13,14,15,22,25
3236,7,7,8,9,10,11,12,14,16,17,19,20,21,22,23
3237,1,1,3,5,6,7,8,10,12,13,15,16,20,23,25
3237,2,2,3,4,5,6,7,9,11,12,14,15,18,21,24
3237,3,4,5,6,7,9,11,13,15,17,19,21,22,24,25
3237,4,4,7,8,10,11,15,16,17,18,19,22,23,24,25
3237,5,1,2,3,4,6,10,12,13,14,16,19,22,23,25
3237,6,2,6,7,8,10,12,13,14,16,18,19,21,24,25
3237,7,1,3,5,7,8,13,14,15,17,18,19,20,22,25
3238,1,1,2,5,6,13,14,16,18,19,20,22,23,24,25
3238,2,1,3,5,8,9,10,13,14,17,18,21,22,23,24
3238,3,2,3,4,6,7,8,9,10,11,13,14,20,22,23
3238,4,1,4,5,7,10,11,13,14,15,17,19,23,24,25
3238,5,1,3,5,7,9,12,14,15,16,18,22,23,24,25
3238,6,3,5,7,8,9,11,13,15,16,17,18,19,20,24
3238,7,1,2,3,4,5,8,13,14,15,16,17,18,24,25
3239,1,2,3,4,8,9,10,12,13,17,18,19,20,22,24
3239,2,1,2,4,6,7,9,10,12,13,14,16,19,21,24
3239,3,1,4,5,7,8,11,12,13,17,18,19,21,23,25
3239,4,3,4,6,7,8,9,10,13,14,15,18,19,20,24
3239,5,2,3,4,6,7,8,9,10,12,14,17,18,23,24
3239,6,1,2,3,5,7,9,10,15,16,19,21,22,23,25
3239,7,1,3,4,5,7,10,12,15,16,17,19,20,21,24
3240,1,1,2,3,4,9,11,12,13,16,17,18,20,24,25
3240,2,1,4,6,7,10,11,12,14,17,18,19,21,22,24
3240,3,1,2,4,5,6,12,16,18,19,20,21,22,23,25
3240,4,1,2,6,8,9,10,12,13,15,17,19,22,23,24
3240,5,2,3,4,5,6,7,10,12,14,17,18,20,24,25
3240,6,2,3,5,7,9,11,13,15,16,17,18,19,22,25
3240,7,1,2,3,4,5,8,9,10,14,15,16,18,19,22
3241,1,3,5,6,7,9,11,14,15,16,20,21,22,23,24
3241,2,1,2,6,7,10,11,12,13,15,16,17,18,20,22
3241,3,1,5,6,8,10,11,12,13,14,15,18,19,21,22
3241,4,2,5,9,10,12,13,14,15,16,17,18,19,20,23
3241,5,1,2,5,7,9,13,14,15,16,18,19,20,22,25
3241,6,2,5,6,7,8,10,12,15,16,17,19,20,21,25
3241,7,3,4,5,6,7,9,13,16,18,19,20,23,24,25
3242,1,1,3,5,7,8,10,14,15,18,19,20,21,22,23
3242,2,3,4,5,7,8,9,10,11,14,16,20,21,23,24
3242,3,2,4,6,7,11,12,14,15,16,17,20,21,24,25
3242,4,1,2,5,6,7,11,13,15,16,18,19,21,23,25
3242,5,1,3,4,5,9,10,11,12,13,14,15,19,22,24
3242,6,2,3,5,6,7,8,9,13,18,19,20,22,23,24
3242,7,2,3,6,7,8,9,10,13,15,16,17,20,23,25
3243,1,1,2,6,8,10,11,12,14,16,17,18,23,24,25
3243,2,1,2,4,6,9,10,12,13,16,17,18,19,23,24
3243,3,2,4,6,7,10,11,12,14,16,18,19,20,22,24
3243,4,2,4,5,6,7,9,11,15,16,17,21,22,24,25
3243,5,2,5,7,8,9,10,11,14,16,18,20,22,23,25
3243,6,1,4,6,7,13,14,15,16,17,19,20,21,23,24
3243,7,2,3,5,6,7,10,12,13,16,17,18,22,23,24
3244,1,3,5,6,7,9,11,14,15,16,17,20,23,24,25
3244,2,1,3,6,7,8,9,13,15,18,19,20,21,23,24
3244,3,2,3,4,6,7,13,14,15,16,17,20,21,24,25
3244,4,3,5,9,12,13,14,15,16,17,19,20,23,24,25
3244,5,1,3,4,5,6,7,9,10,11,12,18,19,22,23
3244,6,1,2,3,6,10,11,13,14,15,16,18,22,23,25
3244,7,2,7,8,9,10,12,14,15,16,17,19,21,24,25
3245,1,1,3,5,6,7,8,9,10,15,17,20,21,22,25
3245,2,2,4,5,6,7,8,9,10,12,16,17,20,22,24
3245,3,1,3,5,6,7,8,10,11,13,18,19,22,24,25
3245,4,4,6,7,8,9,12,13,14,15,17,20,21,24,25
3245,5,4,5,6,8,11,12,14,15,16,17,18,22,23,25
3245,6,1,2,3,4,6,8,9,10,15,18,19,21,23,24
3245,7,4,6,7,8,11,13,14,17,18,19,20,21,24,25
3246,1,1,3,4,6,7,9,16,17,18,20,21,22,23,24
3246,2,2,5,9,10,11,12,14,17,19,20,21,22,23,25
3246,3,2,4,6,7,9,10,13,14,15,17,18,19,22,25
3246,4,1,2,4,5,8,11,12,13,15,18,20,21,23,24
3246,5,1,2,4,6,7,8,13,14,15,17,18,19,20,22
3246,6,1,2,3,4,5,6,9,13,14,15,20,21,23,25
3246,7,2,5,6,8,9,10,14,16,17,20,21,23,24,25
3247,1,1,3,4,6,7,8,9,10,13,14,20,22,23,25
3247,2,1,3,4,8,9,13,14,16,18,19,21,22,24,25
3247,3,1,2,3,4,8,11,12,13,15,18,19,22,24,25
3247,4,4,6,9,10,12,14,16,17,18,20,21,22,24,25
3247,5,1,3,5,8,9,10,12,13,14,16,17,20,23,24
3247,6,1,2,4,5,9,10,11,12,15,16,17,19,20,25
3247,7,1,2,8,9,12,13,14,15,16,17,18,19,21,23
3248,1,3,6,7,8,9,11,15,16,17,18,20,22,23,25
3248,2,2,4,6,9,11,12,13,15,16,17,18,19,23,25
3248,3,3,5,7,8,9,15,17,18,19,21,22,23,24,25
3248,4,1,2,4,5,6,8,9,12,14,15,20,21,22,24
3248,5,1,2,3,6,7,9,10,13,14,15,19,22,23,24
3248,6,4,6,7,9,11,12,13,14,15,16,17,21,23,25
3248,7,1,5,7,9,10,11,12,14,15,16,20,21,24,25
3249,1,2,5,8,10,11,12,14,17,19,20,21,23,24,25
3249,2,4,5,6,7,8,9,10,11,12,14,16,17,18,24
3249,3,1,2,3,7,8,9,10,12,13,16,17,18,24,25
3249,4,4,6,9,10,11,12,13,15,17,18,19,20,21,22
3249,5,1,4,8,9,10,11,12,13,14,16,17,21,23,24
3249,6,1,2,3,4,7,8,9,10,13,16,17,19,22,25
3249,7,1,3,5,7,12,13,14,15,16,17,18,21,22,23
3250,1,1,2,4,5,8,12,13,15,17,19,20,21,24,25
3250,2,1,2,3,4,5,8,9,14,16,17,18,19,22,25
3250,3,3,5,6,8,9,10,11,13,15,17,19,21,22,23
3250,4,1,3,4,8,10,11,14,15,16,17,18,19,23,24
3250,5,1,3,5,6,7,8,13,17,18,19,20,21,22,24
3250,6,1,2,5,6,7,8,9,11,12,13,16,17,23,25
3250,7,5,6,7,8,9,10,13,15,16,17,19,23,24,25
3251,1,2,3,4,6,7,8,9,10,18,19,20,21,24,25
3251,2,2,4,5,13,14,15,16,18,19,20,21,23,24,25
3251,3,1,3,4,6,7,9,10,14,15,16,17,18,21,23
3251,4,1,4,5,7,9,11,13,15,17,19,21,23,24,25
3251,5,2,4,6,8,9,11,12,13,15,17,18,21,24,25
3251,6,1,2,4,5,6,7,8,9,11,14,15,19,21,22
3251,7,1,2,4,6,7,8,9,11,12,15,18,19,20,24
3252,1,1,3,5,8,9,11,13,15,16,20,21,22,23,24
3252,2,2,3,6,7,8,10,11,12,15,16,19,21,22,24
3252,3,1,5,8,9,10,11,12,13,14,17,18,19,23,25
3252,4,2,4,5,9,10,11,13,15,17,19,21,23,24,25
3252,5,1,2,3,4,8,10,13,14,17,18,20,21,22,23
3252,6,5,6,7,8,9,11,13,14,15,16,17,18,20,22
3252,7,1,2,4,6,7,8,10,12,14,15,16,17,19,25
3253,1,2,5,6,9,10,11,12,13,15,17,18,19,20,22
3253,2,1,2,3,5,6,7,13,14,15,18,19,21,23,24
3253,3,1,3,4,6,8,10,12,13,14,15,17,19,22,23
3253,4,2,4,7,8,9,12,14,15,17,19,20,22,23,25
3253,5,1,3,4,5,6,10,12,13,15,16,18,20,21,23
3253,6,1,2,3,4,6,7,8,9,11,12,18,19,20,22
3253,7,1,2,3,6,11,13,15,16,17,21,22,23,24,25
3254,1,2,3,6,7,9,13,14,15,16,17,18,20,21,24
3254,2,1,2,3,7,8,9,11,14,17,18,20,22,24,25
3254,3,1,2,3,5,7,9,10,12,14,16,19,22,23,24
3254,4,1,2,3,5,7,8,9,13,15,16,21,22,23,24
3254,5,1,2,3,4,6,8,9,12,13,16,18,20,21,22
3254,6,4,5,6,7,9,11,12,16,17,19,21,23,24,25
3254,7,2,4,6,8,9,10,13,14,18,20,21,22,23,24
3255,1,1,5,7,8,11,12,13,14,16,17,19,22,23,25
3255,2,1,2,3,4,5,6,11,15,17,18,19,21,22,23
3255,3,1,2,5,9,10,11,14,16,18,19,20,22,23,24
3255,4,4,5,6,8,10,11,12,14,15,19,21,22,23,25
3255,5,2,5,10,11,13,14,15,16,17,18,19,22,23,25
3255,6,2,4,6,10,11,13,16,17,18,20,21,23,24,25
3255,7,2,3,4,6,7,8,10,12,14,15,18,20,22,24
3256,1,2,4,6,8,9,12,13,14,15,16,20,22,23,25
3256,2,1,6,9,11,12,13,14,15,17,18,19,21,24,25
3256,3,1,2,3,4,5,11,12,13,15,16,17,21,24,25
3256,4,1,2,3,6,10,11,13,14,15,19,20,21,22,23
3256,5,1,2,3,4,7,9,10,11,12,13,14,15,23,24
3256,6,3,4,9,10,12,13,14,16,17,18,19,20,22,23
3256,7,2,3,4,5,7,8,9,10,14,15,16,23,24,25
3257,1,3,9,10,11,12,13,14,15,17,18,19,22,23,24
3257,2,2,3,4,7,9,10,11,12,16,20,21,22,23,24
3257,3,1,4,5,7,10,12,17,18,19,21,22,23,24,25
3257,4,1,2,3,4,10,11,12,16,17,18,20,21,23,24
3257,5,1,10,11,12,13,14,15,17,20,21,22,23,24,25
3257,6,4,6,7,9,12,13,14,15,16,17,18,22,23,25
3257,7,1,4,6,8,9,11,15,16,17,20,21,22,23,24
3258,1,2,3,7,8,9,10,11,13,15,16,18,19,20,23
3258,2,1,6,9,10,15,16,17,18,19,20,21,22,23,25
3258,3,1,2,3,4,6,7,11,13,15,18,20,21,24,25
3258,4,2,3,4,8,9,10,11,12,13,14,16,19,21,22
3258,5,2,6,10,11,13,14,15,17,18,19,20,22,23,25
3258,6,2,4,5,7,8,13,14,15,16,19,21,22,24,25
3258,7,1,2,3,5,7,10,11,14,15,16,18,19,23,25
3259,1,1,3,5,7,9,10,12,13,14,18,20,22,23,24
3259,2,5,7,8,9,11,12,14,16,17,18,20,21,24,25
3259,3,3,4,5,6,8,9,10,14,16,17,18,21,22,24
3259,4,2,5,6,8,9,11,12,13,16,20,21,22,23,24
3259,5,1,2,3,4,9,10,15,16,18,19,20,21,22,25
3259,6,2,3,5,7,8,10,13,14,18,19,21,23,24,25
3259,7,1,4,5,6,7,8,13,14,16,19,20,21,22,23
3260,1,1,2,3,4,6,9,10,12,13,14,17,20,24,25
3260,2,3,4,5,7,8,9,10,12,15,16,17,19,22,25
3260,3,1,2,4,6,8,9,10,12,13,14,16,19,23,25
3260,4,1,2,4,8,12,13,15,16,17,18,19,20,22,25
3260,5,1,2,3,4,5,11,13,14,15,17,18,19,20,23
3260,6,1,2,5,7,10,11,12,13,14,15,18,20,21,24
3260,7,3,6,7,9,10,11,13,14,15,16,18,19,21,25
3261,1,1,2,3,6,7,10,11,12,13,14,16,18,22,24
3261,2,2,3,4,6,7,12,14,15,18,19,20,22,24,25
3261,3,2,3,5,8,10,12,15,16,18,19,20,21,22,24
3261,4,2,3,4,5,6,7,8,15,16,18,20,21,23,25
3261,5,1,2,5,7,8,10,12,13,18,20,21,22,23,25
3261,6,3,4,5,9,10,11,12,16,17,18,19,22,23,25
3261,7,2,4,5,6,8,9,11,12,13,15,17,21,24,25
3262,1,3,4,6,7,10,11,12,13,17,18,19,20,24,25
3262,2,2,3,4,5,8,9,11,13,17,18,20,21,24,25
3262,3,1,2,4,6,9,10,12,14,16,18,19,21,22,25
3262,4,1,4,5,6,7,8,11,12,14,15,17,19,22,25
3262,5,1,3,5,6,7,8,11,14,15,17,19,23,24,25
3262,6,1,2,5,8,9,10,11,12,13,18,20,21,23,24
3262,7,1,2,7,8,9,10,13,14,15,17,18,19,22,25
3263,1,1,8,10,12,13,14,15,16,17,18,20,22,23,25
3263,2,2,5,7,8,9,14,15,17,19,20,21,23,24,25
3263,3,2,3,5,6,9,11,13,15,16,17,18,19,20,23
3263,4,1,2,3,4,5,8,11,12,15,16,17,18,20,22
3263,5,2,4,6,7,8,9,10,11,13,14,16,18,21,24
3263,6,1,3,5,8,9,11,14,15,16,20,21,22,23,24
3263,7,1,4,8,9,10,11,12,14,15,16,18,21,22,24
3264,1,3,6,9,10,12,13,15,16,17,18,21,22,23,25
3264,2,1,2,3,8,9,10,11,12,15,18,20,21,24,25
3264,3,3,4,5,6,7,10,11,12,13,15,16,21,23,24
3264,4,1,6,7,8,9,10,11,12,15,17,19,22,23,24
3264,5,3,5,6,7,10,11,12,13,14,16,20,21,22,24
3264,6,1,2,3,5,8,11,12,14,15,16,18,22,23,24
3264,7,1,2,4,5,9,11,15,16,18,21,22,23,24,25
3265,1,1,2,4,6,7,8,10,13,16,17,19,22,23,24
3265,2,1,2,3,4,5,6,9,10,11,13,14,16,17,18
3265,3,7,8,9,12,13,14,15,16,17,18,19,20,22,25
3265,4,1,4,5,6,7,8,11,12,14,18,21,22,23,24
3265,5,1,3,4,5,11,12,13,16,17,18,19,21,23,24
3265,6,3,4,7,8,10,12,14,15,16,17,20,21,23,25
3265,7,2,3,4,8,9,10,11,14,17,19,20,21,23,25
3266,1,3,4,6,7,8,9,10,11,14,17,18,19,22,23
3266,2,2,3,5,8,12,13,14,16,17,18,19,21,22,23
3266,3,3,4,5,6,9,14,15,17,18,19,21,22,23,24
3266,4,1,2,3,4,5,6,8,14,15,16,19,20,23,25
3266,5,4,5,6,8,10,12,13,14,15,18,19,23,24,25
3266,6,1,3,4,5,6,10,11,16,17,18,20,21,22,23
3266,7,4,6,7,9,10,11,12,13,14,18,20,22,23,24
3267,1,1,6,7,8,9,12,14,16,17,18,19,20,24,25
3267,2,2,3,4,8,9,12,13,14,16,18,21,22,24,25
3267,3,1,2,3,4,8,9,12,13,14,15,16,20,21,24
3267,4,2,5,6,8,9,10,11,12,14,17,21,22,23,24
3267,5,3,7,9,10,11,12,13,15,16,17,20,21,23,24
3267,6,1,3,4,5,9,10,12,18,19,21,22,23,24,25
3267,7,1,5,6,7,10,11,13,14,16,17,19,23,24,25
3268,1,2,3,6,8,11,13,14,15,16,18,19,20,23,24
3268,2,1,2,3,4,9,10,11,14,15,16,20,21,23,25
3268,3,6,7,8,9,11,12,13,15,17,18,19,20,21,25
3268,4,2,3,5,6,7,11,14,15,16,17,19,20,22,24
3268,5,2,3,6,7,8,9,10,11,15,16,17,18,19,21
3268,6,1,2,3,6,7,8,9,10,14,17,18,19,22,25
3268,7,2,3,4,5,6,12,14,15,16,17,18,20,23,25
3269,1,2,3,6,7,8,10,11,12,14,17,20,21,22,24
3269,2,1,2,3,4,8,11,12,13,16,19,20,21,22,25
3269,3,1,2,3,6,8,9,12,13,15,17,18,19,20,21
3269,4,2,3,8,9,10,11,13,14,15,17,18,19,22,25
3269,5,1,3,4,5,6,10,16,17,18,20,21,22,23,24
3269,6,1,2,4,5,7,8,10,14,18,19,20,23,24,25
3269,7,2,3,4,5,7,9,11,13,15,16,20,21,24,25
3270,1,1,6,7,8,9,10,11,16,19,20,21,23,24,25
3270,2,2,3,5,6,7,9,11,12,13,14,18,22,23,25
3270,3,1,4,8,11,12,13,14,15,18,19,20,21,22,25
3270,4,3,4,5,9,11,12,13,15,17,18,22,23,24,25
3270,5,1,3,4,5,6,8,9,11,12,15,18,20,22,23
3270,6,1,2,3,5,6,9,13,15,16,17,20,21,22,25
3270,7,1,3,4,5,8,11,13,14,15,17,18,19,21,24
3271,1,4,6,11,13,15,16,17,18,20,21,22,23,24,25
3271,2,1,2,3,4,5,7,8,9,13,15,17,21,22,24
3271,3,1,5,6,7,8,9,10,12,13,14,15,20,23,25
3271,4,1,2,5,6,7,8,10,14,15,16,17,19,20,22
3271,5,1,2,3,5,6,7,10,11,15,17,19,20,21,22
3271,6,2,3,4,8,9,10,11,12,13,14,18,19,21,23
3271,7,3,4,5,6,11,12,13,15,16,17,20,21,23,25
3272,1,1,2,3,4,5,8,10,13,16,17,20,21,24,25
3272,2,2,3,4,5,6,7,11,12,17,18,19,20,23,24
3272,3,1,3,5,6,9,10,12,13,15,17,18,19,23,24
3272,4,1,2,3,4,5,8,10,14,15,18,19,20,23,24
3272,5,1,2,3,5,7,8,9,12,14,19,20,22,23,25
3272,6,1,2,3,5,7,9,10,13,16,17,18,21,22,23
3272,7,2,3,4,6,7,8,10,11,14,16,17,20,21,24
3273,1,2,3,4,6,8,9,11,13,14,17,19,22,23,24
3273,2,2,3,4,5,11,14,15,16,17,18,22,23,24,25
3273,3,1,2,5,6,9,10,11,13,16,17,19,20,21,24
3273,4,4,6,7,8,9,10,11,12,13,16,17,18,23,24
3273,5,2,3,4,5,8,9,12,14,15,16,20,22,23,24
3273,6,1,3,4,5,8,14,15,17,18,19,21,22,23,25
3273,7,1,4,5,9,10,12,13,17,18,19,20,23,24,25
3274,1,2,4,5,6,7,8,12,13,16,17,18,20,21,23
3274,2,1,2,3,4,6,8,9,11,13,15,16,19,20,25
3274,3,1,7,9,12,13,14,15,16,17,20,21,22,23,24
3274,4,1,3,4,8,11,12,13,14,16,17,19,21,24,25
3274,5,1,2,6,8,9,11,13,15,16,18,22,23,24,25
3274,6,2,5,6,8,9,10,11,13,14,17,18,19,20,25
3274,7,1,2,4,7,10,12,16,18,20,21,22,23,24,25
3275,1,2,3,7,8,9,11,16,17,19,20,21,22,23,25
3275,2,2,3,6,8,10,12,13,14,15,16,18,19,20,25
3275,3,2,5,6,7,9,11,12,13,16,18,21,22,23,24
3275,4,1,4,5,7,8,9,11,17,18,20,22,23,24,25
3275,5,1,3,4,5,6,10,11,12,13,14,18,20,22,25
3275,6,1,2,4,5,8,10,11,15,16,18,20,22,23,25
3275,7,1,2,3,4,5,8,9,12,16,20,21,22,23,24
3276,1,1,3,4,6,8,9,10,11,12,17,18,20,22,25
3276,2,1,2,4,6,7,8,12,14,18,19,21,22,24,25
3276,3,2,3,4,6,7,8,11,12,13,17,18,23,24,25
3276,4,2,3,7,8,10,12,13,14,18,19,20,23,24,25
3276,5,2,3,6,10,11,13,14,17,18,20,21,22,24,25
3276,6,2,3,4,6,7,8,9,11,12,14,19,23,24,25
3276,7,2,4,5,7,9,10,12,16,19,20,21,22,23,25
3277,1,1,3,4,6,7,11,13,14,15,16,19,22,24,25
3277,2,3,5,9,13,14,15,16,17,18,19,21,22,23,24
3277,3,2,3,4,5,8,10,11,12,16,17,18,20,21,24
3277,4,2,3,4,5,6,8,11,12,15,17,18,19,22,24
3277,5,1,4,5,6,9,12,14,15,16,17,19,20,21,22
3277,6,1,4,5,7,10,11,12,13,15,16,18,19,20,22
3277,7,1,2,3,4,6,7,8,9,10,12,13,15,16,19
3278,1,2,4,5,6,8,9,10,12,14,15,20,21,22,23
3278,2,1,3,4,6,7,9,12,17,19,20,21,22,24,25
3278,3,1,2,5,6,7,9,10,14,18,19,20,22,24,25
3278,4,2,4,5,6,7,8,10,11,15,17,20,23,24,25
3278,5,1,2,3,5,7,9,11,14,16,20,22,23,24,25
3278,6,1,2,3,5,6,7,8,11,14,19,20,21,22,25
3278,7,1,2,5,6,11,12,16,17,18,20,21,23,24,25
3279,1,1,4,5,8,9,11,12,14,15,21,22,23,24,25
3279,2,1,2,6,7,8,12,14,15,18,19,20,21,24,25
3279,3,2,4,7,8,11,12,14,16,17,19,20,21,22,24
3279,4,1,2,3,4,6,7,9,10,13,14,15,17,21,22
3279,5,1,2,3,5,6,8,13,17,18,21,22,23,24,25
3279,6,1,2,5,6,8,11,13,14,16,18,19,20,23,24
3279,7,2,4,6,8,11,12,15,17,19,20,21,23,24,25
3280,1,1,2,5,6,9,10,11,13,14,18,20,22,24,25
3280,2,2,4,5,6,7,11,12,14,15,18,19,21,22,23
3280,3,1,3,4,5,7,9,10,11,13,14,20,21,24,25
3280,4,3,4,5,6,8,9,10,12,15,16,19,22,23,24
3280,5,2,3,4,6,7,10,11,14,16,18,19,22,24,25
3280,6,3,5,7,10,11,12,13,15,18,19,20,21,22,25
3280,7,2,7,9,10,11,12,13,14,15,17,18,19,21,23
3281,1,5,6,8,9,10,12,13,14,18,20,21,23,24,25
3281,2,2,4,7,9,12,14,15,16,17,18,19,21,22,25
3281,3,5,6,8,10,11,12,13,14,16,18,19,20,23,25
3281,4,1,2,4,7,8,10,12,13,14,15,17,18,23,25
3281,5,2,5,6,8,11,12,13,15,16,19,21,23,24,25
3281,6,1,3,8,9,10,13,14,15,20,21,22,23,24,25
3281,7,1,3,4,5,9,10,12,13,14,16,17,18,22,23
3282,1,1,2,3,4,7,9,11,13,15,16,17,19,21,22
3282,2,1,3,4,8,10,11,13,17,18,19,21,22,23,25
3282,3,4,5,6,7,8,9,15,16,17,18,19,21,23,25
3282,4,1,2,3,5,6,7,8,11,16,17,19,20,21,25
3282,5,3,5,7,8,9,11,13,15,18,19,20,21,23,24
3282,6,1,3,4,8,9,10,12,15,16,18,22,23,24,25
3282,7,2,4,5,7,9,10,13,14,15,16,17,18,20,21
3283,1,1,2,3,4,7,8,12,13,16,17,19,21,23,25
3283,2,1,2,4,5,12,13,14,16,18,21,22,23,24,25
3283,3,2,3,4,5,6,8,10,12,13,14,17,22,23,24
3283,4,4,5,6,10,12,13,16,17,18,19,20,21,22,25
3283,5,1,5,7,9,11,13,14,16,17,19,20,21,22,25
3283,6,1,2,5,6,8,9,10,13,16,17,21,23,24,25
3283,7,1,2,3,5,8,9,10,11,12,15,16,18,19,21
3284,1,2,3,4,5,6,7,8,9,10,11,18,19,20,23
3284,2,2,4,5,7,10,11,12,14,15,16,17,19,20,25
3284,3,2,4,6,7,8,10,13,14,15,17,18,21,22,24
3284,4,2,3,4,6,8,9,10,11,12,17,18,19,22,24
3284,5,1,2,4,7,8,12,13,14,15,16,21,22,23,24
3284,6,1,2,5,7,8,9,10,13,14,18,20,22,23,25
3284,7,1,6,8,11,13,15,16,17,19,20,22,23,24,25
3285,1,1,4,6,9,10,11,14,15,17,19,20,21,23,24
3285,2,2,4,5,6,7,8,9,10,12,13,16,18,23,24
3285,3,4,6,8,13,15,16,17,18,19,20,22,23,24,25
3285,4,2,3,4,8,9,10,11,14,16,17,20,22,24,25
3285,5,1,4,5,6,7,8,9,12,18,21,22,23,24,25
3285,6,4,5,6,7,9,10,12,16,17,20,22,23,24,25
3285,7,1,2,3,6,7,11,12,14,15,18,20,22,23,24
